image_path,skin_tone,foundation,foundation_layer,foundation_ml,lipstick,lipstick_layer,blush,blush_layers,mascara_shade,mascara_layer,concealer,concealer_layer,longevity,risk_level,cost_of_makeup,mode,occasion,weather_type,instruction,luminance_bucket
images/63.jpg,Medium,sand,2,4.0,red,1,soft_blush,2,black,1,natural_concealer,1,12 hrs,medium,1676,occasion,office,normal,"Apply 2 layers (~4.0 ml) of sand foundation, 1 layer of red, 2 layers of soft_blush blush.",0
images/189.jpg,Medium,beige,1,3.0,coral,2,soft_blush,1,black,3,natural_concealer,2,10 hrs,low,2646,simple,normal,normal,"Apply 1 layers (~3.0 ml) of beige foundation, 2 layer of coral, 1 layers of soft_blush blush.",0
images/77.jpg,Medium,sand,2,4.0,red,3,soft_blush,2,black,2,natural_concealer,1,10 hrs,low,2110,simple,normal,normal,"Apply 2 layers (~4.0 ml) of sand foundation, 3 layer of red, 2 layers of soft_blush blush.",0
images/638.jpg,Dark,espresso,2,4.0,plum,1,soft_blush,1,black,2,natural_concealer,1,6 hrs,low,1172,weather,normal,humid,"Apply 2 layers (~4.0 ml) of espresso foundation, 1 layer of plum, 1 layers of soft_blush blush.",0
images/604.jpg,Dark,mocha,2,3.0,wine,3,soft_blush,1,black,3,natural_concealer,1,8 hrs,high,2660,weather,normal,humid,"Apply 2 layers (~3.0 ml) of mocha foundation, 3 layer of wine, 1 layers of soft_blush blush.",0
images/162.jpg,Dark,mocha,3,5.0,wine,2,soft_blush,1,black,1,natural_concealer,2,8 hrs,high,2995,occasion,daily,normal,"Apply 3 layers (~5.0 ml) of mocha foundation, 2 layer of wine, 1 layers of soft_blush blush.",0
images/176.jpg,Medium,sand,3,2.0,red,2,soft_blush,2,black,1,natural_concealer,2,8 hrs,medium,1644,weather,normal,humid,"Apply 3 layers (~2.0 ml) of sand foundation, 2 layer of red, 2 layers of soft_blush blush.",0
images/88.jpg,Medium,beige,1,4.0,red,3,soft_blush,2,black,2,natural_concealer,1,12 hrs,high,2560,simple,normal,normal,"Apply 1 layers (~4.0 ml) of beige foundation, 3 layer of red, 2 layers of soft_blush blush.",0
images/610.jpg,Medium,sand,3,3.0,bold_coral,3,soft_blush,2,black,3,natural_concealer,2,10 hrs,high,2013,occasion,party,normal,"Apply 3 layers (~3.0 ml) of sand foundation, 3 layer of bold_coral, 2 layers of soft_blush blush.",0
images/348.jpg,Medium,matte_beige,1,3.0,nude,3,soft_blush,1,black,3,natural_concealer,2,6 hrs,low,1396,weather,normal,hot,"Apply 1 layers (~3.0 ml) of matte_beige foundation, 3 layer of nude, 1 layers of soft_blush blush.",0
images/360.jpg,Medium,matte_warm_beige,1,3.0,nude,2,soft_blush,2,black,3,natural_concealer,2,8 hrs,low,2799,weather,normal,hot,"Apply 1 layers (~3.0 ml) of matte_warm_beige foundation, 2 layer of nude, 2 layers of soft_blush blush.",0
images/406.jpg,Medium,sand,1,4.0,coral,3,soft_blush,2,black,3,natural_concealer,1,12 hrs,medium,1729,simple,normal,normal,"Apply 1 layers (~4.0 ml) of sand foundation, 3 layer of coral, 2 layers of soft_blush blush.",0
images/412.jpg,Medium,beige,3,2.0,coral,2,soft_blush,1,black,3,natural_concealer,1,8 hrs,low,1337,simple,normal,normal,"Apply 3 layers (~2.0 ml) of beige foundation, 2 layer of coral, 1 layers of soft_blush blush.",0
images/374.jpg,Medium,matte_sand,2,2.0,nude,1,soft_blush,1,black,1,natural_concealer,1,8 hrs,medium,1536,weather,normal,hot,"Apply 2 layers (~2.0 ml) of matte_sand foundation, 1 layer of nude, 1 layers of soft_blush blush.",0
images/599.jpg,Medium,sand,2,5.0,nude,2,soft_blush,2,black,2,natural_concealer,2,10 hrs,high,2392,simple,normal,normal,"Apply 2 layers (~5.0 ml) of sand foundation, 2 layer of nude, 2 layers of soft_blush blush.",0
images/228.jpg,Medium,beige,3,4.0,nude,3,soft_blush,1,black,3,natural_concealer,2,12 hrs,low,2378,weather,normal,cold,"Apply 3 layers (~4.0 ml) of beige foundation, 3 layer of nude, 1 layers of soft_blush blush.",0
images/214.jpg,Medium,sand,1,3.0,coral,3,soft_blush,1,black,2,natural_concealer,2,6 hrs,low,2249,occasion,bridal,normal,"Apply 1 layers (~3.0 ml) of sand foundation, 3 layer of coral, 1 layers of soft_blush blush.",0
images/572.jpg,Medium,sand,2,4.0,nude,1,soft_blush,1,black,1,natural_concealer,1,6 hrs,medium,1279,simple,normal,normal,"Apply 2 layers (~4.0 ml) of sand foundation, 1 layer of nude, 1 layers of soft_blush blush.",0
images/566.jpg,Medium,warm_beige,2,2.0,nude,2,soft_blush,1,black,3,natural_concealer,1,12 hrs,medium,546,weather,normal,humid,"Apply 2 layers (~2.0 ml) of warm_beige foundation, 2 layer of nude, 1 layers of soft_blush blush.",0
images/200.jpg,Medium,sand,1,5.0,red,2,soft_blush,1,black,1,natural_concealer,1,6 hrs,low,2391,simple,normal,normal,"Apply 1 layers (~5.0 ml) of sand foundation, 2 layer of red, 1 layers of soft_blush blush.",0
images/567.jpg,Medium,beige,1,3.0,coral,3,soft_blush,2,black,1,natural_concealer,1,10 hrs,low,1040,simple,normal,normal,"Apply 1 layers (~3.0 ml) of beige foundation, 3 layer of coral, 2 layers of soft_blush blush.",0
images/201.jpg,Medium,warm_beige,1,3.0,bold_red,2,soft_blush,1,black,1,natural_concealer,2,10 hrs,medium,1824,occasion,party,normal,"Apply 1 layers (~3.0 ml) of warm_beige foundation, 2 layer of bold_red, 1 layers of soft_blush blush.",0
images/215.jpg,Medium,matte_sand,1,3.0,nude,1,soft_blush,1,black,1,natural_concealer,1,10 hrs,medium,1043,weather,normal,hot,"Apply 1 layers (~3.0 ml) of matte_sand foundation, 1 layer of nude, 1 layers of soft_blush blush.",0
images/573.jpg,Dark,espresso,3,4.0,plum,3,soft_blush,1,black,1,natural_concealer,1,12 hrs,low,2940,simple,normal,normal,"Apply 3 layers (~4.0 ml) of espresso foundation, 3 layer of plum, 1 layers of soft_blush blush.",0
images/229.jpg,Medium,sand,3,2.0,coral,2,soft_blush,2,black,1,natural_concealer,1,8 hrs,low,1601,occasion,daily,normal,"Apply 3 layers (~2.0 ml) of sand foundation, 2 layer of coral, 2 layers of soft_blush blush.",0
images/598.jpg,Medium,beige,3,4.0,red,2,soft_blush,1,black,1,natural_concealer,2,12 hrs,medium,1902,occasion,office,normal,"Apply 3 layers (~4.0 ml) of beige foundation, 2 layer of red, 1 layers of soft_blush blush.",0
images/413.jpg,Medium,beige,1,3.0,nude,1,soft_blush,2,black,3,natural_concealer,1,8 hrs,low,691,occasion,bridal,normal,"Apply 1 layers (~3.0 ml) of beige foundation, 1 layer of nude, 2 layers of soft_blush blush.",0
images/375.jpg,Medium,warm_beige,1,5.0,bold_red,3,soft_blush,1,black,3,natural_concealer,2,12 hrs,low,2382,occasion,party,normal,"Apply 1 layers (~5.0 ml) of warm_beige foundation, 3 layer of bold_red, 1 layers of soft_blush blush.",0
images/361.jpg,Medium,beige,1,2.0,red,3,soft_blush,2,black,3,natural_concealer,1,12 hrs,medium,1501,simple,normal,normal,"Apply 1 layers (~2.0 ml) of beige foundation, 3 layer of red, 2 layers of soft_blush blush.",0
images/407.jpg,Medium,sand,3,5.0,nude,3,soft_blush,2,black,3,natural_concealer,1,8 hrs,low,2326,occasion,office,normal,"Apply 3 layers (~5.0 ml) of sand foundation, 3 layer of nude, 2 layers of soft_blush blush.",0
images/349.jpg,Medium,beige,2,4.0,nude,1,soft_blush,1,black,3,natural_concealer,1,12 hrs,medium,2750,weather,normal,humid,"Apply 2 layers (~4.0 ml) of beige foundation, 1 layer of nude, 1 layers of soft_blush blush.",0
images/177.jpg,Dark,mocha,2,5.0,dark red,2,soft_blush,2,black,3,natural_concealer,1,6 hrs,medium,2381,simple,normal,normal,"Apply 2 layers (~5.0 ml) of mocha foundation, 2 layer of dark red, 2 layers of soft_blush blush.",0
images/611.jpg,Dark,mocha,2,4.0,dark red,1,soft_blush,1,black,2,natural_concealer,1,12 hrs,medium,576,simple,normal,normal,"Apply 2 layers (~4.0 ml) of mocha foundation, 1 layer of dark red, 1 layers of soft_blush blush.",0
images/89.jpg,Medium,beige,1,5.0,red,3,soft_blush,1,black,2,natural_concealer,2,6 hrs,high,1575,occasion,bridal,normal,"Apply 1 layers (~5.0 ml) of beige foundation, 3 layer of red, 1 layers of soft_blush blush.",0
images/605.jpg,Medium,beige,2,5.0,nude,1,soft_blush,2,black,2,natural_concealer,1,6 hrs,high,1410,occasion,bridal,normal,"Apply 2 layers (~5.0 ml) of beige foundation, 1 layer of nude, 2 layers of soft_blush blush.",0
images/163.jpg,Medium,warm_beige,2,2.0,nude,2,soft_blush,2,black,1,natural_concealer,2,12 hrs,high,2276,weather,normal,cold,"Apply 2 layers (~2.0 ml) of warm_beige foundation, 2 layer of nude, 2 layers of soft_blush blush.",0
images/639.jpg,Dark,espresso,3,4.0,dark red,1,soft_blush,2,black,3,natural_concealer,1,6 hrs,high,1550,occasion,bridal,normal,"Apply 3 layers (~4.0 ml) of espresso foundation, 1 layer of dark red, 2 layers of soft_blush blush.",0
images/188.jpg,Medium,beige,2,4.0,red,1,soft_blush,2,black,1,natural_concealer,1,8 hrs,high,1964,occasion,daily,normal,"Apply 2 layers (~4.0 ml) of beige foundation, 1 layer of red, 2 layers of soft_blush blush.",0
images/76.jpg,Medium,sand,2,4.0,red,2,soft_blush,2,black,1,natural_concealer,1,12 hrs,medium,1416,simple,normal,normal,"Apply 2 layers (~4.0 ml) of sand foundation, 2 layer of red, 2 layers of soft_blush blush.",0
images/62.jpg,Dark,caramel,3,4.0,plum,2,soft_blush,2,black,2,natural_concealer,2,8 hrs,low,549,occasion,bridal,normal,"Apply 3 layers (~4.0 ml) of caramel foundation, 2 layer of plum, 2 layers of soft_blush blush.",0
images/74.jpg,Medium,beige,1,4.0,red,2,soft_blush,2,black,2,natural_concealer,2,8 hrs,medium,1083,simple,normal,normal,"Apply 1 layers (~4.0 ml) of beige foundation, 2 layer of red, 2 layers of soft_blush blush.",0
images/60.jpg,Medium,sand,2,5.0,nude,3,soft_blush,1,black,3,natural_concealer,2,12 hrs,low,2157,occasion,daily,normal,"Apply 2 layers (~5.0 ml) of sand foundation, 3 layer of nude, 1 layers of soft_blush blush.",0
images/48.jpg,Dark,espresso,2,5.0,dark red,2,soft_blush,1,black,2,natural_concealer,1,12 hrs,high,2288,occasion,daily,normal,"Apply 2 layers (~5.0 ml) of espresso foundation, 2 layer of dark red, 1 layers of soft_blush blush.",0
images/149.jpg,Medium,beige,3,3.0,red,1,soft_blush,1,black,2,natural_concealer,2,12 hrs,low,1783,occasion,office,normal,"Apply 3 layers (~3.0 ml) of beige foundation, 1 layer of red, 1 layers of soft_blush blush.",0
images/613.jpg,Medium,warm_beige,1,3.0,bold_red,1,soft_blush,1,black,1,natural_concealer,2,8 hrs,high,527,occasion,party,normal,"Apply 1 layers (~3.0 ml) of warm_beige foundation, 1 layer of bold_red, 1 layers of soft_blush blush.",0
images/175.jpg,Dark,caramel,3,5.0,plum,2,soft_blush,2,black,3,natural_concealer,2,12 hrs,high,2815,weather,normal,humid,"Apply 3 layers (~5.0 ml) of caramel foundation, 2 layer of plum, 2 layers of soft_blush blush.",0
images/161.jpg,Medium,warm_beige,1,3.0,coral,2,soft_blush,2,black,1,natural_concealer,2,12 hrs,low,1347,simple,normal,normal,"Apply 1 layers (~3.0 ml) of warm_beige foundation, 2 layer of coral, 2 layers of soft_blush blush.",0
images/607.jpg,Medium,sand,3,5.0,coral,3,soft_blush,2,black,3,natural_concealer,1,12 hrs,medium,622,simple,normal,normal,"Apply 3 layers (~5.0 ml) of sand foundation, 3 layer of coral, 2 layers of soft_blush blush.",0
images/388.jpg,Medium,sand,1,5.0,nude,1,soft_blush,2,black,3,natural_concealer,1,12 hrs,low,2168,occasion,bridal,normal,"Apply 1 layers (~5.0 ml) of sand foundation, 1 layer of nude, 2 layers of soft_blush blush.",0
images/439.jpg,Medium,beige,1,4.0,nude,1,soft_blush,1,black,2,natural_concealer,2,6 hrs,low,1807,simple,normal,normal,"Apply 1 layers (~4.0 ml) of beige foundation, 1 layer of nude, 1 layers of soft_blush blush.",0
images/377.jpg,Dark,matte_caramel,3,2.0,nude,1,soft_blush,1,black,2,natural_concealer,1,6 hrs,high,2122,weather,normal,hot,"Apply 3 layers (~2.0 ml) of matte_caramel foundation, 1 layer of nude, 1 layers of soft_blush blush.",0
images/411.jpg,Medium,warm_beige,2,5.0,red,1,soft_blush,2,black,3,natural_concealer,1,12 hrs,low,1954,simple,normal,normal,"Apply 2 layers (~5.0 ml) of warm_beige foundation, 1 layer of red, 2 layers of soft_blush blush.",0
images/405.jpg,Medium,sand,2,2.0,coral,2,soft_blush,2,black,2,natural_concealer,2,12 hrs,medium,1396,simple,normal,normal,"Apply 2 layers (~2.0 ml) of sand foundation, 2 layer of coral, 2 layers of soft_blush blush.",0
images/363.jpg,Medium,beige,2,2.0,nude,1,soft_blush,1,black,1,natural_concealer,2,6 hrs,low,1095,weather,normal,humid,"Apply 2 layers (~2.0 ml) of beige foundation, 1 layer of nude, 1 layers of soft_blush blush.",0
images/559.jpg,Medium,matte_warm_beige,3,2.0,nude,1,soft_blush,1,black,1,natural_concealer,1,12 hrs,medium,1112,weather,normal,hot,"Apply 3 layers (~2.0 ml) of matte_warm_beige foundation, 1 layer of nude, 1 layers of soft_blush blush.",0
images/203.jpg,Medium,beige,3,4.0,nude,2,soft_blush,2,black,1,natural_concealer,1,10 hrs,high,2464,simple,normal,normal,"Apply 3 layers (~4.0 ml) of beige foundation, 2 layer of nude, 2 layers of soft_blush blush.",0
images/565.jpg,Medium,warm_beige,3,5.0,red,1,soft_blush,1,black,2,natural_concealer,1,8 hrs,high,738,weather,normal,cold,"Apply 3 layers (~5.0 ml) of warm_beige foundation, 1 layer of red, 1 layers of soft_blush blush.",0
images/571.jpg,Medium,beige,1,2.0,red,3,soft_blush,1,black,2,natural_concealer,2,12 hrs,medium,2861,weather,normal,cold,"Apply 1 layers (~2.0 ml) of beige foundation, 3 layer of red, 1 layers of soft_blush blush.",0
images/217.jpg,Medium,warm_beige,2,5.0,coral,2,soft_blush,2,black,2,natural_concealer,2,8 hrs,medium,916,simple,normal,normal,"Apply 2 layers (~5.0 ml) of warm_beige foundation, 2 layer of coral, 2 layers of soft_blush blush.",0
images/570.jpg,Medium,sand,2,3.0,red,2,soft_blush,1,black,3,natural_concealer,2,10 hrs,low,766,simple,normal,normal,"Apply 2 layers (~3.0 ml) of sand foundation, 2 layer of red, 1 layers of soft_blush blush.",0
images/216.jpg,Dark,mocha,3,4.0,wine,1,soft_blush,1,black,1,natural_concealer,1,12 hrs,low,2875,simple,normal,normal,"Apply 3 layers (~4.0 ml) of mocha foundation, 1 layer of wine, 1 layers of soft_blush blush.",0
images/202.jpg,Medium,warm_beige,3,5.0,coral,3,soft_blush,1,black,1,natural_concealer,2,6 hrs,high,2143,weather,normal,cold,"Apply 3 layers (~5.0 ml) of warm_beige foundation, 3 layer of coral, 1 layers of soft_blush blush.",0
images/564.jpg,Medium,warm_beige,2,4.0,nude,2,soft_blush,2,black,2,natural_concealer,2,8 hrs,medium,775,simple,normal,normal,"Apply 2 layers (~4.0 ml) of warm_beige foundation, 2 layer of nude, 2 layers of soft_blush blush.",0
images/558.jpg,Medium,warm_beige,3,2.0,nude,2,soft_blush,2,black,3,natural_concealer,2,12 hrs,medium,1955,occasion,bridal,normal,"Apply 3 layers (~2.0 ml) of warm_beige foundation, 2 layer of nude, 2 layers of soft_blush blush.",0
images/404.jpg,Medium,matte_warm_beige,2,3.0,nude,1,soft_blush,2,black,3,natural_concealer,1,12 hrs,low,970,weather,normal,hot,"Apply 2 layers (~3.0 ml) of matte_warm_beige foundation, 1 layer of nude, 2 layers of soft_blush blush.",0
images/362.jpg,Medium,sand,3,4.0,red,3,soft_blush,2,black,3,natural_concealer,2,8 hrs,low,1597,occasion,bridal,normal,"Apply 3 layers (~4.0 ml) of sand foundation, 3 layer of red, 2 layers of soft_blush blush.",0
images/376.jpg,Medium,warm_beige,3,3.0,nude,3,soft_blush,2,black,1,natural_concealer,2,10 hrs,low,1397,simple,normal,normal,"Apply 3 layers (~3.0 ml) of warm_beige foundation, 3 layer of nude, 2 layers of soft_blush blush.",0
images/410.jpg,Medium,sand,1,5.0,bold_red,1,soft_blush,2,black,2,natural_concealer,2,10 hrs,medium,2413,occasion,party,normal,"Apply 1 layers (~5.0 ml) of sand foundation, 1 layer of bold_red, 2 layers of soft_blush blush.",0
images/438.jpg,Medium,beige,2,3.0,red,2,soft_blush,2,black,1,natural_concealer,2,10 hrs,high,2625,simple,normal,normal,"Apply 2 layers (~3.0 ml) of beige foundation, 2 layer of red, 2 layers of soft_blush blush.",0
images/389.jpg,Medium,matte_warm_beige,1,4.0,nude,3,soft_blush,2,black,3,natural_concealer,1,12 hrs,high,1932,weather,normal,hot,"Apply 1 layers (~4.0 ml) of matte_warm_beige foundation, 3 layer of nude, 2 layers of soft_blush blush.",0
images/160.jpg,Medium,matte_warm_beige,2,4.0,nude,1,soft_blush,1,black,1,natural_concealer,2,8 hrs,high,1424,weather,normal,hot,"Apply 2 layers (~4.0 ml) of matte_warm_beige foundation, 1 layer of nude, 1 layers of soft_blush blush.",0
images/606.jpg,Medium,sand,1,3.0,bold_red,2,soft_blush,1,black,2,natural_concealer,1,10 hrs,low,2949,occasion,party,normal,"Apply 1 layers (~3.0 ml) of sand foundation, 2 layer of bold_red, 1 layers of soft_blush blush.",0
images/612.jpg,Medium,sand,1,5.0,coral,3,soft_blush,1,black,2,natural_concealer,2,10 hrs,low,1322,occasion,daily,normal,"Apply 1 layers (~5.0 ml) of sand foundation, 3 layer of coral, 1 layers of soft_blush blush.",0
images/174.jpg,Medium,sand,2,5.0,red,3,soft_blush,1,black,2,natural_concealer,1,10 hrs,high,2610,weather,normal,humid,"Apply 2 layers (~5.0 ml) of sand foundation, 3 layer of red, 1 layers of soft_blush blush.",0
images/148.jpg,Medium,warm_beige,3,3.0,red,3,soft_blush,2,black,1,natural_concealer,1,8 hrs,low,1233,weather,normal,cold,"Apply 3 layers (~3.0 ml) of warm_beige foundation, 3 layer of red, 2 layers of soft_blush blush.",0
images/49.jpg,Medium,beige,3,2.0,red,3,soft_blush,1,black,3,natural_concealer,2,12 hrs,medium,1101,occasion,office,normal,"Apply 3 layers (~2.0 ml) of beige foundation, 3 layer of red, 1 layers of soft_blush blush.",0
images/61.jpg,Medium,sand,3,3.0,bold_red,2,soft_blush,2,black,2,natural_concealer,1,8 hrs,high,2151,occasion,party,normal,"Apply 3 layers (~3.0 ml) of sand foundation, 2 layer of bold_red, 2 layers of soft_blush blush.",0
images/75.jpg,Medium,sand,3,5.0,coral,2,soft_blush,1,black,1,natural_concealer,1,6 hrs,high,2780,weather,normal,humid,"Apply 3 layers (~5.0 ml) of sand foundation, 2 layer of coral, 1 layers of soft_blush blush.",0
images/59.jpg,Medium,beige,1,4.0,coral,1,soft_blush,2,black,2,natural_concealer,2,12 hrs,medium,2156,weather,normal,cold,"Apply 1 layers (~4.0 ml) of beige foundation, 1 layer of coral, 2 layers of soft_blush blush.",0
images/71.jpg,Medium,sand,3,3.0,nude,2,soft_blush,2,black,3,natural_concealer,2,6 hrs,medium,1651,weather,normal,cold,"Apply 3 layers (~3.0 ml) of sand foundation, 2 layer of nude, 2 layers of soft_blush blush.",0
images/65.jpg,Medium,beige,1,4.0,red,2,soft_blush,2,black,3,natural_concealer,1,12 hrs,low,968,simple,normal,normal,"Apply 1 layers (~4.0 ml) of beige foundation, 2 layer of red, 2 layers of soft_blush blush.",0
images/170.jpg,Medium,warm_beige,1,5.0,coral,2,soft_blush,2,black,1,natural_concealer,2,8 hrs,low,1949,occasion,daily,normal,"Apply 1 layers (~5.0 ml) of warm_beige foundation, 2 layer of coral, 2 layers of soft_blush blush.",0
images/616.jpg,Dark,espresso,2,5.0,dark red,3,soft_blush,2,black,1,natural_concealer,2,6 hrs,low,959,occasion,office,normal,"Apply 2 layers (~5.0 ml) of espresso foundation, 3 layer of dark red, 2 layers of soft_blush blush.",0
images/602.jpg,Dark,mocha,1,2.0,wine,3,soft_blush,2,black,2,natural_concealer,2,6 hrs,medium,2209,simple,normal,normal,"Apply 1 layers (~2.0 ml) of mocha foundation, 3 layer of wine, 2 layers of soft_blush blush.",0
images/164.jpg,Medium,sand,2,5.0,coral,1,soft_blush,2,black,1,natural_concealer,2,6 hrs,low,1944,weather,normal,cold,"Apply 2 layers (~5.0 ml) of sand foundation, 1 layer of coral, 2 layers of soft_blush blush.",0
images/158.jpg,Medium,sand,1,4.0,coral,1,soft_blush,1,black,2,natural_concealer,2,12 hrs,high,1025,simple,normal,normal,"Apply 1 layers (~4.0 ml) of sand foundation, 1 layer of coral, 1 layers of soft_blush blush.",0
images/399.jpg,Medium,warm_beige,1,3.0,red,1,soft_blush,2,black,1,natural_concealer,2,6 hrs,low,1610,simple,normal,normal,"Apply 1 layers (~3.0 ml) of warm_beige foundation, 1 layer of red, 2 layers of soft_blush blush.",0
images/414.jpg,Medium,matte_sand,3,3.0,nude,2,soft_blush,2,black,1,natural_concealer,2,12 hrs,medium,1379,weather,normal,hot,"Apply 3 layers (~3.0 ml) of matte_sand foundation, 2 layer of nude, 2 layers of soft_blush blush.",0
images/372.jpg,Dark,caramel,1,3.0,wine,1,soft_blush,1,black,1,natural_concealer,2,12 hrs,medium,2092,weather,normal,humid,"Apply 1 layers (~3.0 ml) of caramel foundation, 1 layer of wine, 1 layers of soft_blush blush.",0
images/366.jpg,Dark,mocha,2,3.0,plum,3,soft_blush,2,black,2,natural_concealer,1,6 hrs,medium,1545,weather,normal,humid,"Apply 2 layers (~3.0 ml) of mocha foundation, 3 layer of plum, 2 layers of soft_blush blush.",0
images/400.jpg,Dark,mocha,2,2.0,wine,3,soft_blush,1,black,1,natural_concealer,2,12 hrs,high,2759,weather,normal,cold,"Apply 2 layers (~2.0 ml) of mocha foundation, 3 layer of wine, 1 layers of soft_blush blush.",0
images/428.jpg,Medium,warm_beige,3,3.0,red,2,soft_blush,2,black,2,natural_concealer,2,12 hrs,low,2309,weather,normal,humid,"Apply 3 layers (~3.0 ml) of warm_beige foundation, 2 layer of red, 2 layers of soft_blush blush.",0
images/560.jpg,Medium,warm_beige,1,4.0,red,3,soft_blush,2,black,1,natural_concealer,1,6 hrs,high,2153,simple,normal,normal,"Apply 1 layers (~4.0 ml) of warm_beige foundation, 3 layer of red, 2 layers of soft_blush blush.",0
images/206.jpg,Medium,matte_warm_beige,2,2.0,nude,2,soft_blush,2,black,3,natural_concealer,2,10 hrs,medium,2134,weather,normal,hot,"Apply 2 layers (~2.0 ml) of matte_warm_beige foundation, 2 layer of nude, 2 layers of soft_blush blush.",0
images/212.jpg,Medium,warm_beige,3,2.0,coral,1,soft_blush,2,black,2,natural_concealer,1,6 hrs,high,2758,weather,normal,humid,"Apply 3 layers (~2.0 ml) of warm_beige foundation, 1 layer of coral, 2 layers of soft_blush blush.",0
images/574.jpg,Medium,sand,3,3.0,coral,2,soft_blush,1,black,3,natural_concealer,1,6 hrs,high,1631,weather,normal,humid,"Apply 3 layers (~3.0 ml) of sand foundation, 2 layer of coral, 1 layers of soft_blush blush.",0
images/548.jpg,Medium,sand,2,3.0,nude,3,soft_blush,1,black,3,natural_concealer,2,12 hrs,high,1393,weather,normal,humid,"Apply 2 layers (~3.0 ml) of sand foundation, 3 layer of nude, 1 layers of soft_blush blush.",0
images/549.jpg,Medium,sand,1,3.0,bold_nude,1,soft_blush,1,black,3,natural_concealer,1,6 hrs,medium,1875,occasion,party,normal,"Apply 1 layers (~3.0 ml) of sand foundation, 1 layer of bold_nude, 1 layers of soft_blush blush.",0
images/213.jpg,Medium,beige,1,4.0,nude,1,soft_blush,1,black,1,natural_concealer,1,8 hrs,medium,2608,weather,normal,cold,"Apply 1 layers (~4.0 ml) of beige foundation, 1 layer of nude, 1 layers of soft_blush blush.",0
images/575.jpg,Medium,sand,3,5.0,coral,1,soft_blush,1,black,2,natural_concealer,1,8 hrs,low,752,simple,normal,normal,"Apply 3 layers (~5.0 ml) of sand foundation, 1 layer of coral, 1 layers of soft_blush blush.",0
images/561.jpg,Medium,beige,2,4.0,nude,1,soft_blush,1,black,2,natural_concealer,2,10 hrs,low,2041,simple,normal,normal,"Apply 2 layers (~4.0 ml) of beige foundation, 1 layer of nude, 1 layers of soft_blush blush.",0
images/207.jpg,Medium,beige,2,3.0,coral,3,soft_blush,2,black,1,natural_concealer,2,12 hrs,low,1390,simple,normal,normal,"Apply 2 layers (~3.0 ml) of beige foundation, 3 layer of coral, 2 layers of soft_blush blush.",0
images/429.jpg,Medium,sand,2,3.0,coral,3,soft_blush,1,black,1,natural_concealer,1,8 hrs,high,2708,simple,normal,normal,"Apply 2 layers (~3.0 ml) of sand foundation, 3 layer of coral, 1 layers of soft_blush blush.",0
images/367.jpg,Medium,warm_beige,1,3.0,red,1,soft_blush,1,black,3,natural_concealer,1,10 hrs,low,2893,simple,normal,normal,"Apply 1 layers (~3.0 ml) of warm_beige foundation, 1 layer of red, 1 layers of soft_blush blush.",0
images/401.jpg,Medium,sand,1,5.0,red,2,soft_blush,2,black,1,natural_concealer,1,6 hrs,low,1361,simple,normal,normal,"Apply 1 layers (~5.0 ml) of sand foundation, 2 layer of red, 2 layers of soft_blush blush.",0
images/415.jpg,Medium,beige,2,2.0,red,1,soft_blush,1,black,3,natural_concealer,2,8 hrs,low,2825,occasion,daily,normal,"Apply 2 layers (~2.0 ml) of beige foundation, 1 layer of red, 1 layers of soft_blush blush.",0
images/373.jpg,Medium,warm_beige,3,3.0,red,2,soft_blush,2,black,3,natural_concealer,1,6 hrs,medium,1388,simple,normal,normal,"Apply 3 layers (~3.0 ml) of warm_beige foundation, 2 layer of red, 2 layers of soft_blush blush.",0
images/398.jpg,Medium,beige,3,3.0,coral,1,soft_blush,2,black,1,natural_concealer,2,8 hrs,low,2127,simple,normal,normal,"Apply 3 layers (~3.0 ml) of beige foundation, 1 layer of coral, 2 layers of soft_blush blush.",0
images/159.jpg,Medium,sand,2,4.0,coral,1,soft_blush,2,black,3,natural_concealer,1,12 hrs,medium,1624,simple,normal,normal,"Apply 2 layers (~4.0 ml) of sand foundation, 1 layer of coral, 2 layers of soft_blush blush.",0
images/603.jpg,Medium,matte_sand,2,4.0,nude,3,soft_blush,2,black,2,natural_concealer,2,10 hrs,medium,2816,weather,normal,hot,"Apply 2 layers (~4.0 ml) of matte_sand foundation, 3 layer of nude, 2 layers of soft_blush blush.",0
images/165.jpg,Medium,beige,1,2.0,red,3,soft_blush,1,black,1,natural_concealer,1,6 hrs,low,1313,simple,normal,normal,"Apply 1 layers (~2.0 ml) of beige foundation, 3 layer of red, 1 layers of soft_blush blush.",0
images/171.jpg,Dark,caramel,2,4.0,bold_wine,1,soft_blush,2,black,1,natural_concealer,2,8 hrs,low,1249,occasion,party,normal,"Apply 2 layers (~4.0 ml) of caramel foundation, 1 layer of bold_wine, 2 layers of soft_blush blush.",0
images/617.jpg,Medium,beige,3,5.0,coral,3,soft_blush,2,black,2,natural_concealer,1,8 hrs,low,2173,occasion,daily,normal,"Apply 3 layers (~5.0 ml) of beige foundation, 3 layer of coral, 2 layers of soft_blush blush.",0
images/64.jpg,Medium,sand,2,3.0,red,2,soft_blush,2,black,3,natural_concealer,2,12 hrs,medium,1882,simple,normal,normal,"Apply 2 layers (~3.0 ml) of sand foundation, 2 layer of red, 2 layers of soft_blush blush.",0
images/70.jpg,Medium,beige,3,3.0,coral,2,soft_blush,2,black,3,natural_concealer,2,6 hrs,medium,976,weather,normal,humid,"Apply 3 layers (~3.0 ml) of beige foundation, 2 layer of coral, 2 layers of soft_blush blush.",0
images/58.jpg,Dark,mocha,1,3.0,wine,2,soft_blush,1,black,3,natural_concealer,2,8 hrs,low,2155,occasion,daily,normal,"Apply 1 layers (~3.0 ml) of mocha foundation, 2 layer of wine, 1 layers of soft_blush blush.",0
images/8.jpg,Medium,beige,3,5.0,nude,1,soft_blush,2,black,1,natural_concealer,1,8 hrs,high,877,occasion,daily,normal,"Apply 3 layers (~5.0 ml) of beige foundation, 1 layer of nude, 2 layers of soft_blush blush.",0
images/198.jpg,Dark,caramel,3,3.0,wine,1,soft_blush,2,black,2,natural_concealer,2,6 hrs,low,2280,simple,normal,normal,"Apply 3 layers (~3.0 ml) of caramel foundation, 1 layer of wine, 2 layers of soft_blush blush.",0
images/66.jpg,Medium,warm_beige,3,5.0,nude,1,soft_blush,2,black,2,natural_concealer,1,10 hrs,low,2580,weather,normal,humid,"Apply 3 layers (~5.0 ml) of warm_beige foundation, 1 layer of nude, 2 layers of soft_blush blush.",0
images/72.jpg,Medium,warm_beige,3,4.0,coral,2,soft_blush,2,black,2,natural_concealer,1,10 hrs,high,1964,occasion,daily,normal,"Apply 3 layers (~4.0 ml) of warm_beige foundation, 2 layer of coral, 2 layers of soft_blush blush.",0
images/167.jpg,Fair,porcelain,3,2.0,peach,1,soft_blush,1,black,2,natural_concealer,2,12 hrs,high,2454,weather,normal,cold,"Apply 3 layers (~2.0 ml) of porcelain foundation, 1 layer of peach, 1 layers of soft_blush blush.",0
images/601.jpg,Medium,beige,2,4.0,nude,2,soft_blush,1,black,2,natural_concealer,1,8 hrs,medium,2085,occasion,daily,normal,"Apply 2 layers (~4.0 ml) of beige foundation, 2 layer of nude, 1 layers of soft_blush blush.",0
images/99.jpg,Medium,sand,2,4.0,nude,1,soft_blush,2,black,3,natural_concealer,1,6 hrs,high,923,simple,normal,normal,"Apply 2 layers (~4.0 ml) of sand foundation, 1 layer of nude, 2 layers of soft_blush blush.",0
images/615.jpg,Medium,matte_sand,3,3.0,nude,1,soft_blush,1,black,1,natural_concealer,1,8 hrs,high,1477,weather,normal,hot,"Apply 3 layers (~3.0 ml) of matte_sand foundation, 1 layer of nude, 1 layers of soft_blush blush.",0
images/173.jpg,Medium,beige,3,5.0,bold_nude,2,soft_blush,1,black,2,natural_concealer,2,6 hrs,low,1223,occasion,party,normal,"Apply 3 layers (~5.0 ml) of beige foundation, 2 layer of bold_nude, 1 layers of soft_blush blush.",0
images/629.jpg,Medium,beige,3,4.0,red,1,soft_blush,1,black,2,natural_concealer,1,10 hrs,medium,1435,occasion,bridal,normal,"Apply 3 layers (~4.0 ml) of beige foundation, 1 layer of red, 1 layers of soft_blush blush.",0
images/403.jpg,Medium,sand,1,5.0,nude,2,soft_blush,2,black,3,natural_concealer,2,8 hrs,low,2440,weather,normal,humid,"Apply 1 layers (~5.0 ml) of sand foundation, 2 layer of nude, 2 layers of soft_blush blush.",0
images/365.jpg,Medium,beige,3,4.0,coral,3,soft_blush,1,black,1,natural_concealer,2,12 hrs,high,2616,simple,normal,normal,"Apply 3 layers (~4.0 ml) of beige foundation, 3 layer of coral, 1 layers of soft_blush blush.",0
images/371.jpg,Medium,warm_beige,3,4.0,nude,1,soft_blush,1,black,3,natural_concealer,1,12 hrs,low,1013,simple,normal,normal,"Apply 3 layers (~4.0 ml) of warm_beige foundation, 1 layer of nude, 1 layers of soft_blush blush.",0
images/417.jpg,Medium,beige,3,5.0,coral,1,soft_blush,2,black,3,natural_concealer,1,6 hrs,medium,2328,simple,normal,normal,"Apply 3 layers (~5.0 ml) of beige foundation, 1 layer of coral, 2 layers of soft_blush blush.",0
images/359.jpg,Fair,ivory,2,4.0,bold_rose,2,soft_blush,2,black,2,natural_concealer,2,10 hrs,high,1698,occasion,party,normal,"Apply 2 layers (~4.0 ml) of ivory foundation, 2 layer of bold_rose, 2 layers of soft_blush blush.",0
images/588.jpg,Medium,beige,1,3.0,nude,1,soft_blush,1,black,2,natural_concealer,1,8 hrs,high,1530,simple,normal,normal,"Apply 1 layers (~3.0 ml) of beige foundation, 1 layer of nude, 1 layers of soft_blush blush.",0
images/577.jpg,Dark,caramel,3,5.0,dark red,3,soft_blush,2,black,3,natural_concealer,1,8 hrs,low,1156,simple,normal,normal,"Apply 3 layers (~5.0 ml) of caramel foundation, 3 layer of dark red, 2 layers of soft_blush blush.",0
images/211.jpg,Medium,warm_beige,3,2.0,coral,2,soft_blush,2,black,3,natural_concealer,1,8 hrs,high,1001,weather,normal,humid,"Apply 3 layers (~2.0 ml) of warm_beige foundation, 2 layer of coral, 2 layers of soft_blush blush.",0
images/205.jpg,Medium,beige,3,4.0,red,3,soft_blush,2,black,1,natural_concealer,2,12 hrs,high,1435,occasion,daily,normal,"Apply 3 layers (~4.0 ml) of beige foundation, 3 layer of red, 2 layers of soft_blush blush.",0
images/563.jpg,Dark,mocha,3,4.0,dark red,1,soft_blush,1,black,1,natural_concealer,1,8 hrs,low,1032,simple,normal,normal,"Apply 3 layers (~4.0 ml) of mocha foundation, 1 layer of dark red, 1 layers of soft_blush blush.",0
images/239.jpg,Medium,warm_beige,3,5.0,red,1,soft_blush,2,black,2,natural_concealer,1,6 hrs,medium,1085,simple,normal,normal,"Apply 3 layers (~5.0 ml) of warm_beige foundation, 1 layer of red, 2 layers of soft_blush blush.",0
images/238.jpg,Medium,beige,2,2.0,coral,1,soft_blush,1,black,2,natural_concealer,1,10 hrs,high,905,simple,normal,normal,"Apply 2 layers (~2.0 ml) of beige foundation, 1 layer of coral, 1 layers of soft_blush blush.",0
images/204.jpg,Medium,sand,1,3.0,red,2,soft_blush,1,black,1,natural_concealer,2,10 hrs,high,1046,simple,normal,normal,"Apply 1 layers (~3.0 ml) of sand foundation, 2 layer of red, 1 layers of soft_blush blush.",0
images/562.jpg,Medium,warm_beige,3,5.0,coral,3,soft_blush,1,black,1,natural_concealer,2,8 hrs,medium,758,weather,normal,cold,"Apply 3 layers (~5.0 ml) of warm_beige foundation, 3 layer of coral, 1 layers of soft_blush blush.",0
images/576.jpg,Medium,sand,2,5.0,coral,2,soft_blush,1,black,3,natural_concealer,1,10 hrs,high,1324,weather,normal,humid,"Apply 2 layers (~5.0 ml) of sand foundation, 2 layer of coral, 1 layers of soft_blush blush.",0
images/210.jpg,Medium,sand,2,3.0,nude,2,soft_blush,1,black,1,natural_concealer,1,8 hrs,low,2048,occasion,office,normal,"Apply 2 layers (~3.0 ml) of sand foundation, 2 layer of nude, 1 layers of soft_blush blush.",0
images/589.jpg,Medium,warm_beige,1,5.0,coral,1,soft_blush,1,black,1,natural_concealer,2,10 hrs,high,1071,occasion,daily,normal,"Apply 1 layers (~5.0 ml) of warm_beige foundation, 1 layer of coral, 1 layers of soft_blush blush.",0
images/358.jpg,Medium,sand,2,5.0,coral,2,soft_blush,1,black,3,natural_concealer,2,12 hrs,high,547,occasion,office,normal,"Apply 2 layers (~5.0 ml) of sand foundation, 2 layer of coral, 1 layers of soft_blush blush.",0
images/370.jpg,Medium,matte_warm_beige,2,3.0,nude,2,soft_blush,1,black,1,natural_concealer,2,10 hrs,high,2040,weather,normal,hot,"Apply 2 layers (~3.0 ml) of matte_warm_beige foundation, 2 layer of nude, 1 layers of soft_blush blush.",0
images/416.jpg,Medium,sand,1,2.0,bold_coral,2,soft_blush,1,black,3,natural_concealer,2,12 hrs,medium,1691,occasion,party,normal,"Apply 1 layers (~2.0 ml) of sand foundation, 2 layer of bold_coral, 1 layers of soft_blush blush.",0
images/402.jpg,Medium,matte_warm_beige,3,4.0,nude,3,soft_blush,1,black,1,natural_concealer,1,6 hrs,medium,1082,weather,normal,hot,"Apply 3 layers (~4.0 ml) of matte_warm_beige foundation, 3 layer of nude, 1 layers of soft_blush blush.",0
images/364.jpg,Medium,warm_beige,3,3.0,nude,1,soft_blush,2,black,1,natural_concealer,1,12 hrs,high,2644,weather,normal,humid,"Apply 3 layers (~3.0 ml) of warm_beige foundation, 1 layer of nude, 2 layers of soft_blush blush.",0
images/628.jpg,Medium,warm_beige,2,5.0,nude,3,soft_blush,1,black,1,natural_concealer,2,10 hrs,low,2676,weather,normal,humid,"Apply 2 layers (~5.0 ml) of warm_beige foundation, 3 layer of nude, 1 layers of soft_blush blush.",0
images/614.jpg,Medium,sand,3,5.0,coral,1,soft_blush,2,black,1,natural_concealer,1,12 hrs,medium,600,weather,normal,humid,"Apply 3 layers (~5.0 ml) of sand foundation, 1 layer of coral, 2 layers of soft_blush blush.",0
images/172.jpg,Medium,sand,1,3.0,coral,2,soft_blush,2,black,3,natural_concealer,2,10 hrs,medium,2379,weather,normal,humid,"Apply 1 layers (~3.0 ml) of sand foundation, 2 layer of coral, 2 layers of soft_blush blush.",0
images/166.jpg,Medium,sand,2,5.0,coral,2,soft_blush,2,black,3,natural_concealer,1,12 hrs,medium,645,simple,normal,normal,"Apply 2 layers (~5.0 ml) of sand foundation, 2 layer of coral, 2 layers of soft_blush blush.",0
images/98.jpg,Dark,caramel,2,2.0,dark red,1,soft_blush,1,black,2,natural_concealer,1,8 hrs,high,2194,occasion,bridal,normal,"Apply 2 layers (~2.0 ml) of caramel foundation, 1 layer of dark red, 1 layers of soft_blush blush.",0
images/600.jpg,Medium,matte_beige,3,4.0,nude,1,soft_blush,2,black,1,natural_concealer,1,6 hrs,high,1722,weather,normal,hot,"Apply 3 layers (~4.0 ml) of matte_beige foundation, 1 layer of nude, 2 layers of soft_blush blush.",0
images/73.jpg,Dark,mocha,3,5.0,wine,1,soft_blush,2,black,3,natural_concealer,2,6 hrs,medium,1000,weather,normal,cold,"Apply 3 layers (~5.0 ml) of mocha foundation, 1 layer of wine, 2 layers of soft_blush blush.",0
images/199.jpg,Medium,sand,1,2.0,red,1,soft_blush,1,black,1,natural_concealer,2,8 hrs,medium,2005,occasion,daily,normal,"Apply 1 layers (~2.0 ml) of sand foundation, 1 layer of red, 1 layers of soft_blush blush.",0
images/67.jpg,Medium,matte_sand,1,5.0,nude,1,soft_blush,1,black,1,natural_concealer,1,8 hrs,low,999,weather,normal,hot,"Apply 1 layers (~5.0 ml) of matte_sand foundation, 1 layer of nude, 1 layers of soft_blush blush.",0
images/9.jpg,Medium,beige,3,3.0,nude,2,soft_blush,2,black,1,natural_concealer,2,6 hrs,high,1125,weather,normal,humid,"Apply 3 layers (~3.0 ml) of beige foundation, 2 layer of nude, 2 layers of soft_blush blush.",0
images/14.jpg,Medium,warm_beige,2,3.0,red,1,soft_blush,1,black,2,natural_concealer,2,10 hrs,medium,1598,weather,normal,humid,"Apply 2 layers (~3.0 ml) of warm_beige foundation, 1 layer of red, 1 layers of soft_blush blush.",0
images/28.jpg,Medium,sand,1,5.0,red,1,soft_blush,2,black,2,natural_concealer,2,6 hrs,medium,1179,simple,normal,normal,"Apply 1 layers (~5.0 ml) of sand foundation, 1 layer of red, 2 layers of soft_blush blush.",0
images/129.jpg,Medium,warm_beige,3,3.0,nude,3,soft_blush,2,black,2,natural_concealer,1,10 hrs,high,1793,weather,normal,humid,"Apply 3 layers (~3.0 ml) of warm_beige foundation, 3 layer of nude, 2 layers of soft_blush blush.",0
images/101.jpg,Medium,sand,3,3.0,red,2,soft_blush,2,black,3,natural_concealer,2,8 hrs,high,848,occasion,daily,normal,"Apply 3 layers (~3.0 ml) of sand foundation, 2 layer of red, 2 layers of soft_blush blush.",0
images/667.jpg,Medium,warm_beige,1,4.0,coral,1,soft_blush,1,black,2,natural_concealer,2,10 hrs,medium,537,weather,normal,humid,"Apply 1 layers (~4.0 ml) of warm_beige foundation, 1 layer of coral, 1 layers of soft_blush blush.",0
images/673.jpg,Dark,caramel,1,2.0,dark red,2,soft_blush,1,black,1,natural_concealer,2,6 hrs,medium,777,occasion,daily,normal,"Apply 1 layers (~2.0 ml) of caramel foundation, 2 layer of dark red, 1 layers of soft_blush blush.",0
images/115.jpg,Medium,warm_beige,2,3.0,coral,2,soft_blush,1,black,1,natural_concealer,2,8 hrs,low,1810,simple,normal,normal,"Apply 2 layers (~3.0 ml) of warm_beige foundation, 2 layer of coral, 1 layers of soft_blush blush.",0
images/459.jpg,Medium,beige,2,2.0,bold_red,2,soft_blush,1,black,2,natural_concealer,1,6 hrs,high,887,occasion,party,normal,"Apply 2 layers (~2.0 ml) of beige foundation, 2 layer of bold_red, 1 layers of soft_blush blush.",0
images/465.jpg,Medium,matte_sand,2,2.0,nude,2,soft_blush,2,black,2,natural_concealer,2,12 hrs,high,1924,weather,normal,hot,"Apply 2 layers (~2.0 ml) of matte_sand foundation, 2 layer of nude, 2 layers of soft_blush blush.",0
images/303.jpg,Medium,beige,2,3.0,red,1,soft_blush,2,black,2,natural_concealer,2,12 hrs,medium,1964,simple,normal,normal,"Apply 2 layers (~3.0 ml) of beige foundation, 1 layer of red, 2 layers of soft_blush blush.",0
images/317.jpg,Medium,warm_beige,1,2.0,coral,3,soft_blush,1,black,3,natural_concealer,2,8 hrs,medium,792,simple,normal,normal,"Apply 1 layers (~2.0 ml) of warm_beige foundation, 3 layer of coral, 1 layers of soft_blush blush.",0
images/471.jpg,Medium,beige,3,2.0,nude,1,soft_blush,1,black,1,natural_concealer,2,8 hrs,medium,2721,occasion,bridal,normal,"Apply 3 layers (~2.0 ml) of beige foundation, 1 layer of nude, 1 layers of soft_blush blush.",0
images/288.jpg,Medium,warm_beige,3,4.0,coral,2,soft_blush,1,black,3,natural_concealer,1,6 hrs,high,1258,occasion,daily,normal,"Apply 3 layers (~4.0 ml) of warm_beige foundation, 2 layer of coral, 1 layers of soft_blush blush.",0
images/539.jpg,Medium,warm_beige,1,2.0,red,1,soft_blush,1,black,2,natural_concealer,2,12 hrs,medium,2309,simple,normal,normal,"Apply 1 layers (~2.0 ml) of warm_beige foundation, 1 layer of red, 1 layers of soft_blush blush.",0
images/511.jpg,Medium,warm_beige,3,3.0,nude,1,soft_blush,2,black,1,natural_concealer,1,6 hrs,medium,2443,simple,normal,normal,"Apply 3 layers (~3.0 ml) of warm_beige foundation, 1 layer of nude, 2 layers of soft_blush blush.",0
images/277.jpg,Dark,caramel,3,5.0,plum,2,soft_blush,2,black,2,natural_concealer,2,10 hrs,high,2698,weather,normal,humid,"Apply 3 layers (~5.0 ml) of caramel foundation, 2 layer of plum, 2 layers of soft_blush blush.",0
images/263.jpg,Medium,warm_beige,1,5.0,coral,1,soft_blush,2,black,1,natural_concealer,1,6 hrs,high,1228,weather,normal,cold,"Apply 1 layers (~5.0 ml) of warm_beige foundation, 1 layer of coral, 2 layers of soft_blush blush.",0
images/505.jpg,Medium,warm_beige,3,5.0,nude,1,soft_blush,2,black,2,natural_concealer,1,12 hrs,low,940,weather,normal,cold,"Apply 3 layers (~5.0 ml) of warm_beige foundation, 1 layer of nude, 2 layers of soft_blush blush.",0
images/262.jpg,Medium,sand,1,3.0,coral,3,soft_blush,2,black,3,natural_concealer,1,10 hrs,medium,2823,occasion,daily,normal,"Apply 1 layers (~3.0 ml) of sand foundation, 3 layer of coral, 2 layers of soft_blush blush.",0
images/504.jpg,Dark,espresso,2,3.0,dark red,3,soft_blush,1,black,3,natural_concealer,2,6 hrs,medium,2612,occasion,daily,normal,"Apply 2 layers (~3.0 ml) of espresso foundation, 3 layer of dark red, 1 layers of soft_blush blush.",0
images/510.jpg,Medium,beige,2,2.0,red,2,soft_blush,1,black,2,natural_concealer,1,8 hrs,high,949,occasion,daily,normal,"Apply 2 layers (~2.0 ml) of beige foundation, 2 layer of red, 1 layers of soft_blush blush.",0
images/276.jpg,Medium,warm_beige,1,4.0,coral,2,soft_blush,2,black,3,natural_concealer,2,6 hrs,low,1669,simple,normal,normal,"Apply 1 layers (~4.0 ml) of warm_beige foundation, 2 layer of coral, 2 layers of soft_blush blush.",0
images/538.jpg,Medium,warm_beige,1,4.0,coral,2,soft_blush,2,black,2,natural_concealer,1,12 hrs,high,1745,simple,normal,normal,"Apply 1 layers (~4.0 ml) of warm_beige foundation, 2 layer of coral, 2 layers of soft_blush blush.",0
images/289.jpg,Medium,warm_beige,1,2.0,nude,3,soft_blush,1,black,2,natural_concealer,2,6 hrs,low,1622,simple,normal,normal,"Apply 1 layers (~2.0 ml) of warm_beige foundation, 3 layer of nude, 1 layers of soft_blush blush.",0
images/316.jpg,Medium,beige,1,2.0,red,2,soft_blush,2,black,2,natural_concealer,2,8 hrs,low,2736,simple,normal,normal,"Apply 1 layers (~2.0 ml) of beige foundation, 2 layer of red, 2 layers of soft_blush blush.",0
images/470.jpg,Medium,beige,3,2.0,red,2,soft_blush,1,black,3,natural_concealer,1,10 hrs,high,2467,occasion,office,normal,"Apply 3 layers (~2.0 ml) of beige foundation, 2 layer of red, 1 layers of soft_blush blush.",0
images/464.jpg,Medium,sand,1,5.0,red,2,soft_blush,2,black,2,natural_concealer,2,6 hrs,medium,2486,simple,normal,normal,"Apply 1 layers (~5.0 ml) of sand foundation, 2 layer of red, 2 layers of soft_blush blush.",0
images/302.jpg,Medium,warm_beige,1,5.0,red,2,soft_blush,1,black,3,natural_concealer,2,10 hrs,high,814,weather,normal,humid,"Apply 1 layers (~5.0 ml) of warm_beige foundation, 2 layer of red, 1 layers of soft_blush blush.",0
images/458.jpg,Medium,beige,3,5.0,nude,2,soft_blush,2,black,3,natural_concealer,1,8 hrs,high,1093,weather,normal,humid,"Apply 3 layers (~5.0 ml) of beige foundation, 2 layer of nude, 2 layers of soft_blush blush.",0
images/672.jpg,Dark,mocha,2,2.0,plum,3,soft_blush,2,black,1,natural_concealer,1,6 hrs,low,2829,simple,normal,normal,"Apply 2 layers (~2.0 ml) of mocha foundation, 3 layer of plum, 2 layers of soft_blush blush.",0
images/114.jpg,Dark,matte_espresso,1,4.0,nude,1,soft_blush,1,black,3,natural_concealer,1,6 hrs,high,541,weather,normal,hot,"Apply 1 layers (~4.0 ml) of matte_espresso foundation, 1 layer of nude, 1 layers of soft_blush blush.",0
images/100.jpg,Medium,sand,2,2.0,bold_coral,3,soft_blush,2,black,1,natural_concealer,2,12 hrs,medium,2066,occasion,party,normal,"Apply 2 layers (~2.0 ml) of sand foundation, 3 layer of bold_coral, 2 layers of soft_blush blush.",0
images/666.jpg,Medium,beige,2,4.0,coral,3,soft_blush,1,black,1,natural_concealer,2,12 hrs,high,899,simple,normal,normal,"Apply 2 layers (~4.0 ml) of beige foundation, 3 layer of coral, 1 layers of soft_blush blush.",0
images/128.jpg,Medium,matte_beige,2,3.0,nude,2,soft_blush,1,black,3,natural_concealer,1,12 hrs,high,1592,weather,normal,hot,"Apply 2 layers (~3.0 ml) of matte_beige foundation, 2 layer of nude, 1 layers of soft_blush blush.",0
images/29.jpg,Medium,sand,3,5.0,nude,1,soft_blush,1,black,3,natural_concealer,1,12 hrs,low,2058,occasion,office,normal,"Apply 3 layers (~5.0 ml) of sand foundation, 1 layer of nude, 1 layers of soft_blush blush.",0
images/15.jpg,Medium,beige,1,5.0,red,1,soft_blush,1,black,3,natural_concealer,2,10 hrs,high,1873,simple,normal,normal,"Apply 1 layers (~5.0 ml) of beige foundation, 1 layer of red, 1 layers of soft_blush blush.",0
images/17.jpg,Dark,matte_mocha,3,4.0,nude,1,soft_blush,2,black,1,natural_concealer,2,10 hrs,high,2303,weather,normal,hot,"Apply 3 layers (~4.0 ml) of matte_mocha foundation, 1 layer of nude, 2 layers of soft_blush blush.",0
images/658.jpg,Medium,sand,2,2.0,coral,3,soft_blush,2,black,3,natural_concealer,2,6 hrs,medium,2738,weather,normal,humid,"Apply 2 layers (~2.0 ml) of sand foundation, 3 layer of coral, 2 layers of soft_blush blush.",0
images/116.jpg,Medium,beige,3,2.0,coral,3,soft_blush,2,black,2,natural_concealer,2,6 hrs,medium,2868,simple,normal,normal,"Apply 3 layers (~2.0 ml) of beige foundation, 3 layer of coral, 2 layers of soft_blush blush.",0
images/670.jpg,Medium,beige,2,5.0,coral,1,soft_blush,2,black,1,natural_concealer,2,10 hrs,medium,1001,simple,normal,normal,"Apply 2 layers (~5.0 ml) of beige foundation, 1 layer of coral, 2 layers of soft_blush blush.",0
images/664.jpg,Medium,warm_beige,1,2.0,coral,1,soft_blush,2,black,2,natural_concealer,1,10 hrs,low,2952,occasion,bridal,normal,"Apply 1 layers (~2.0 ml) of warm_beige foundation, 1 layer of coral, 2 layers of soft_blush blush.",0
images/102.jpg,Dark,mocha,2,3.0,wine,3,soft_blush,2,black,1,natural_concealer,1,12 hrs,medium,1710,occasion,office,normal,"Apply 2 layers (~3.0 ml) of mocha foundation, 3 layer of wine, 2 layers of soft_blush blush.",0
images/499.jpg,Medium,sand,2,2.0,nude,1,soft_blush,1,black,2,natural_concealer,1,10 hrs,medium,982,weather,normal,humid,"Apply 2 layers (~2.0 ml) of sand foundation, 1 layer of nude, 1 layers of soft_blush blush.",0
images/328.jpg,Medium,sand,1,5.0,coral,2,soft_blush,1,black,2,natural_concealer,1,10 hrs,low,1305,simple,normal,normal,"Apply 1 layers (~5.0 ml) of sand foundation, 2 layer of coral, 1 layers of soft_blush blush.",0
images/472.jpg,Medium,sand,3,2.0,red,3,soft_blush,2,black,2,natural_concealer,1,10 hrs,high,2013,simple,normal,normal,"Apply 3 layers (~2.0 ml) of sand foundation, 3 layer of red, 2 layers of soft_blush blush.",0
images/314.jpg,Medium,beige,1,3.0,nude,1,soft_blush,2,black,1,natural_concealer,1,8 hrs,medium,882,weather,normal,humid,"Apply 1 layers (~3.0 ml) of beige foundation, 1 layer of nude, 2 layers of soft_blush blush.",0
images/300.jpg,Medium,beige,2,5.0,nude,1,soft_blush,2,black,3,natural_concealer,2,6 hrs,low,1716,weather,normal,cold,"Apply 2 layers (~5.0 ml) of beige foundation, 1 layer of nude, 2 layers of soft_blush blush.",0
images/466.jpg,Dark,caramel,2,4.0,dark red,1,soft_blush,1,black,2,natural_concealer,1,10 hrs,high,1315,weather,normal,cold,"Apply 2 layers (~4.0 ml) of caramel foundation, 1 layer of dark red, 1 layers of soft_blush blush.",0
images/248.jpg,Medium,sand,3,5.0,red,2,soft_blush,2,black,2,natural_concealer,2,8 hrs,high,2670,weather,normal,humid,"Apply 3 layers (~5.0 ml) of sand foundation, 2 layer of red, 2 layers of soft_blush blush.",0
images/506.jpg,Medium,beige,2,3.0,red,1,soft_blush,1,black,3,natural_concealer,2,12 hrs,low,1505,weather,normal,humid,"Apply 2 layers (~3.0 ml) of beige foundation, 1 layer of red, 1 layers of soft_blush blush.",0
images/260.jpg,Medium,sand,3,2.0,red,2,soft_blush,2,black,2,natural_concealer,1,12 hrs,low,1774,simple,normal,normal,"Apply 3 layers (~2.0 ml) of sand foundation, 2 layer of red, 2 layers of soft_blush blush.",0
images/274.jpg,Medium,warm_beige,2,4.0,red,2,soft_blush,1,black,1,natural_concealer,2,10 hrs,high,1306,weather,normal,humid,"Apply 2 layers (~4.0 ml) of warm_beige foundation, 2 layer of red, 1 layers of soft_blush blush.",0
images/512.jpg,Medium,warm_beige,1,2.0,red,2,soft_blush,2,black,2,natural_concealer,2,8 hrs,medium,1575,weather,normal,humid,"Apply 1 layers (~2.0 ml) of warm_beige foundation, 2 layer of red, 2 layers of soft_blush blush.",0
images/275.jpg,Medium,warm_beige,3,5.0,coral,2,soft_blush,2,black,3,natural_concealer,1,6 hrs,low,2086,simple,normal,normal,"Apply 3 layers (~5.0 ml) of warm_beige foundation, 2 layer of coral, 2 layers of soft_blush blush.",0
images/513.jpg,Dark,espresso,1,4.0,plum,1,soft_blush,1,black,2,natural_concealer,1,10 hrs,low,664,weather,normal,humid,"Apply 1 layers (~4.0 ml) of espresso foundation, 1 layer of plum, 1 layers of soft_blush blush.",0
images/507.jpg,Medium,beige,2,5.0,coral,2,soft_blush,1,black,3,natural_concealer,2,10 hrs,medium,1427,simple,normal,normal,"Apply 2 layers (~5.0 ml) of beige foundation, 2 layer of coral, 1 layers of soft_blush blush.",0
images/261.jpg,Medium,beige,2,2.0,red,3,soft_blush,2,black,2,natural_concealer,2,12 hrs,low,822,weather,normal,cold,"Apply 2 layers (~2.0 ml) of beige foundation, 3 layer of red, 2 layers of soft_blush blush.",0
images/249.jpg,Dark,mocha,1,3.0,dark red,1,soft_blush,1,black,1,natural_concealer,2,6 hrs,high,2383,occasion,bridal,normal,"Apply 1 layers (~3.0 ml) of mocha foundation, 1 layer of dark red, 1 layers of soft_blush blush.",0
images/301.jpg,Medium,warm_beige,3,5.0,bold_coral,2,soft_blush,2,black,1,natural_concealer,1,10 hrs,low,2788,occasion,party,normal,"Apply 3 layers (~5.0 ml) of warm_beige foundation, 2 layer of bold_coral, 2 layers of soft_blush blush.",0
images/467.jpg,Medium,warm_beige,2,3.0,nude,2,soft_blush,1,black,1,natural_concealer,2,8 hrs,medium,2097,simple,normal,normal,"Apply 2 layers (~3.0 ml) of warm_beige foundation, 2 layer of nude, 1 layers of soft_blush blush.",0
images/473.jpg,Medium,sand,3,3.0,red,2,soft_blush,2,black,1,natural_concealer,1,8 hrs,low,1413,simple,normal,normal,"Apply 3 layers (~3.0 ml) of sand foundation, 2 layer of red, 2 layers of soft_blush blush.",0
images/315.jpg,Medium,beige,2,4.0,nude,2,soft_blush,2,black,3,natural_concealer,1,12 hrs,low,2293,occasion,bridal,normal,"Apply 2 layers (~4.0 ml) of beige foundation, 2 layer of nude, 2 layers of soft_blush blush.",0
images/329.jpg,Medium,matte_sand,2,4.0,nude,1,soft_blush,2,black,2,natural_concealer,1,6 hrs,medium,1128,weather,normal,hot,"Apply 2 layers (~4.0 ml) of matte_sand foundation, 1 layer of nude, 2 layers of soft_blush blush.",0
images/498.jpg,Medium,beige,3,2.0,coral,3,soft_blush,1,black,2,natural_concealer,1,6 hrs,high,1051,weather,normal,cold,"Apply 3 layers (~2.0 ml) of beige foundation, 3 layer of coral, 1 layers of soft_blush blush.",0
images/665.jpg,Medium,beige,2,5.0,coral,3,soft_blush,2,black,1,natural_concealer,1,12 hrs,medium,2533,weather,normal,cold,"Apply 2 layers (~5.0 ml) of beige foundation, 3 layer of coral, 2 layers of soft_blush blush.",0
images/103.jpg,Medium,sand,1,3.0,coral,1,soft_blush,1,black,2,natural_concealer,2,6 hrs,medium,1905,occasion,daily,normal,"Apply 1 layers (~3.0 ml) of sand foundation, 1 layer of coral, 1 layers of soft_blush blush.",0
images/117.jpg,Medium,beige,2,4.0,coral,1,soft_blush,1,black,2,natural_concealer,2,12 hrs,low,693,weather,normal,humid,"Apply 2 layers (~4.0 ml) of beige foundation, 1 layer of coral, 1 layers of soft_blush blush.",0
images/671.jpg,Medium,sand,3,4.0,coral,3,soft_blush,2,black,2,natural_concealer,1,8 hrs,high,2141,simple,normal,normal,"Apply 3 layers (~4.0 ml) of sand foundation, 3 layer of coral, 2 layers of soft_blush blush.",0
images/659.jpg,Dark,espresso,3,2.0,wine,3,soft_blush,1,black,2,natural_concealer,2,6 hrs,medium,1925,weather,normal,cold,"Apply 3 layers (~2.0 ml) of espresso foundation, 3 layer of wine, 1 layers of soft_blush blush.",0
images/16.jpg,Dark,mocha,3,3.0,plum,3,soft_blush,1,black,2,natural_concealer,2,8 hrs,low,1952,weather,normal,humid,"Apply 3 layers (~3.0 ml) of mocha foundation, 3 layer of plum, 1 layers of soft_blush blush.",0
images/12.jpg,Medium,beige,2,5.0,coral,2,soft_blush,2,black,1,natural_concealer,1,12 hrs,low,1641,weather,normal,humid,"Apply 2 layers (~5.0 ml) of beige foundation, 2 layer of coral, 2 layers of soft_blush blush.",0
images/675.jpg,Dark,matte_mocha,2,4.0,nude,2,soft_blush,1,black,1,natural_concealer,2,6 hrs,low,2003,weather,normal,hot,"Apply 2 layers (~4.0 ml) of matte_mocha foundation, 2 layer of nude, 1 layers of soft_blush blush.",0
images/113.jpg,Medium,matte_sand,1,5.0,nude,2,soft_blush,2,black,3,natural_concealer,2,10 hrs,high,2339,weather,normal,hot,"Apply 1 layers (~5.0 ml) of matte_sand foundation, 2 layer of nude, 2 layers of soft_blush blush.",0
images/107.jpg,Medium,sand,1,4.0,red,3,soft_blush,2,black,3,natural_concealer,2,12 hrs,low,2260,simple,normal,normal,"Apply 1 layers (~4.0 ml) of sand foundation, 3 layer of red, 2 layers of soft_blush blush.",0
images/661.jpg,Medium,sand,3,3.0,coral,1,soft_blush,2,black,3,natural_concealer,1,12 hrs,medium,1384,simple,normal,normal,"Apply 3 layers (~3.0 ml) of sand foundation, 1 layer of coral, 2 layers of soft_blush blush.",0
images/649.jpg,Medium,matte_beige,2,3.0,nude,2,soft_blush,1,black,3,natural_concealer,2,6 hrs,medium,1627,weather,normal,hot,"Apply 2 layers (~3.0 ml) of matte_beige foundation, 2 layer of nude, 1 layers of soft_blush blush.",0
images/488.jpg,Medium,sand,1,4.0,bold_nude,3,soft_blush,2,black,2,natural_concealer,1,12 hrs,low,690,occasion,party,normal,"Apply 1 layers (~4.0 ml) of sand foundation, 3 layer of bold_nude, 2 layers of soft_blush blush.",0
images/311.jpg,Medium,sand,3,2.0,nude,3,soft_blush,2,black,2,natural_concealer,1,12 hrs,medium,1443,occasion,office,normal,"Apply 3 layers (~2.0 ml) of sand foundation, 3 layer of nude, 2 layers of soft_blush blush.",0
images/477.jpg,Medium,warm_beige,3,2.0,coral,2,soft_blush,1,black,1,natural_concealer,2,8 hrs,low,906,simple,normal,normal,"Apply 3 layers (~2.0 ml) of warm_beige foundation, 2 layer of coral, 1 layers of soft_blush blush.",0
images/463.jpg,Medium,beige,3,3.0,bold_red,3,soft_blush,1,black,1,natural_concealer,2,12 hrs,medium,2605,occasion,party,normal,"Apply 3 layers (~3.0 ml) of beige foundation, 3 layer of bold_red, 1 layers of soft_blush blush.",0
images/305.jpg,Dark,caramel,2,4.0,bold_dark red,3,soft_blush,1,black,1,natural_concealer,1,8 hrs,low,575,occasion,party,normal,"Apply 2 layers (~4.0 ml) of caramel foundation, 3 layer of bold_dark red, 1 layers of soft_blush blush.",0
images/339.jpg,Medium,sand,3,4.0,red,2,soft_blush,1,black,1,natural_concealer,2,12 hrs,high,1964,simple,normal,normal,"Apply 3 layers (~4.0 ml) of sand foundation, 2 layer of red, 1 layers of soft_blush blush.",0
images/265.jpg,Medium,beige,3,2.0,coral,1,soft_blush,2,black,2,natural_concealer,2,6 hrs,high,2195,occasion,daily,normal,"Apply 3 layers (~2.0 ml) of beige foundation, 1 layer of coral, 2 layers of soft_blush blush.",0
images/503.jpg,Medium,beige,3,3.0,red,3,soft_blush,2,black,2,natural_concealer,2,6 hrs,low,2369,simple,normal,normal,"Apply 3 layers (~3.0 ml) of beige foundation, 3 layer of red, 2 layers of soft_blush blush.",0
images/517.jpg,Medium,beige,2,4.0,coral,1,soft_blush,2,black,3,natural_concealer,1,8 hrs,medium,2166,weather,normal,humid,"Apply 2 layers (~4.0 ml) of beige foundation, 1 layer of coral, 2 layers of soft_blush blush.",0
images/271.jpg,Medium,warm_beige,2,4.0,coral,1,soft_blush,1,black,2,natural_concealer,1,10 hrs,low,1194,simple,normal,normal,"Apply 2 layers (~4.0 ml) of warm_beige foundation, 1 layer of coral, 1 layers of soft_blush blush.",0
images/259.jpg,Medium,matte_sand,1,3.0,nude,3,soft_blush,2,black,1,natural_concealer,1,6 hrs,high,2720,weather,normal,hot,"Apply 1 layers (~3.0 ml) of matte_sand foundation, 3 layer of nude, 2 layers of soft_blush blush.",0
images/258.jpg,Medium,matte_sand,1,4.0,nude,2,soft_blush,1,black,3,natural_concealer,2,6 hrs,medium,1645,weather,normal,hot,"Apply 1 layers (~4.0 ml) of matte_sand foundation, 2 layer of nude, 1 layers of soft_blush blush.",0
images/516.jpg,Medium,sand,2,2.0,red,1,soft_blush,1,black,1,natural_concealer,1,6 hrs,low,2550,occasion,daily,normal,"Apply 2 layers (~2.0 ml) of sand foundation, 1 layer of red, 1 layers of soft_blush blush.",0
images/270.jpg,Dark,mocha,3,2.0,wine,3,soft_blush,2,black,1,natural_concealer,2,6 hrs,high,889,occasion,office,normal,"Apply 3 layers (~2.0 ml) of mocha foundation, 3 layer of wine, 2 layers of soft_blush blush.",0
images/264.jpg,Medium,sand,3,3.0,coral,3,soft_blush,2,black,1,natural_concealer,2,12 hrs,low,2967,simple,normal,normal,"Apply 3 layers (~3.0 ml) of sand foundation, 3 layer of coral, 2 layers of soft_blush blush.",0
images/502.jpg,Medium,sand,3,2.0,coral,3,soft_blush,2,black,3,natural_concealer,2,6 hrs,high,556,simple,normal,normal,"Apply 3 layers (~2.0 ml) of sand foundation, 3 layer of coral, 2 layers of soft_blush blush.",0
images/338.jpg,Medium,warm_beige,3,2.0,nude,1,soft_blush,2,black,2,natural_concealer,1,10 hrs,low,2815,simple,normal,normal,"Apply 3 layers (~2.0 ml) of warm_beige foundation, 1 layer of nude, 2 layers of soft_blush blush.",0
images/462.jpg,Medium,sand,3,4.0,coral,3,soft_blush,1,black,1,natural_concealer,2,10 hrs,medium,2399,simple,normal,normal,"Apply 3 layers (~4.0 ml) of sand foundation, 3 layer of coral, 1 layers of soft_blush blush.",0
images/304.jpg,Medium,warm_beige,1,5.0,bold_nude,3,soft_blush,2,black,1,natural_concealer,2,8 hrs,medium,688,occasion,party,normal,"Apply 1 layers (~5.0 ml) of warm_beige foundation, 3 layer of bold_nude, 2 layers of soft_blush blush.",0
images/310.jpg,Medium,sand,3,3.0,coral,1,soft_blush,1,black,2,natural_concealer,1,8 hrs,high,2615,occasion,bridal,normal,"Apply 3 layers (~3.0 ml) of sand foundation, 1 layer of coral, 1 layers of soft_blush blush.",0
images/476.jpg,Medium,matte_warm_beige,1,5.0,nude,1,soft_blush,2,black,2,natural_concealer,2,12 hrs,low,706,weather,normal,hot,"Apply 1 layers (~5.0 ml) of matte_warm_beige foundation, 1 layer of nude, 2 layers of soft_blush blush.",0
images/489.jpg,Medium,beige,3,5.0,red,3,soft_blush,1,black,2,natural_concealer,2,12 hrs,medium,2670,simple,normal,normal,"Apply 3 layers (~5.0 ml) of beige foundation, 3 layer of red, 1 layers of soft_blush blush.",0
images/648.jpg,Medium,warm_beige,3,2.0,bold_red,3,soft_blush,1,black,3,natural_concealer,2,12 hrs,high,1642,occasion,party,normal,"Apply 3 layers (~2.0 ml) of warm_beige foundation, 3 layer of bold_red, 1 layers of soft_blush blush.",0
images/106.jpg,Dark,mocha,3,4.0,bold_wine,1,soft_blush,1,black,2,natural_concealer,2,10 hrs,medium,2479,occasion,party,normal,"Apply 3 layers (~4.0 ml) of mocha foundation, 1 layer of bold_wine, 1 layers of soft_blush blush.",0
images/660.jpg,Medium,warm_beige,3,3.0,nude,1,soft_blush,1,black,3,natural_concealer,2,8 hrs,medium,1083,simple,normal,normal,"Apply 3 layers (~3.0 ml) of warm_beige foundation, 1 layer of nude, 1 layers of soft_blush blush.",0
images/674.jpg,Medium,warm_beige,3,5.0,nude,1,soft_blush,1,black,3,natural_concealer,1,6 hrs,medium,1895,simple,normal,normal,"Apply 3 layers (~5.0 ml) of warm_beige foundation, 1 layer of nude, 1 layers of soft_blush blush.",0
images/112.jpg,Dark,mocha,2,2.0,dark red,1,soft_blush,2,black,1,natural_concealer,2,8 hrs,medium,2182,simple,normal,normal,"Apply 2 layers (~2.0 ml) of mocha foundation, 1 layer of dark red, 2 layers of soft_blush blush.",0
images/13.jpg,Dark,caramel,1,5.0,plum,2,soft_blush,1,black,3,natural_concealer,2,10 hrs,medium,1087,weather,normal,humid,"Apply 1 layers (~5.0 ml) of caramel foundation, 2 layer of plum, 1 layers of soft_blush blush.",0
images/39.jpg,Medium,warm_beige,3,4.0,coral,1,soft_blush,1,black,1,natural_concealer,1,10 hrs,low,2113,weather,normal,cold,"Apply 3 layers (~4.0 ml) of warm_beige foundation, 1 layer of coral, 1 layers of soft_blush blush.",0
images/689.jpg,Medium,sand,1,2.0,nude,3,soft_blush,1,black,2,natural_concealer,2,10 hrs,low,1155,occasion,office,normal,"Apply 1 layers (~2.0 ml) of sand foundation, 3 layer of nude, 1 layers of soft_blush blush.",0
images/11.jpg,Medium,matte_beige,1,3.0,nude,1,soft_blush,1,black,2,natural_concealer,2,12 hrs,low,2314,weather,normal,hot,"Apply 1 layers (~3.0 ml) of matte_beige foundation, 1 layer of nude, 1 layers of soft_blush blush.",0
images/662.jpg,Medium,matte_beige,2,4.0,nude,2,soft_blush,1,black,1,natural_concealer,2,12 hrs,low,2458,weather,normal,hot,"Apply 2 layers (~4.0 ml) of matte_beige foundation, 2 layer of nude, 1 layers of soft_blush blush.",0
images/104.jpg,Medium,beige,1,4.0,coral,1,soft_blush,1,black,1,natural_concealer,2,12 hrs,medium,2641,simple,normal,normal,"Apply 1 layers (~4.0 ml) of beige foundation, 1 layer of coral, 1 layers of soft_blush blush.",0
images/110.jpg,Medium,warm_beige,2,2.0,nude,1,soft_blush,2,black,2,natural_concealer,2,12 hrs,low,1234,simple,normal,normal,"Apply 2 layers (~2.0 ml) of warm_beige foundation, 1 layer of nude, 2 layers of soft_blush blush.",0
images/676.jpg,Medium,beige,1,5.0,red,3,soft_blush,2,black,1,natural_concealer,1,8 hrs,low,1268,weather,normal,cold,"Apply 1 layers (~5.0 ml) of beige foundation, 3 layer of red, 2 layers of soft_blush blush.",0
images/138.jpg,Medium,warm_beige,2,4.0,coral,3,soft_blush,2,black,1,natural_concealer,2,12 hrs,high,654,simple,normal,normal,"Apply 2 layers (~4.0 ml) of warm_beige foundation, 3 layer of coral, 2 layers of soft_blush blush.",0
images/306.jpg,Medium,sand,3,3.0,nude,2,soft_blush,1,black,3,natural_concealer,2,12 hrs,high,1184,simple,normal,normal,"Apply 3 layers (~3.0 ml) of sand foundation, 2 layer of nude, 1 layers of soft_blush blush.",0
images/460.jpg,Medium,sand,3,4.0,red,1,soft_blush,2,black,3,natural_concealer,1,8 hrs,medium,2445,simple,normal,normal,"Apply 3 layers (~4.0 ml) of sand foundation, 1 layer of red, 2 layers of soft_blush blush.",0
images/474.jpg,Medium,matte_warm_beige,2,5.0,nude,2,soft_blush,2,black,1,natural_concealer,2,10 hrs,medium,2541,weather,normal,hot,"Apply 2 layers (~5.0 ml) of matte_warm_beige foundation, 2 layer of nude, 2 layers of soft_blush blush.",0
images/312.jpg,Medium,beige,2,5.0,coral,3,soft_blush,1,black,3,natural_concealer,2,6 hrs,high,2368,simple,normal,normal,"Apply 2 layers (~5.0 ml) of beige foundation, 3 layer of coral, 1 layers of soft_blush blush.",0
images/448.jpg,Medium,beige,3,5.0,coral,3,soft_blush,1,black,1,natural_concealer,1,6 hrs,low,1076,simple,normal,normal,"Apply 3 layers (~5.0 ml) of beige foundation, 3 layer of coral, 1 layers of soft_blush blush.",0
images/299.jpg,Medium,sand,2,2.0,bold_nude,2,soft_blush,2,black,1,natural_concealer,2,6 hrs,low,859,occasion,party,normal,"Apply 2 layers (~2.0 ml) of sand foundation, 2 layer of bold_nude, 2 layers of soft_blush blush.",0
images/272.jpg,Medium,sand,1,2.0,coral,2,soft_blush,2,black,1,natural_concealer,1,6 hrs,medium,2180,weather,normal,humid,"Apply 1 layers (~2.0 ml) of sand foundation, 2 layer of coral, 2 layers of soft_blush blush.",0
images/514.jpg,Medium,beige,2,2.0,coral,2,soft_blush,2,black,1,natural_concealer,2,12 hrs,high,575,simple,normal,normal,"Apply 2 layers (~2.0 ml) of beige foundation, 2 layer of coral, 2 layers of soft_blush blush.",0
images/500.jpg,Medium,warm_beige,1,3.0,coral,3,soft_blush,2,black,3,natural_concealer,1,8 hrs,medium,1522,simple,normal,normal,"Apply 1 layers (~3.0 ml) of warm_beige foundation, 3 layer of coral, 2 layers of soft_blush blush.",0
images/266.jpg,Medium,sand,3,5.0,red,2,soft_blush,1,black,2,natural_concealer,1,8 hrs,medium,2005,weather,normal,humid,"Apply 3 layers (~5.0 ml) of sand foundation, 2 layer of red, 1 layers of soft_blush blush.",0
images/528.jpg,Medium,warm_beige,2,3.0,nude,2,soft_blush,2,black,1,natural_concealer,1,12 hrs,low,1964,occasion,daily,normal,"Apply 2 layers (~3.0 ml) of warm_beige foundation, 2 layer of nude, 2 layers of soft_blush blush.",0
images/529.jpg,Medium,warm_beige,1,4.0,nude,3,soft_blush,2,black,3,natural_concealer,1,12 hrs,low,2586,simple,normal,normal,"Apply 1 layers (~4.0 ml) of warm_beige foundation, 3 layer of nude, 2 layers of soft_blush blush.",0
images/501.jpg,Medium,warm_beige,2,2.0,coral,3,soft_blush,1,black,2,natural_concealer,1,6 hrs,low,1519,simple,normal,normal,"Apply 2 layers (~2.0 ml) of warm_beige foundation, 3 layer of coral, 1 layers of soft_blush blush.",0
images/267.jpg,Medium,sand,2,2.0,coral,3,soft_blush,1,black,2,natural_concealer,2,8 hrs,low,1392,simple,normal,normal,"Apply 2 layers (~2.0 ml) of sand foundation, 3 layer of coral, 1 layers of soft_blush blush.",0
images/273.jpg,Medium,warm_beige,2,3.0,coral,3,soft_blush,1,black,1,natural_concealer,1,12 hrs,low,1780,occasion,office,normal,"Apply 2 layers (~3.0 ml) of warm_beige foundation, 3 layer of coral, 1 layers of soft_blush blush.",0
images/515.jpg,Medium,sand,1,3.0,coral,1,soft_blush,2,black,3,natural_concealer,2,10 hrs,medium,2062,weather,normal,cold,"Apply 1 layers (~3.0 ml) of sand foundation, 1 layer of coral, 2 layers of soft_blush blush.",0
images/298.jpg,Dark,espresso,3,2.0,wine,3,soft_blush,1,black,2,natural_concealer,2,6 hrs,high,2080,occasion,bridal,normal,"Apply 3 layers (~2.0 ml) of espresso foundation, 3 layer of wine, 1 layers of soft_blush blush.",0
images/449.jpg,Medium,beige,1,5.0,nude,1,soft_blush,2,black,3,natural_concealer,2,8 hrs,low,1304,simple,normal,normal,"Apply 1 layers (~5.0 ml) of beige foundation, 1 layer of nude, 2 layers of soft_blush blush.",0
images/475.jpg,Medium,beige,3,2.0,bold_coral,1,soft_blush,1,black,1,natural_concealer,1,12 hrs,low,1446,occasion,party,normal,"Apply 3 layers (~2.0 ml) of beige foundation, 1 layer of bold_coral, 1 layers of soft_blush blush.",0
images/313.jpg,Medium,beige,3,5.0,nude,2,soft_blush,2,black,3,natural_concealer,1,12 hrs,high,2528,simple,normal,normal,"Apply 3 layers (~5.0 ml) of beige foundation, 2 layer of nude, 2 layers of soft_blush blush.",0
images/307.jpg,Medium,beige,2,4.0,nude,1,soft_blush,1,black,3,natural_concealer,2,10 hrs,low,1648,occasion,bridal,normal,"Apply 2 layers (~4.0 ml) of beige foundation, 1 layer of nude, 1 layers of soft_blush blush.",0
images/461.jpg,Medium,beige,2,2.0,red,3,soft_blush,2,black,1,natural_concealer,2,6 hrs,low,2958,simple,normal,normal,"Apply 2 layers (~2.0 ml) of beige foundation, 3 layer of red, 2 layers of soft_blush blush.",0
images/139.jpg,Medium,sand,1,3.0,coral,3,soft_blush,1,black,1,natural_concealer,1,6 hrs,high,501,weather,normal,humid,"Apply 1 layers (~3.0 ml) of sand foundation, 3 layer of coral, 1 layers of soft_blush blush.",0
images/111.jpg,Medium,matte_sand,2,4.0,nude,1,soft_blush,2,black,2,natural_concealer,2,10 hrs,high,802,weather,normal,hot,"Apply 2 layers (~4.0 ml) of matte_sand foundation, 1 layer of nude, 2 layers of soft_blush blush.",0
images/677.jpg,Medium,matte_warm_beige,1,3.0,nude,2,soft_blush,2,black,3,natural_concealer,2,12 hrs,high,1511,weather,normal,hot,"Apply 1 layers (~3.0 ml) of matte_warm_beige foundation, 2 layer of nude, 2 layers of soft_blush blush.",0
images/663.jpg,Medium,warm_beige,3,5.0,red,2,soft_blush,2,black,1,natural_concealer,1,8 hrs,high,2840,simple,normal,normal,"Apply 3 layers (~5.0 ml) of warm_beige foundation, 2 layer of red, 2 layers of soft_blush blush.",0
images/105.jpg,Medium,beige,1,2.0,coral,3,soft_blush,2,black,1,natural_concealer,1,12 hrs,high,2011,occasion,daily,normal,"Apply 1 layers (~2.0 ml) of beige foundation, 3 layer of coral, 2 layers of soft_blush blush.",0
images/10.jpg,Medium,sand,2,2.0,red,1,soft_blush,1,black,3,natural_concealer,2,8 hrs,high,2256,simple,normal,normal,"Apply 2 layers (~2.0 ml) of sand foundation, 1 layer of red, 1 layers of soft_blush blush.",0
images/688.jpg,Dark,espresso,1,5.0,dark red,2,soft_blush,1,black,1,natural_concealer,2,12 hrs,medium,1677,weather,normal,cold,"Apply 1 layers (~5.0 ml) of espresso foundation, 2 layer of dark red, 1 layers of soft_blush blush.",0
images/38.jpg,Medium,beige,1,4.0,red,1,soft_blush,2,black,2,natural_concealer,1,10 hrs,high,1889,occasion,office,normal,"Apply 1 layers (~4.0 ml) of beige foundation, 1 layer of red, 2 layers of soft_blush blush.",0
images/21.jpg,Dark,caramel,1,5.0,plum,2,soft_blush,2,black,2,natural_concealer,1,10 hrs,low,678,simple,normal,normal,"Apply 1 layers (~5.0 ml) of caramel foundation, 2 layer of plum, 2 layers of soft_blush blush.",0
images/35.jpg,Medium,beige,2,4.0,red,2,soft_blush,1,black,2,natural_concealer,2,8 hrs,high,1628,simple,normal,normal,"Apply 2 layers (~4.0 ml) of beige foundation, 2 layer of red, 1 layers of soft_blush blush.",0
images/685.jpg,Dark,mocha,1,4.0,plum,3,soft_blush,1,black,1,natural_concealer,1,10 hrs,high,810,simple,normal,normal,"Apply 1 layers (~4.0 ml) of mocha foundation, 3 layer of plum, 1 layers of soft_blush blush.",0
images/108.jpg,Dark,caramel,1,4.0,dark red,1,soft_blush,2,black,3,natural_concealer,2,12 hrs,low,1666,simple,normal,normal,"Apply 1 layers (~4.0 ml) of caramel foundation, 1 layer of dark red, 2 layers of soft_blush blush.",0
images/120.jpg,Medium,sand,2,5.0,nude,3,soft_blush,1,black,1,natural_concealer,1,12 hrs,high,2756,weather,normal,humid,"Apply 2 layers (~5.0 ml) of sand foundation, 3 layer of nude, 1 layers of soft_blush blush.",0
images/646.jpg,Medium,warm_beige,3,5.0,nude,1,soft_blush,1,black,3,natural_concealer,2,6 hrs,low,2417,weather,normal,cold,"Apply 3 layers (~5.0 ml) of warm_beige foundation, 1 layer of nude, 1 layers of soft_blush blush.",0
images/652.jpg,Medium,beige,3,5.0,coral,1,soft_blush,1,black,3,natural_concealer,1,12 hrs,medium,1104,simple,normal,normal,"Apply 3 layers (~5.0 ml) of beige foundation, 1 layer of coral, 1 layers of soft_blush blush.",0
images/134.jpg,Medium,sand,3,2.0,coral,2,soft_blush,1,black,3,natural_concealer,1,6 hrs,medium,1047,simple,normal,normal,"Apply 3 layers (~2.0 ml) of sand foundation, 2 layer of coral, 1 layers of soft_blush blush.",0
images/487.jpg,Medium,sand,2,3.0,nude,1,soft_blush,2,black,2,natural_concealer,2,8 hrs,high,2118,weather,normal,cold,"Apply 2 layers (~3.0 ml) of sand foundation, 1 layer of nude, 2 layers of soft_blush blush.",0
images/493.jpg,Medium,sand,1,5.0,nude,2,soft_blush,2,black,1,natural_concealer,2,12 hrs,medium,2809,weather,normal,cold,"Apply 1 layers (~5.0 ml) of sand foundation, 2 layer of nude, 2 layers of soft_blush blush.",0
images/478.jpg,Medium,warm_beige,3,5.0,nude,2,soft_blush,2,black,1,natural_concealer,1,8 hrs,low,956,occasion,office,normal,"Apply 3 layers (~5.0 ml) of warm_beige foundation, 2 layer of nude, 2 layers of soft_blush blush.",0
images/444.jpg,Medium,sand,2,3.0,bold_nude,3,soft_blush,1,black,2,natural_concealer,1,12 hrs,high,1007,occasion,party,normal,"Apply 2 layers (~3.0 ml) of sand foundation, 3 layer of bold_nude, 1 layers of soft_blush blush.",0
images/322.jpg,Dark,espresso,2,5.0,dark red,1,soft_blush,2,black,2,natural_concealer,2,6 hrs,low,1713,occasion,office,normal,"Apply 2 layers (~5.0 ml) of espresso foundation, 1 layer of dark red, 2 layers of soft_blush blush.",0
images/336.jpg,Dark,caramel,1,4.0,dark red,2,soft_blush,2,black,1,natural_concealer,1,10 hrs,high,1251,weather,normal,cold,"Apply 1 layers (~4.0 ml) of caramel foundation, 2 layer of dark red, 2 layers of soft_blush blush.",0
images/450.jpg,Medium,beige,3,2.0,nude,2,soft_blush,1,black,2,natural_concealer,2,8 hrs,low,700,simple,normal,normal,"Apply 3 layers (~2.0 ml) of beige foundation, 2 layer of nude, 1 layers of soft_blush blush.",0
images/295.jpg,Medium,sand,1,2.0,nude,1,soft_blush,1,black,1,natural_concealer,2,10 hrs,low,1693,occasion,office,normal,"Apply 1 layers (~2.0 ml) of sand foundation, 1 layer of nude, 1 layers of soft_blush blush.",0
images/281.jpg,Medium,warm_beige,3,3.0,nude,3,soft_blush,1,black,3,natural_concealer,1,8 hrs,low,1082,weather,normal,humid,"Apply 3 layers (~3.0 ml) of warm_beige foundation, 3 layer of nude, 1 layers of soft_blush blush.",0
images/518.jpg,Medium,beige,1,2.0,bold_nude,3,soft_blush,2,black,1,natural_concealer,2,10 hrs,medium,1370,occasion,party,normal,"Apply 1 layers (~2.0 ml) of beige foundation, 3 layer of bold_nude, 2 layers of soft_blush blush.",0
images/530.jpg,Medium,warm_beige,3,3.0,nude,1,soft_blush,1,black,3,natural_concealer,1,8 hrs,medium,1326,occasion,daily,normal,"Apply 3 layers (~3.0 ml) of warm_beige foundation, 1 layer of nude, 1 layers of soft_blush blush.",0
images/256.jpg,Medium,sand,1,3.0,nude,1,soft_blush,1,black,3,natural_concealer,2,12 hrs,low,2182,occasion,daily,normal,"Apply 1 layers (~3.0 ml) of sand foundation, 1 layer of nude, 1 layers of soft_blush blush.",0
images/242.jpg,Medium,beige,2,5.0,coral,1,soft_blush,1,black,3,natural_concealer,1,6 hrs,low,2203,weather,normal,cold,"Apply 2 layers (~5.0 ml) of beige foundation, 1 layer of coral, 1 layers of soft_blush blush.",0
images/524.jpg,Dark,caramel,3,2.0,dark red,2,soft_blush,2,black,1,natural_concealer,2,12 hrs,medium,2538,simple,normal,normal,"Apply 3 layers (~2.0 ml) of caramel foundation, 2 layer of dark red, 2 layers of soft_blush blush.",0
images/243.jpg,Dark,caramel,1,4.0,plum,1,soft_blush,1,black,1,natural_concealer,1,8 hrs,medium,1931,simple,normal,normal,"Apply 1 layers (~4.0 ml) of caramel foundation, 1 layer of plum, 1 layers of soft_blush blush.",0
images/525.jpg,Medium,sand,1,5.0,nude,2,soft_blush,2,black,1,natural_concealer,1,12 hrs,high,1489,occasion,office,normal,"Apply 1 layers (~5.0 ml) of sand foundation, 2 layer of nude, 2 layers of soft_blush blush.",0
images/531.jpg,Medium,sand,2,3.0,red,3,soft_blush,1,black,1,natural_concealer,1,10 hrs,low,1136,simple,normal,normal,"Apply 2 layers (~3.0 ml) of sand foundation, 3 layer of red, 1 layers of soft_blush blush.",0
images/257.jpg,Medium,sand,3,2.0,nude,2,soft_blush,2,black,3,natural_concealer,1,6 hrs,high,2336,weather,normal,humid,"Apply 3 layers (~2.0 ml) of sand foundation, 2 layer of nude, 2 layers of soft_blush blush.",0
images/519.jpg,Medium,sand,3,5.0,red,1,soft_blush,1,black,1,natural_concealer,1,10 hrs,high,1026,occasion,daily,normal,"Apply 3 layers (~5.0 ml) of sand foundation, 1 layer of red, 1 layers of soft_blush blush.",0
images/280.jpg,Medium,sand,3,4.0,coral,2,soft_blush,1,black,1,natural_concealer,2,10 hrs,low,869,simple,normal,normal,"Apply 3 layers (~4.0 ml) of sand foundation, 2 layer of coral, 1 layers of soft_blush blush.",0
images/294.jpg,Medium,warm_beige,3,5.0,red,2,soft_blush,1,black,2,natural_concealer,2,10 hrs,high,2848,simple,normal,normal,"Apply 3 layers (~5.0 ml) of warm_beige foundation, 2 layer of red, 1 layers of soft_blush blush.",0
images/337.jpg,Medium,warm_beige,2,3.0,red,3,soft_blush,2,black,2,natural_concealer,2,8 hrs,low,1785,occasion,bridal,normal,"Apply 2 layers (~3.0 ml) of warm_beige foundation, 3 layer of red, 2 layers of soft_blush blush.",0
images/451.jpg,Medium,warm_beige,3,2.0,coral,2,soft_blush,2,black,2,natural_concealer,2,8 hrs,high,2775,occasion,office,normal,"Apply 3 layers (~2.0 ml) of warm_beige foundation, 2 layer of coral, 2 layers of soft_blush blush.",0
images/445.jpg,Medium,beige,1,4.0,nude,1,soft_blush,1,black,1,natural_concealer,2,6 hrs,medium,905,simple,normal,normal,"Apply 1 layers (~4.0 ml) of beige foundation, 1 layer of nude, 1 layers of soft_blush blush.",0
images/323.jpg,Medium,sand,2,5.0,red,3,soft_blush,2,black,1,natural_concealer,2,6 hrs,low,516,simple,normal,normal,"Apply 2 layers (~5.0 ml) of sand foundation, 3 layer of red, 2 layers of soft_blush blush.",0
images/479.jpg,Medium,matte_sand,3,2.0,nude,2,soft_blush,2,black,3,natural_concealer,2,12 hrs,high,2707,weather,normal,hot,"Apply 3 layers (~2.0 ml) of matte_sand foundation, 2 layer of nude, 2 layers of soft_blush blush.",0
images/492.jpg,Medium,warm_beige,2,2.0,red,2,soft_blush,2,black,2,natural_concealer,1,8 hrs,medium,1180,weather,normal,humid,"Apply 2 layers (~2.0 ml) of warm_beige foundation, 2 layer of red, 2 layers of soft_blush blush.",0
images/486.jpg,Medium,beige,1,3.0,red,2,soft_blush,1,black,3,natural_concealer,1,12 hrs,high,632,weather,normal,humid,"Apply 1 layers (~3.0 ml) of beige foundation, 2 layer of red, 1 layers of soft_blush blush.",0
images/653.jpg,Medium,sand,1,3.0,nude,3,soft_blush,2,black,3,natural_concealer,1,6 hrs,low,2153,occasion,bridal,normal,"Apply 1 layers (~3.0 ml) of sand foundation, 3 layer of nude, 2 layers of soft_blush blush.",0
images/135.jpg,Medium,beige,2,4.0,red,2,soft_blush,1,black,1,natural_concealer,1,10 hrs,high,618,occasion,bridal,normal,"Apply 2 layers (~4.0 ml) of beige foundation, 2 layer of red, 1 layers of soft_blush blush.",0
images/121.jpg,Dark,caramel,2,2.0,dark red,2,soft_blush,1,black,2,natural_concealer,1,6 hrs,low,2120,simple,normal,normal,"Apply 2 layers (~2.0 ml) of caramel foundation, 2 layer of dark red, 1 layers of soft_blush blush.",0
images/647.jpg,Medium,sand,2,3.0,red,3,soft_blush,2,black,1,natural_concealer,2,12 hrs,medium,1461,occasion,bridal,normal,"Apply 2 layers (~3.0 ml) of sand foundation, 3 layer of red, 2 layers of soft_blush blush.",0
images/109.jpg,Medium,matte_beige,3,2.0,nude,2,soft_blush,1,black,1,natural_concealer,1,8 hrs,low,2977,weather,normal,hot,"Apply 3 layers (~2.0 ml) of matte_beige foundation, 2 layer of nude, 1 layers of soft_blush blush.",0
images/690.jpg,Medium,sand,1,4.0,red,2,soft_blush,2,black,3,natural_concealer,2,6 hrs,high,2179,weather,normal,cold,"Apply 1 layers (~4.0 ml) of sand foundation, 2 layer of red, 2 layers of soft_blush blush.",0
images/684.jpg,Medium,warm_beige,1,3.0,red,1,soft_blush,2,black,2,natural_concealer,1,6 hrs,medium,525,simple,normal,normal,"Apply 1 layers (~3.0 ml) of warm_beige foundation, 1 layer of red, 2 layers of soft_blush blush.",0
images/34.jpg,Dark,caramel,2,2.0,plum,1,soft_blush,1,black,1,natural_concealer,1,10 hrs,high,1929,weather,normal,humid,"Apply 2 layers (~2.0 ml) of caramel foundation, 1 layer of plum, 1 layers of soft_blush blush.",0
images/20.jpg,Medium,beige,1,4.0,nude,3,soft_blush,2,black,3,natural_concealer,1,10 hrs,medium,730,occasion,daily,normal,"Apply 1 layers (~4.0 ml) of beige foundation, 3 layer of nude, 2 layers of soft_blush blush.",0
images/36.jpg,Medium,sand,1,5.0,red,3,soft_blush,1,black,1,natural_concealer,1,10 hrs,high,2174,simple,normal,normal,"Apply 1 layers (~5.0 ml) of sand foundation, 3 layer of red, 1 layers of soft_blush blush.",0
images/22.jpg,Dark,caramel,1,2.0,plum,1,soft_blush,2,black,1,natural_concealer,1,10 hrs,high,1380,weather,normal,humid,"Apply 1 layers (~2.0 ml) of caramel foundation, 1 layer of plum, 2 layers of soft_blush blush.",0
images/686.jpg,Medium,warm_beige,2,5.0,coral,2,soft_blush,2,black,3,natural_concealer,1,10 hrs,high,2631,simple,normal,normal,"Apply 2 layers (~5.0 ml) of warm_beige foundation, 2 layer of coral, 2 layers of soft_blush blush.",0
images/679.jpg,Dark,mocha,3,4.0,plum,3,soft_blush,2,black,3,natural_concealer,1,6 hrs,low,561,weather,normal,humid,"Apply 3 layers (~4.0 ml) of mocha foundation, 3 layer of plum, 2 layers of soft_blush blush.",0
images/137.jpg,Medium,sand,3,4.0,coral,2,soft_blush,1,black,2,natural_concealer,1,8 hrs,low,2665,occasion,office,normal,"Apply 3 layers (~4.0 ml) of sand foundation, 2 layer of coral, 1 layers of soft_blush blush.",0
images/651.jpg,Medium,beige,2,4.0,red,3,soft_blush,1,black,1,natural_concealer,2,8 hrs,low,2081,occasion,office,normal,"Apply 2 layers (~4.0 ml) of beige foundation, 3 layer of red, 1 layers of soft_blush blush.",0
images/645.jpg,Medium,warm_beige,1,4.0,coral,2,soft_blush,2,black,3,natural_concealer,2,8 hrs,high,2790,simple,normal,normal,"Apply 1 layers (~4.0 ml) of warm_beige foundation, 2 layer of coral, 2 layers of soft_blush blush.",0
images/123.jpg,Medium,sand,2,5.0,coral,2,soft_blush,1,black,1,natural_concealer,2,10 hrs,low,985,occasion,daily,normal,"Apply 2 layers (~5.0 ml) of sand foundation, 2 layer of coral, 1 layers of soft_blush blush.",0
images/490.jpg,Medium,beige,3,2.0,coral,2,soft_blush,1,black,1,natural_concealer,1,6 hrs,medium,1974,simple,normal,normal,"Apply 3 layers (~2.0 ml) of beige foundation, 2 layer of coral, 1 layers of soft_blush blush.",0
images/484.jpg,Medium,beige,2,3.0,coral,3,soft_blush,1,black,2,natural_concealer,1,10 hrs,low,2392,simple,normal,normal,"Apply 2 layers (~3.0 ml) of beige foundation, 3 layer of coral, 1 layers of soft_blush blush.",0
images/309.jpg,Medium,warm_beige,1,2.0,coral,2,soft_blush,2,black,2,natural_concealer,1,6 hrs,low,2299,simple,normal,normal,"Apply 1 layers (~2.0 ml) of warm_beige foundation, 2 layer of coral, 2 layers of soft_blush blush.",0
images/453.jpg,Medium,sand,1,3.0,nude,2,soft_blush,2,black,3,natural_concealer,2,6 hrs,high,1911,weather,normal,humid,"Apply 1 layers (~3.0 ml) of sand foundation, 2 layer of nude, 2 layers of soft_blush blush.",0
images/335.jpg,Medium,warm_beige,1,4.0,red,1,soft_blush,2,black,1,natural_concealer,1,12 hrs,high,2384,simple,normal,normal,"Apply 1 layers (~4.0 ml) of warm_beige foundation, 1 layer of red, 2 layers of soft_blush blush.",0
images/321.jpg,Medium,matte_beige,3,5.0,nude,1,soft_blush,2,black,1,natural_concealer,1,8 hrs,high,644,weather,normal,hot,"Apply 3 layers (~5.0 ml) of matte_beige foundation, 1 layer of nude, 2 layers of soft_blush blush.",0
images/447.jpg,Medium,beige,3,5.0,red,2,soft_blush,1,black,3,natural_concealer,2,12 hrs,low,504,weather,normal,humid,"Apply 3 layers (~5.0 ml) of beige foundation, 2 layer of red, 1 layers of soft_blush blush.",0
images/282.jpg,Medium,beige,3,3.0,red,3,soft_blush,1,black,3,natural_concealer,1,6 hrs,high,891,simple,normal,normal,"Apply 3 layers (~3.0 ml) of beige foundation, 3 layer of red, 1 layers of soft_blush blush.",0
images/296.jpg,Medium,warm_beige,3,4.0,nude,3,soft_blush,2,black,1,natural_concealer,1,10 hrs,high,1357,occasion,daily,normal,"Apply 3 layers (~4.0 ml) of warm_beige foundation, 3 layer of nude, 2 layers of soft_blush blush.",0
images/269.jpg,Medium,warm_beige,2,2.0,nude,3,soft_blush,2,black,1,natural_concealer,2,10 hrs,medium,2324,weather,normal,humid,"Apply 2 layers (~2.0 ml) of warm_beige foundation, 3 layer of nude, 2 layers of soft_blush blush.",0
images/527.jpg,Medium,sand,2,5.0,red,1,soft_blush,2,black,3,natural_concealer,2,6 hrs,high,927,weather,normal,cold,"Apply 2 layers (~5.0 ml) of sand foundation, 1 layer of red, 2 layers of soft_blush blush.",0
images/241.jpg,Medium,beige,2,3.0,nude,2,soft_blush,1,black,3,natural_concealer,1,10 hrs,medium,1151,simple,normal,normal,"Apply 2 layers (~3.0 ml) of beige foundation, 2 layer of nude, 1 layers of soft_blush blush.",0
images/255.jpg,Medium,sand,3,4.0,red,1,soft_blush,2,black,2,natural_concealer,1,10 hrs,low,1610,simple,normal,normal,"Apply 3 layers (~4.0 ml) of sand foundation, 1 layer of red, 2 layers of soft_blush blush.",0
images/533.jpg,Medium,sand,1,4.0,red,3,soft_blush,2,black,3,natural_concealer,1,10 hrs,low,2133,weather,normal,humid,"Apply 1 layers (~4.0 ml) of sand foundation, 3 layer of red, 2 layers of soft_blush blush.",0
images/254.jpg,Medium,warm_beige,1,4.0,coral,2,soft_blush,1,black,3,natural_concealer,2,12 hrs,medium,2088,occasion,bridal,normal,"Apply 1 layers (~4.0 ml) of warm_beige foundation, 2 layer of coral, 1 layers of soft_blush blush.",0
images/532.jpg,Medium,beige,3,4.0,red,1,soft_blush,2,black,1,natural_concealer,2,12 hrs,high,2197,simple,normal,normal,"Apply 3 layers (~4.0 ml) of beige foundation, 1 layer of red, 2 layers of soft_blush blush.",0
images/526.jpg,Medium,warm_beige,1,5.0,coral,3,soft_blush,2,black,3,natural_concealer,2,10 hrs,low,2581,simple,normal,normal,"Apply 1 layers (~5.0 ml) of warm_beige foundation, 3 layer of coral, 2 layers of soft_blush blush.",0
images/240.jpg,Medium,warm_beige,2,4.0,nude,2,soft_blush,1,black,1,natural_concealer,1,8 hrs,medium,2289,weather,normal,humid,"Apply 2 layers (~4.0 ml) of warm_beige foundation, 2 layer of nude, 1 layers of soft_blush blush.",0
images/268.jpg,Medium,beige,1,3.0,bold_coral,3,soft_blush,2,black,1,natural_concealer,2,8 hrs,low,2690,occasion,party,normal,"Apply 1 layers (~3.0 ml) of beige foundation, 3 layer of bold_coral, 2 layers of soft_blush blush.",0
images/297.jpg,Medium,sand,3,5.0,coral,1,soft_blush,2,black,2,natural_concealer,2,12 hrs,medium,1770,weather,normal,humid,"Apply 3 layers (~5.0 ml) of sand foundation, 1 layer of coral, 2 layers of soft_blush blush.",0
images/283.jpg,Medium,beige,2,4.0,nude,1,soft_blush,2,black,2,natural_concealer,1,6 hrs,low,2661,weather,normal,humid,"Apply 2 layers (~4.0 ml) of beige foundation, 1 layer of nude, 2 layers of soft_blush blush.",0
images/320.jpg,Medium,beige,2,3.0,coral,1,soft_blush,1,black,2,natural_concealer,1,10 hrs,high,2155,simple,normal,normal,"Apply 2 layers (~3.0 ml) of beige foundation, 1 layer of coral, 1 layers of soft_blush blush.",0
images/446.jpg,Medium,sand,1,5.0,coral,2,soft_blush,2,black,2,natural_concealer,2,10 hrs,medium,844,simple,normal,normal,"Apply 1 layers (~5.0 ml) of sand foundation, 2 layer of coral, 2 layers of soft_blush blush.",0
images/452.jpg,Medium,sand,3,5.0,nude,2,soft_blush,2,black,1,natural_concealer,2,8 hrs,low,2496,occasion,daily,normal,"Apply 3 layers (~5.0 ml) of sand foundation, 2 layer of nude, 2 layers of soft_blush blush.",0
images/334.jpg,Medium,warm_beige,3,5.0,red,3,soft_blush,2,black,3,natural_concealer,1,6 hrs,low,2503,simple,normal,normal,"Apply 3 layers (~5.0 ml) of warm_beige foundation, 3 layer of red, 2 layers of soft_blush blush.",0
images/308.jpg,Medium,warm_beige,3,4.0,coral,3,soft_blush,1,black,2,natural_concealer,2,8 hrs,low,2087,occasion,bridal,normal,"Apply 3 layers (~4.0 ml) of warm_beige foundation, 3 layer of coral, 1 layers of soft_blush blush.",0
images/485.jpg,Medium,warm_beige,3,3.0,nude,2,soft_blush,2,black,1,natural_concealer,1,8 hrs,low,949,occasion,bridal,normal,"Apply 3 layers (~3.0 ml) of warm_beige foundation, 2 layer of nude, 2 layers of soft_blush blush.",0
images/491.jpg,Medium,beige,2,5.0,red,2,soft_blush,2,black,3,natural_concealer,1,12 hrs,medium,1060,simple,normal,normal,"Apply 2 layers (~5.0 ml) of beige foundation, 2 layer of red, 2 layers of soft_blush blush.",0
images/644.jpg,Medium,matte_warm_beige,3,3.0,nude,1,soft_blush,1,black,1,natural_concealer,2,10 hrs,high,2402,weather,normal,hot,"Apply 3 layers (~3.0 ml) of matte_warm_beige foundation, 1 layer of nude, 1 layers of soft_blush blush.",0
images/122.jpg,Medium,warm_beige,1,5.0,coral,2,soft_blush,2,black,2,natural_concealer,1,8 hrs,high,571,simple,normal,normal,"Apply 1 layers (~5.0 ml) of warm_beige foundation, 2 layer of coral, 2 layers of soft_blush blush.",0
images/136.jpg,Dark,matte_mocha,3,2.0,nude,2,soft_blush,2,black,3,natural_concealer,1,6 hrs,low,546,weather,normal,hot,"Apply 3 layers (~2.0 ml) of matte_mocha foundation, 2 layer of nude, 2 layers of soft_blush blush.",0
images/650.jpg,Dark,mocha,2,5.0,plum,3,soft_blush,1,black,1,natural_concealer,2,10 hrs,high,2868,weather,normal,cold,"Apply 2 layers (~5.0 ml) of mocha foundation, 3 layer of plum, 1 layers of soft_blush blush.",0
images/678.jpg,Medium,sand,1,3.0,coral,3,soft_blush,2,black,3,natural_concealer,2,8 hrs,medium,2076,occasion,bridal,normal,"Apply 1 layers (~3.0 ml) of sand foundation, 3 layer of coral, 2 layers of soft_blush blush.",0
images/687.jpg,Medium,warm_beige,1,4.0,red,3,soft_blush,2,black,1,natural_concealer,1,12 hrs,low,639,simple,normal,normal,"Apply 1 layers (~4.0 ml) of warm_beige foundation, 3 layer of red, 2 layers of soft_blush blush.",0
images/23.jpg,Medium,beige,2,5.0,nude,1,soft_blush,2,black,2,natural_concealer,1,10 hrs,low,2059,weather,normal,humid,"Apply 2 layers (~5.0 ml) of beige foundation, 1 layer of nude, 2 layers of soft_blush blush.",0
images/37.jpg,Medium,beige,3,5.0,coral,3,soft_blush,2,black,3,natural_concealer,1,12 hrs,high,631,simple,normal,normal,"Apply 3 layers (~5.0 ml) of beige foundation, 3 layer of coral, 2 layers of soft_blush blush.",0
images/683.jpg,Medium,sand,2,3.0,nude,2,soft_blush,2,black,3,natural_concealer,2,10 hrs,low,1742,simple,normal,normal,"Apply 2 layers (~3.0 ml) of sand foundation, 2 layer of nude, 2 layers of soft_blush blush.",0
images/33.jpg,Medium,beige,2,3.0,coral,1,soft_blush,2,black,1,natural_concealer,1,12 hrs,high,1553,simple,normal,normal,"Apply 2 layers (~3.0 ml) of beige foundation, 1 layer of coral, 2 layers of soft_blush blush.",0
images/27.jpg,Dark,mocha,1,5.0,dark red,2,soft_blush,1,black,1,natural_concealer,2,6 hrs,low,2054,simple,normal,normal,"Apply 1 layers (~5.0 ml) of mocha foundation, 2 layer of dark red, 1 layers of soft_blush blush.",0
images/654.jpg,Medium,beige,1,3.0,bold_red,3,soft_blush,1,black,2,natural_concealer,1,10 hrs,high,735,occasion,party,normal,"Apply 1 layers (~3.0 ml) of beige foundation, 3 layer of bold_red, 1 layers of soft_blush blush.",0
images/132.jpg,Medium,sand,2,4.0,red,1,soft_blush,1,black,1,natural_concealer,1,10 hrs,high,1290,weather,normal,cold,"Apply 2 layers (~4.0 ml) of sand foundation, 1 layer of red, 1 layers of soft_blush blush.",0
images/126.jpg,Medium,beige,1,2.0,bold_nude,3,soft_blush,1,black,2,natural_concealer,1,6 hrs,medium,2664,occasion,party,normal,"Apply 1 layers (~2.0 ml) of beige foundation, 3 layer of bold_nude, 1 layers of soft_blush blush.",0
images/640.jpg,Dark,caramel,3,2.0,plum,2,soft_blush,1,black,3,natural_concealer,1,6 hrs,low,977,occasion,bridal,normal,"Apply 3 layers (~2.0 ml) of caramel foundation, 2 layer of plum, 1 layers of soft_blush blush.",0
images/668.jpg,Medium,warm_beige,2,5.0,red,1,soft_blush,2,black,2,natural_concealer,1,6 hrs,medium,2918,simple,normal,normal,"Apply 2 layers (~5.0 ml) of warm_beige foundation, 1 layer of red, 2 layers of soft_blush blush.",0
images/495.jpg,Medium,warm_beige,3,4.0,nude,1,soft_blush,1,black,3,natural_concealer,1,12 hrs,high,1424,weather,normal,humid,"Apply 3 layers (~4.0 ml) of warm_beige foundation, 1 layer of nude, 1 layers of soft_blush blush.",0
images/481.jpg,Medium,warm_beige,1,4.0,nude,2,soft_blush,1,black,2,natural_concealer,1,12 hrs,high,1688,weather,normal,cold,"Apply 1 layers (~4.0 ml) of warm_beige foundation, 2 layer of nude, 1 layers of soft_blush blush.",0
images/330.jpg,Medium,warm_beige,1,3.0,coral,2,soft_blush,2,black,2,natural_concealer,1,8 hrs,medium,2014,weather,normal,cold,"Apply 1 layers (~3.0 ml) of warm_beige foundation, 2 layer of coral, 2 layers of soft_blush blush.",0
images/456.jpg,Medium,beige,2,3.0,coral,2,soft_blush,1,black,2,natural_concealer,1,8 hrs,high,1876,simple,normal,normal,"Apply 2 layers (~3.0 ml) of beige foundation, 2 layer of coral, 1 layers of soft_blush blush.",0
images/442.jpg,Dark,mocha,3,4.0,plum,2,soft_blush,2,black,3,natural_concealer,1,6 hrs,low,1341,occasion,office,normal,"Apply 3 layers (~4.0 ml) of mocha foundation, 2 layer of plum, 2 layers of soft_blush blush.",0
images/324.jpg,Dark,mocha,2,4.0,dark red,2,soft_blush,2,black,2,natural_concealer,2,12 hrs,medium,2965,occasion,daily,normal,"Apply 2 layers (~4.0 ml) of mocha foundation, 2 layer of dark red, 2 layers of soft_blush blush.",0
images/318.jpg,Medium,sand,3,3.0,nude,2,soft_blush,2,black,1,natural_concealer,1,6 hrs,low,2719,occasion,bridal,normal,"Apply 3 layers (~3.0 ml) of sand foundation, 2 layer of nude, 2 layers of soft_blush blush.",0
images/287.jpg,Medium,beige,3,2.0,coral,1,soft_blush,2,black,2,natural_concealer,2,8 hrs,high,1374,occasion,office,normal,"Apply 3 layers (~2.0 ml) of beige foundation, 1 layer of coral, 2 layers of soft_blush blush.",0
images/293.jpg,Medium,sand,3,3.0,coral,3,soft_blush,1,black,1,natural_concealer,1,12 hrs,low,1240,simple,normal,normal,"Apply 3 layers (~3.0 ml) of sand foundation, 3 layer of coral, 1 layers of soft_blush blush.",0
images/244.jpg,Dark,mocha,3,5.0,wine,2,soft_blush,2,black,2,natural_concealer,1,10 hrs,high,878,weather,normal,humid,"Apply 3 layers (~5.0 ml) of mocha foundation, 2 layer of wine, 2 layers of soft_blush blush.",0
images/522.jpg,Medium,warm_beige,1,4.0,red,2,soft_blush,1,black,2,natural_concealer,2,12 hrs,medium,569,weather,normal,humid,"Apply 1 layers (~4.0 ml) of warm_beige foundation, 2 layer of red, 1 layers of soft_blush blush.",0
images/536.jpg,Medium,beige,2,3.0,nude,2,soft_blush,1,black,3,natural_concealer,1,8 hrs,medium,1898,simple,normal,normal,"Apply 2 layers (~3.0 ml) of beige foundation, 2 layer of nude, 1 layers of soft_blush blush.",0
images/250.jpg,Medium,sand,2,3.0,bold_coral,2,soft_blush,1,black,3,natural_concealer,1,12 hrs,medium,513,occasion,party,normal,"Apply 2 layers (~3.0 ml) of sand foundation, 2 layer of bold_coral, 1 layers of soft_blush blush.",0
images/278.jpg,Dark,espresso,2,4.0,dark red,1,soft_blush,1,black,3,natural_concealer,1,8 hrs,low,2757,simple,normal,normal,"Apply 2 layers (~4.0 ml) of espresso foundation, 1 layer of dark red, 1 layers of soft_blush blush.",0
images/279.jpg,Dark,mocha,3,3.0,plum,2,soft_blush,2,black,3,natural_concealer,2,12 hrs,high,2678,occasion,daily,normal,"Apply 3 layers (~3.0 ml) of mocha foundation, 2 layer of plum, 2 layers of soft_blush blush.",0
images/537.jpg,Medium,warm_beige,1,3.0,nude,2,soft_blush,2,black,1,natural_concealer,2,6 hrs,high,1751,occasion,office,normal,"Apply 1 layers (~3.0 ml) of warm_beige foundation, 2 layer of nude, 2 layers of soft_blush blush.",0
images/251.jpg,Medium,beige,1,5.0,coral,3,soft_blush,1,black,2,natural_concealer,1,8 hrs,medium,1725,simple,normal,normal,"Apply 1 layers (~5.0 ml) of beige foundation, 3 layer of coral, 1 layers of soft_blush blush.",0
images/245.jpg,Medium,sand,2,4.0,coral,2,soft_blush,1,black,1,natural_concealer,2,10 hrs,medium,1149,simple,normal,normal,"Apply 2 layers (~4.0 ml) of sand foundation, 2 layer of coral, 1 layers of soft_blush blush.",0
images/523.jpg,Medium,sand,3,2.0,nude,2,soft_blush,2,black,2,natural_concealer,1,10 hrs,high,1258,simple,normal,normal,"Apply 3 layers (~2.0 ml) of sand foundation, 2 layer of nude, 2 layers of soft_blush blush.",0
images/292.jpg,Medium,sand,3,5.0,nude,2,soft_blush,1,black,3,natural_concealer,2,8 hrs,high,2118,occasion,daily,normal,"Apply 3 layers (~5.0 ml) of sand foundation, 2 layer of nude, 1 layers of soft_blush blush.",0
images/286.jpg,Medium,sand,3,2.0,red,2,soft_blush,1,black,2,natural_concealer,1,6 hrs,low,1834,simple,normal,normal,"Apply 3 layers (~2.0 ml) of sand foundation, 2 layer of red, 1 layers of soft_blush blush.",0
images/319.jpg,Medium,warm_beige,2,2.0,nude,3,soft_blush,2,black,1,natural_concealer,1,12 hrs,medium,2108,simple,normal,normal,"Apply 2 layers (~2.0 ml) of warm_beige foundation, 3 layer of nude, 2 layers of soft_blush blush.",0
images/443.jpg,Medium,warm_beige,3,5.0,red,1,soft_blush,1,black,1,natural_concealer,1,8 hrs,low,2095,weather,normal,humid,"Apply 3 layers (~5.0 ml) of warm_beige foundation, 1 layer of red, 1 layers of soft_blush blush.",0
images/325.jpg,Medium,warm_beige,2,3.0,nude,2,soft_blush,1,black,1,natural_concealer,2,10 hrs,high,2224,weather,normal,humid,"Apply 2 layers (~3.0 ml) of warm_beige foundation, 2 layer of nude, 1 layers of soft_blush blush.",0
images/331.jpg,Medium,warm_beige,2,2.0,coral,1,soft_blush,1,black,2,natural_concealer,2,6 hrs,medium,1948,weather,normal,humid,"Apply 2 layers (~2.0 ml) of warm_beige foundation, 1 layer of coral, 1 layers of soft_blush blush.",0
images/457.jpg,Medium,sand,1,3.0,coral,1,soft_blush,1,black,3,natural_concealer,1,10 hrs,high,2537,weather,normal,humid,"Apply 1 layers (~3.0 ml) of sand foundation, 1 layer of coral, 1 layers of soft_blush blush.",0
images/480.jpg,Medium,beige,1,3.0,red,2,soft_blush,2,black,1,natural_concealer,2,12 hrs,high,2796,occasion,office,normal,"Apply 1 layers (~3.0 ml) of beige foundation, 2 layer of red, 2 layers of soft_blush blush.",0
images/494.jpg,Medium,warm_beige,3,4.0,red,2,soft_blush,2,black,3,natural_concealer,2,6 hrs,medium,2488,occasion,daily,normal,"Apply 3 layers (~4.0 ml) of warm_beige foundation, 2 layer of red, 2 layers of soft_blush blush.",0
images/669.jpg,Medium,sand,1,3.0,nude,3,soft_blush,2,black,2,natural_concealer,2,8 hrs,high,974,simple,normal,normal,"Apply 1 layers (~3.0 ml) of sand foundation, 3 layer of nude, 2 layers of soft_blush blush.",0
images/127.jpg,Medium,warm_beige,1,3.0,bold_red,3,soft_blush,2,black,3,natural_concealer,2,12 hrs,medium,2847,occasion,party,normal,"Apply 1 layers (~3.0 ml) of warm_beige foundation, 3 layer of bold_red, 2 layers of soft_blush blush.",0
images/641.jpg,Medium,beige,1,4.0,coral,1,soft_blush,1,black,3,natural_concealer,1,8 hrs,medium,1207,occasion,daily,normal,"Apply 1 layers (~4.0 ml) of beige foundation, 1 layer of coral, 1 layers of soft_blush blush.",0
images/655.jpg,Medium,sand,2,3.0,nude,1,soft_blush,2,black,2,natural_concealer,1,8 hrs,low,2926,simple,normal,normal,"Apply 2 layers (~3.0 ml) of sand foundation, 1 layer of nude, 2 layers of soft_blush blush.",0
images/133.jpg,Medium,warm_beige,3,4.0,nude,1,soft_blush,2,black,1,natural_concealer,2,10 hrs,high,1026,weather,normal,humid,"Apply 3 layers (~4.0 ml) of warm_beige foundation, 1 layer of nude, 2 layers of soft_blush blush.",0
images/26.jpg,Medium,beige,3,5.0,red,3,soft_blush,2,black,1,natural_concealer,2,12 hrs,medium,2722,simple,normal,normal,"Apply 3 layers (~5.0 ml) of beige foundation, 3 layer of red, 2 layers of soft_blush blush.",0
images/32.jpg,Medium,matte_sand,3,4.0,nude,1,soft_blush,2,black,3,natural_concealer,1,8 hrs,high,629,weather,normal,hot,"Apply 3 layers (~4.0 ml) of matte_sand foundation, 1 layer of nude, 2 layers of soft_blush blush.",0
images/682.jpg,Medium,warm_beige,2,3.0,nude,3,soft_blush,2,black,1,natural_concealer,2,8 hrs,medium,581,occasion,daily,normal,"Apply 2 layers (~3.0 ml) of warm_beige foundation, 3 layer of nude, 2 layers of soft_blush blush.",0
images/680.jpg,Medium,beige,2,5.0,coral,3,soft_blush,1,black,2,natural_concealer,2,12 hrs,medium,633,simple,normal,normal,"Apply 2 layers (~5.0 ml) of beige foundation, 3 layer of coral, 1 layers of soft_blush blush.",0
images/18.jpg,Medium,warm_beige,2,4.0,red,2,soft_blush,2,black,2,natural_concealer,1,10 hrs,low,2873,simple,normal,normal,"Apply 2 layers (~4.0 ml) of warm_beige foundation, 2 layer of red, 2 layers of soft_blush blush.",0
images/24.jpg,Medium,sand,3,3.0,red,2,soft_blush,1,black,2,natural_concealer,1,8 hrs,low,864,simple,normal,normal,"Apply 3 layers (~3.0 ml) of sand foundation, 2 layer of red, 1 layers of soft_blush blush.",0
images/30.jpg,Medium,beige,1,5.0,coral,1,soft_blush,1,black,1,natural_concealer,1,12 hrs,medium,2410,occasion,daily,normal,"Apply 1 layers (~5.0 ml) of beige foundation, 1 layer of coral, 1 layers of soft_blush blush.",0
images/643.jpg,Medium,sand,3,3.0,bold_red,2,soft_blush,2,black,2,natural_concealer,1,8 hrs,low,693,occasion,party,normal,"Apply 3 layers (~3.0 ml) of sand foundation, 2 layer of bold_red, 2 layers of soft_blush blush.",0
images/125.jpg,Medium,warm_beige,1,5.0,coral,3,soft_blush,1,black,2,natural_concealer,1,8 hrs,medium,1236,weather,normal,cold,"Apply 1 layers (~5.0 ml) of warm_beige foundation, 3 layer of coral, 1 layers of soft_blush blush.",0
images/131.jpg,Medium,sand,1,2.0,bold_red,3,soft_blush,1,black,2,natural_concealer,2,10 hrs,high,1135,occasion,party,normal,"Apply 1 layers (~2.0 ml) of sand foundation, 3 layer of bold_red, 1 layers of soft_blush blush.",0
images/657.jpg,Medium,warm_beige,1,2.0,red,3,soft_blush,2,black,3,natural_concealer,2,12 hrs,medium,1935,occasion,daily,normal,"Apply 1 layers (~2.0 ml) of warm_beige foundation, 3 layer of red, 2 layers of soft_blush blush.",0
images/119.jpg,Dark,caramel,3,2.0,dark red,2,soft_blush,1,black,3,natural_concealer,1,10 hrs,medium,2297,occasion,bridal,normal,"Apply 3 layers (~2.0 ml) of caramel foundation, 2 layer of dark red, 1 layers of soft_blush blush.",0
images/482.jpg,Medium,warm_beige,2,5.0,nude,2,soft_blush,1,black,3,natural_concealer,2,12 hrs,medium,2646,weather,normal,cold,"Apply 2 layers (~5.0 ml) of warm_beige foundation, 2 layer of nude, 1 layers of soft_blush blush.",0
images/496.jpg,Medium,sand,3,2.0,coral,3,soft_blush,1,black,3,natural_concealer,2,6 hrs,low,1594,weather,normal,humid,"Apply 3 layers (~2.0 ml) of sand foundation, 3 layer of coral, 1 layers of soft_blush blush.",0
images/327.jpg,Medium,warm_beige,2,4.0,coral,2,soft_blush,2,black,2,natural_concealer,1,12 hrs,medium,793,simple,normal,normal,"Apply 2 layers (~4.0 ml) of warm_beige foundation, 2 layer of coral, 2 layers of soft_blush blush.",0
images/441.jpg,Medium,sand,1,4.0,red,3,soft_blush,1,black,2,natural_concealer,1,10 hrs,low,2367,simple,normal,normal,"Apply 1 layers (~4.0 ml) of sand foundation, 3 layer of red, 1 layers of soft_blush blush.",0
images/455.jpg,Medium,matte_sand,2,2.0,nude,2,soft_blush,1,black,3,natural_concealer,1,6 hrs,medium,2222,weather,normal,hot,"Apply 2 layers (~2.0 ml) of matte_sand foundation, 2 layer of nude, 1 layers of soft_blush blush.",0
images/333.jpg,Medium,sand,1,4.0,coral,1,soft_blush,2,black,1,natural_concealer,1,12 hrs,low,858,occasion,office,normal,"Apply 1 layers (~4.0 ml) of sand foundation, 1 layer of coral, 2 layers of soft_blush blush.",0
images/469.jpg,Medium,sand,3,4.0,coral,1,soft_blush,2,black,1,natural_concealer,2,12 hrs,low,1534,simple,normal,normal,"Apply 3 layers (~4.0 ml) of sand foundation, 1 layer of coral, 2 layers of soft_blush blush.",0
images/290.jpg,Medium,sand,2,3.0,coral,2,soft_blush,2,black,1,natural_concealer,1,10 hrs,medium,2190,occasion,office,normal,"Apply 2 layers (~3.0 ml) of sand foundation, 2 layer of coral, 2 layers of soft_blush blush.",0
images/284.jpg,Medium,sand,1,3.0,red,1,soft_blush,1,black,2,natural_concealer,1,10 hrs,low,1106,weather,normal,humid,"Apply 1 layers (~3.0 ml) of sand foundation, 1 layer of red, 1 layers of soft_blush blush.",0
images/253.jpg,Medium,beige,1,5.0,coral,3,soft_blush,1,black,1,natural_concealer,2,12 hrs,high,1360,weather,normal,humid,"Apply 1 layers (~5.0 ml) of beige foundation, 3 layer of coral, 1 layers of soft_blush blush.",0
images/535.jpg,Medium,warm_beige,2,2.0,red,1,soft_blush,2,black,3,natural_concealer,2,12 hrs,high,2119,occasion,daily,normal,"Apply 2 layers (~2.0 ml) of warm_beige foundation, 1 layer of red, 2 layers of soft_blush blush.",0
images/521.jpg,Medium,beige,3,3.0,coral,2,soft_blush,1,black,1,natural_concealer,2,12 hrs,low,2366,weather,normal,humid,"Apply 3 layers (~3.0 ml) of beige foundation, 2 layer of coral, 1 layers of soft_blush blush.",0
images/247.jpg,Medium,sand,1,5.0,nude,2,soft_blush,2,black,2,natural_concealer,1,10 hrs,high,2216,occasion,bridal,normal,"Apply 1 layers (~5.0 ml) of sand foundation, 2 layer of nude, 2 layers of soft_blush blush.",0
images/509.jpg,Medium,warm_beige,3,3.0,nude,3,soft_blush,2,black,1,natural_concealer,1,8 hrs,medium,875,simple,normal,normal,"Apply 3 layers (~3.0 ml) of warm_beige foundation, 3 layer of nude, 2 layers of soft_blush blush.",0
images/508.jpg,Medium,beige,2,4.0,red,2,soft_blush,1,black,1,natural_concealer,2,6 hrs,medium,1541,occasion,bridal,normal,"Apply 2 layers (~4.0 ml) of beige foundation, 2 layer of red, 1 layers of soft_blush blush.",0
images/520.jpg,Dark,espresso,1,3.0,plum,3,soft_blush,1,black,1,natural_concealer,1,8 hrs,high,2321,occasion,bridal,normal,"Apply 1 layers (~3.0 ml) of espresso foundation, 3 layer of plum, 1 layers of soft_blush blush.",0
images/246.jpg,Medium,sand,2,3.0,coral,3,soft_blush,1,black,3,natural_concealer,1,10 hrs,high,908,weather,normal,humid,"Apply 2 layers (~3.0 ml) of sand foundation, 3 layer of coral, 1 layers of soft_blush blush.",0
images/252.jpg,Medium,matte_beige,1,2.0,nude,2,soft_blush,2,black,3,natural_concealer,1,10 hrs,low,532,weather,normal,hot,"Apply 1 layers (~2.0 ml) of matte_beige foundation, 2 layer of nude, 2 layers of soft_blush blush.",0
images/534.jpg,Medium,warm_beige,3,2.0,nude,3,soft_blush,1,black,1,natural_concealer,2,6 hrs,low,524,simple,normal,normal,"Apply 3 layers (~2.0 ml) of warm_beige foundation, 3 layer of nude, 1 layers of soft_blush blush.",0
images/285.jpg,Medium,sand,2,2.0,nude,3,soft_blush,1,black,1,natural_concealer,1,12 hrs,low,2378,occasion,bridal,normal,"Apply 2 layers (~2.0 ml) of sand foundation, 3 layer of nude, 1 layers of soft_blush blush.",0
images/291.jpg,Medium,sand,1,4.0,nude,2,soft_blush,1,black,3,natural_concealer,1,6 hrs,medium,859,simple,normal,normal,"Apply 1 layers (~4.0 ml) of sand foundation, 2 layer of nude, 1 layers of soft_blush blush.",0
images/468.jpg,Medium,warm_beige,3,3.0,nude,2,soft_blush,2,black,3,natural_concealer,2,10 hrs,high,1396,occasion,office,normal,"Apply 3 layers (~3.0 ml) of warm_beige foundation, 2 layer of nude, 2 layers of soft_blush blush.",0
images/454.jpg,Medium,beige,3,4.0,nude,2,soft_blush,1,black,2,natural_concealer,2,12 hrs,high,1084,simple,normal,normal,"Apply 3 layers (~4.0 ml) of beige foundation, 2 layer of nude, 1 layers of soft_blush blush.",0
images/332.jpg,Medium,warm_beige,2,2.0,coral,2,soft_blush,2,black,1,natural_concealer,1,10 hrs,low,1304,simple,normal,normal,"Apply 2 layers (~2.0 ml) of warm_beige foundation, 2 layer of coral, 2 layers of soft_blush blush.",0
images/326.jpg,Medium,beige,3,4.0,nude,1,soft_blush,2,black,1,natural_concealer,2,6 hrs,medium,626,simple,normal,normal,"Apply 3 layers (~4.0 ml) of beige foundation, 1 layer of nude, 2 layers of soft_blush blush.",0
images/440.jpg,Medium,sand,3,2.0,coral,1,soft_blush,1,black,2,natural_concealer,1,10 hrs,medium,1291,occasion,bridal,normal,"Apply 3 layers (~2.0 ml) of sand foundation, 1 layer of coral, 1 layers of soft_blush blush.",0
images/497.jpg,Medium,warm_beige,2,3.0,coral,3,soft_blush,2,black,1,natural_concealer,1,6 hrs,high,606,simple,normal,normal,"Apply 2 layers (~3.0 ml) of warm_beige foundation, 3 layer of coral, 2 layers of soft_blush blush.",0
images/483.jpg,Medium,sand,2,2.0,coral,2,soft_blush,2,black,2,natural_concealer,2,10 hrs,high,1038,occasion,bridal,normal,"Apply 2 layers (~2.0 ml) of sand foundation, 2 layer of coral, 2 layers of soft_blush blush.",0
images/118.jpg,Medium,beige,3,2.0,coral,1,soft_blush,2,black,3,natural_concealer,1,12 hrs,low,1055,simple,normal,normal,"Apply 3 layers (~2.0 ml) of beige foundation, 1 layer of coral, 2 layers of soft_blush blush.",0
images/130.jpg,Medium,warm_beige,2,3.0,bold_red,1,soft_blush,1,black,3,natural_concealer,2,12 hrs,medium,1801,occasion,party,normal,"Apply 2 layers (~3.0 ml) of warm_beige foundation, 1 layer of bold_red, 1 layers of soft_blush blush.",0
images/656.jpg,Medium,warm_beige,2,4.0,bold_coral,1,soft_blush,2,black,1,natural_concealer,1,12 hrs,low,1755,occasion,party,normal,"Apply 2 layers (~4.0 ml) of warm_beige foundation, 1 layer of bold_coral, 2 layers of soft_blush blush.",0
images/642.jpg,Dark,mocha,3,2.0,dark red,1,soft_blush,1,black,1,natural_concealer,2,12 hrs,medium,1464,simple,normal,normal,"Apply 3 layers (~2.0 ml) of mocha foundation, 1 layer of dark red, 1 layers of soft_blush blush.",0
images/124.jpg,Medium,beige,2,5.0,nude,3,soft_blush,1,black,3,natural_concealer,2,10 hrs,low,2938,simple,normal,normal,"Apply 2 layers (~5.0 ml) of beige foundation, 3 layer of nude, 1 layers of soft_blush blush.",0
images/31.jpg,Medium,sand,3,5.0,nude,2,soft_blush,2,black,1,natural_concealer,1,6 hrs,high,1614,simple,normal,normal,"Apply 3 layers (~5.0 ml) of sand foundation, 2 layer of nude, 2 layers of soft_blush blush.",0
images/25.jpg,Medium,warm_beige,1,3.0,nude,1,soft_blush,2,black,1,natural_concealer,1,8 hrs,medium,1424,occasion,daily,normal,"Apply 1 layers (~3.0 ml) of warm_beige foundation, 1 layer of nude, 2 layers of soft_blush blush.",0
images/19.jpg,Medium,warm_beige,1,5.0,nude,1,soft_blush,2,black,2,natural_concealer,1,8 hrs,medium,2293,occasion,office,normal,"Apply 1 layers (~5.0 ml) of warm_beige foundation, 1 layer of nude, 2 layers of soft_blush blush.",0
images/681.jpg,Medium,beige,3,3.0,red,2,soft_blush,2,black,1,natural_concealer,1,10 hrs,low,2239,simple,normal,normal,"Apply 3 layers (~3.0 ml) of beige foundation, 2 layer of red, 2 layers of soft_blush blush.",0
images/42.jpg,Medium,warm_beige,3,3.0,nude,3,soft_blush,2,black,3,natural_concealer,1,6 hrs,low,2660,weather,normal,cold,"Apply 3 layers (~3.0 ml) of warm_beige foundation, 3 layer of nude, 2 layers of soft_blush blush.",0
images/4.jpg,Medium,matte_beige,1,3.0,nude,1,soft_blush,1,black,1,natural_concealer,2,6 hrs,high,2848,weather,normal,hot,"Apply 1 layers (~3.0 ml) of matte_beige foundation, 1 layer of nude, 1 layers of soft_blush blush.",0
images/56.jpg,Dark,espresso,2,4.0,plum,1,soft_blush,1,black,1,natural_concealer,2,12 hrs,high,1523,simple,normal,normal,"Apply 2 layers (~4.0 ml) of espresso foundation, 1 layer of plum, 1 layers of soft_blush blush.",0
images/180.jpg,Medium,sand,1,3.0,nude,2,soft_blush,1,black,1,natural_concealer,1,8 hrs,high,1273,simple,normal,normal,"Apply 1 layers (~3.0 ml) of sand foundation, 2 layer of nude, 1 layers of soft_blush blush.",0
images/194.jpg,Medium,sand,3,3.0,nude,2,soft_blush,2,black,1,natural_concealer,1,8 hrs,low,1896,simple,normal,normal,"Apply 3 layers (~3.0 ml) of sand foundation, 2 layer of nude, 2 layers of soft_blush blush.",0
images/81.jpg,Medium,warm_beige,2,4.0,red,3,soft_blush,1,black,3,natural_concealer,2,6 hrs,medium,757,occasion,bridal,normal,"Apply 2 layers (~4.0 ml) of warm_beige foundation, 3 layer of red, 1 layers of soft_blush blush.",0
images/619.jpg,Medium,beige,3,3.0,coral,2,soft_blush,1,black,1,natural_concealer,2,6 hrs,high,2496,weather,normal,humid,"Apply 3 layers (~3.0 ml) of beige foundation, 2 layer of coral, 1 layers of soft_blush blush.",0
images/95.jpg,Medium,beige,1,3.0,nude,2,soft_blush,2,black,3,natural_concealer,2,12 hrs,high,757,simple,normal,normal,"Apply 1 layers (~3.0 ml) of beige foundation, 2 layer of nude, 2 layers of soft_blush blush.",0
images/625.jpg,Medium,warm_beige,3,5.0,coral,1,soft_blush,2,black,3,natural_concealer,1,6 hrs,high,2662,occasion,office,normal,"Apply 3 layers (~5.0 ml) of warm_beige foundation, 1 layer of coral, 2 layers of soft_blush blush.",0
images/143.jpg,Medium,sand,1,2.0,nude,1,soft_blush,2,black,2,natural_concealer,2,10 hrs,high,1641,simple,normal,normal,"Apply 1 layers (~2.0 ml) of sand foundation, 1 layer of nude, 2 layers of soft_blush blush.",0
images/157.jpg,Medium,warm_beige,1,4.0,nude,1,soft_blush,2,black,2,natural_concealer,2,10 hrs,low,1711,occasion,office,normal,"Apply 1 layers (~4.0 ml) of warm_beige foundation, 1 layer of nude, 2 layers of soft_blush blush.",0
images/631.jpg,Medium,warm_beige,1,5.0,coral,2,soft_blush,2,black,2,natural_concealer,1,6 hrs,high,722,simple,normal,normal,"Apply 1 layers (~5.0 ml) of warm_beige foundation, 2 layer of coral, 2 layers of soft_blush blush.",0
images/382.jpg,Medium,sand,2,4.0,coral,2,soft_blush,1,black,3,natural_concealer,1,10 hrs,medium,2991,weather,normal,humid,"Apply 2 layers (~4.0 ml) of sand foundation, 2 layer of coral, 1 layers of soft_blush blush.",0
images/396.jpg,Medium,warm_beige,1,4.0,bold_nude,1,soft_blush,2,black,3,natural_concealer,1,8 hrs,medium,1677,occasion,party,normal,"Apply 1 layers (~4.0 ml) of warm_beige foundation, 1 layer of bold_nude, 2 layers of soft_blush blush.",0
images/369.jpg,Medium,sand,1,3.0,red,1,soft_blush,1,black,1,natural_concealer,1,6 hrs,low,1250,simple,normal,normal,"Apply 1 layers (~3.0 ml) of sand foundation, 1 layer of red, 1 layers of soft_blush blush.",0
images/341.jpg,Medium,sand,3,5.0,nude,1,soft_blush,2,black,2,natural_concealer,1,8 hrs,high,1009,occasion,office,normal,"Apply 3 layers (~5.0 ml) of sand foundation, 1 layer of nude, 2 layers of soft_blush blush.",0
images/427.jpg,Medium,warm_beige,2,5.0,nude,2,soft_blush,1,black,3,natural_concealer,1,10 hrs,medium,1808,simple,normal,normal,"Apply 2 layers (~5.0 ml) of warm_beige foundation, 2 layer of nude, 1 layers of soft_blush blush.",0
images/433.jpg,Medium,beige,1,2.0,nude,2,soft_blush,2,black,1,natural_concealer,2,6 hrs,medium,1681,occasion,daily,normal,"Apply 1 layers (~2.0 ml) of beige foundation, 2 layer of nude, 2 layers of soft_blush blush.",0
images/355.jpg,Medium,beige,1,2.0,bold_red,3,soft_blush,2,black,2,natural_concealer,2,8 hrs,low,946,occasion,party,normal,"Apply 1 layers (~2.0 ml) of beige foundation, 3 layer of bold_red, 2 layers of soft_blush blush.",0
images/590.jpg,Medium,warm_beige,1,3.0,coral,2,soft_blush,2,black,2,natural_concealer,2,10 hrs,low,1142,simple,normal,normal,"Apply 1 layers (~3.0 ml) of warm_beige foundation, 2 layer of coral, 2 layers of soft_blush blush.",0
images/584.jpg,Medium,beige,2,4.0,nude,3,soft_blush,1,black,1,natural_concealer,1,10 hrs,low,2959,occasion,bridal,normal,"Apply 2 layers (~4.0 ml) of beige foundation, 3 layer of nude, 1 layers of soft_blush blush.",0
images/209.jpg,Medium,beige,2,5.0,nude,1,soft_blush,1,black,1,natural_concealer,1,12 hrs,high,2092,simple,normal,normal,"Apply 2 layers (~5.0 ml) of beige foundation, 1 layer of nude, 1 layers of soft_blush blush.",0
images/235.jpg,Medium,beige,3,4.0,red,2,soft_blush,2,black,2,natural_concealer,2,10 hrs,medium,618,simple,normal,normal,"Apply 3 layers (~4.0 ml) of beige foundation, 2 layer of red, 2 layers of soft_blush blush.",0
images/553.jpg,Medium,matte_sand,3,3.0,nude,1,soft_blush,2,black,1,natural_concealer,2,10 hrs,high,2527,weather,normal,hot,"Apply 3 layers (~3.0 ml) of matte_sand foundation, 1 layer of nude, 2 layers of soft_blush blush.",0
images/547.jpg,Medium,warm_beige,3,2.0,red,1,soft_blush,2,black,1,natural_concealer,2,6 hrs,medium,2326,weather,normal,humid,"Apply 3 layers (~2.0 ml) of warm_beige foundation, 1 layer of red, 2 layers of soft_blush blush.",0
images/221.jpg,Medium,sand,3,2.0,bold_red,1,soft_blush,1,black,2,natural_concealer,1,10 hrs,low,2604,occasion,party,normal,"Apply 3 layers (~2.0 ml) of sand foundation, 1 layer of bold_red, 1 layers of soft_blush blush.",0
images/546.jpg,Medium,sand,3,5.0,coral,2,soft_blush,2,black,3,natural_concealer,1,6 hrs,low,754,weather,normal,cold,"Apply 3 layers (~5.0 ml) of sand foundation, 2 layer of coral, 2 layers of soft_blush blush.",0
images/220.jpg,Medium,sand,3,5.0,red,2,soft_blush,2,black,2,natural_concealer,1,8 hrs,medium,895,simple,normal,normal,"Apply 3 layers (~5.0 ml) of sand foundation, 2 layer of red, 2 layers of soft_blush blush.",0
images/234.jpg,Medium,beige,3,3.0,coral,3,soft_blush,2,black,2,natural_concealer,2,6 hrs,low,2358,occasion,office,normal,"Apply 3 layers (~3.0 ml) of beige foundation, 3 layer of coral, 2 layers of soft_blush blush.",0
images/552.jpg,Dark,caramel,3,3.0,dark red,3,soft_blush,1,black,1,natural_concealer,1,12 hrs,low,2832,occasion,daily,normal,"Apply 3 layers (~3.0 ml) of caramel foundation, 3 layer of dark red, 1 layers of soft_blush blush.",0
images/208.jpg,Medium,sand,1,3.0,coral,3,soft_blush,2,black,2,natural_concealer,1,10 hrs,low,1817,simple,normal,normal,"Apply 1 layers (~3.0 ml) of sand foundation, 3 layer of coral, 2 layers of soft_blush blush.",0
images/585.jpg,Medium,warm_beige,2,4.0,nude,2,soft_blush,2,black,1,natural_concealer,2,8 hrs,medium,1731,simple,normal,normal,"Apply 2 layers (~4.0 ml) of warm_beige foundation, 2 layer of nude, 2 layers of soft_blush blush.",0
images/591.jpg,Medium,matte_sand,3,2.0,nude,2,soft_blush,2,black,1,natural_concealer,2,8 hrs,low,2514,weather,normal,hot,"Apply 3 layers (~2.0 ml) of matte_sand foundation, 2 layer of nude, 2 layers of soft_blush blush.",0
images/432.jpg,Medium,beige,1,4.0,coral,1,soft_blush,1,black,3,natural_concealer,1,6 hrs,high,619,occasion,daily,normal,"Apply 1 layers (~4.0 ml) of beige foundation, 1 layer of coral, 1 layers of soft_blush blush.",0
images/354.jpg,Medium,beige,1,2.0,coral,2,soft_blush,1,black,1,natural_concealer,2,10 hrs,low,1090,simple,normal,normal,"Apply 1 layers (~2.0 ml) of beige foundation, 2 layer of coral, 1 layers of soft_blush blush.",0
images/340.jpg,Medium,beige,3,5.0,red,2,soft_blush,1,black,3,natural_concealer,1,12 hrs,low,2746,simple,normal,normal,"Apply 3 layers (~5.0 ml) of beige foundation, 2 layer of red, 1 layers of soft_blush blush.",0
images/426.jpg,Dark,mocha,1,2.0,plum,3,soft_blush,1,black,1,natural_concealer,1,10 hrs,low,2576,simple,normal,normal,"Apply 1 layers (~2.0 ml) of mocha foundation, 3 layer of plum, 1 layers of soft_blush blush.",0
images/368.jpg,Medium,beige,1,2.0,bold_coral,1,soft_blush,1,black,3,natural_concealer,2,10 hrs,low,1107,occasion,party,normal,"Apply 1 layers (~2.0 ml) of beige foundation, 1 layer of bold_coral, 1 layers of soft_blush blush.",0
images/397.jpg,Medium,sand,2,5.0,bold_coral,1,soft_blush,2,black,3,natural_concealer,1,8 hrs,medium,1386,occasion,party,normal,"Apply 2 layers (~5.0 ml) of sand foundation, 1 layer of bold_coral, 2 layers of soft_blush blush.",0
images/383.jpg,Medium,beige,1,4.0,red,3,soft_blush,1,black,2,natural_concealer,1,8 hrs,high,2100,simple,normal,normal,"Apply 1 layers (~4.0 ml) of beige foundation, 3 layer of red, 1 layers of soft_blush blush.",0
images/156.jpg,Medium,sand,1,4.0,bold_red,2,soft_blush,2,black,2,natural_concealer,1,6 hrs,medium,2074,occasion,party,normal,"Apply 1 layers (~4.0 ml) of sand foundation, 2 layer of bold_red, 2 layers of soft_blush blush.",0
images/630.jpg,Medium,beige,1,3.0,coral,2,soft_blush,1,black,3,natural_concealer,1,10 hrs,medium,1227,weather,normal,humid,"Apply 1 layers (~3.0 ml) of beige foundation, 2 layer of coral, 1 layers of soft_blush blush.",0
images/624.jpg,Medium,sand,1,4.0,nude,3,soft_blush,2,black,2,natural_concealer,2,12 hrs,medium,1576,occasion,bridal,normal,"Apply 1 layers (~4.0 ml) of sand foundation, 3 layer of nude, 2 layers of soft_blush blush.",0
images/142.jpg,Medium,beige,1,4.0,nude,3,soft_blush,2,black,3,natural_concealer,1,12 hrs,high,818,occasion,office,normal,"Apply 1 layers (~4.0 ml) of beige foundation, 3 layer of nude, 2 layers of soft_blush blush.",0
images/94.jpg,Medium,sand,2,3.0,red,2,soft_blush,1,black,1,natural_concealer,2,10 hrs,medium,1568,weather,normal,humid,"Apply 2 layers (~3.0 ml) of sand foundation, 2 layer of red, 1 layers of soft_blush blush.",0
images/618.jpg,Medium,warm_beige,2,3.0,coral,2,soft_blush,2,black,1,natural_concealer,2,6 hrs,low,1099,weather,normal,humid,"Apply 2 layers (~3.0 ml) of warm_beige foundation, 2 layer of coral, 2 layers of soft_blush blush.",0
images/80.jpg,Medium,warm_beige,3,2.0,coral,2,soft_blush,2,black,1,natural_concealer,2,6 hrs,medium,785,simple,normal,normal,"Apply 3 layers (~2.0 ml) of warm_beige foundation, 2 layer of coral, 2 layers of soft_blush blush.",0
images/195.jpg,Medium,beige,1,4.0,red,2,soft_blush,2,black,3,natural_concealer,2,6 hrs,low,2294,simple,normal,normal,"Apply 1 layers (~4.0 ml) of beige foundation, 2 layer of red, 2 layers of soft_blush blush.",0
images/181.jpg,Medium,warm_beige,2,4.0,red,2,soft_blush,1,black,2,natural_concealer,2,8 hrs,low,923,weather,normal,humid,"Apply 2 layers (~4.0 ml) of warm_beige foundation, 2 layer of red, 1 layers of soft_blush blush.",0
images/5.jpg,Medium,warm_beige,3,2.0,coral,3,soft_blush,2,black,1,natural_concealer,2,12 hrs,low,1441,weather,normal,cold,"Apply 3 layers (~2.0 ml) of warm_beige foundation, 3 layer of coral, 2 layers of soft_blush blush.",0
images/57.jpg,Dark,mocha,2,3.0,dark red,3,soft_blush,1,black,1,natural_concealer,1,10 hrs,medium,1435,weather,normal,humid,"Apply 2 layers (~3.0 ml) of mocha foundation, 3 layer of dark red, 1 layers of soft_blush blush.",0
images/43.jpg,Medium,matte_beige,1,2.0,nude,1,soft_blush,2,black,2,natural_concealer,2,10 hrs,high,2883,weather,normal,hot,"Apply 1 layers (~2.0 ml) of matte_beige foundation, 1 layer of nude, 2 layers of soft_blush blush.",0
images/55.jpg,Medium,beige,2,2.0,nude,1,soft_blush,1,black,2,natural_concealer,1,12 hrs,low,2023,occasion,bridal,normal,"Apply 2 layers (~2.0 ml) of beige foundation, 1 layer of nude, 1 layers of soft_blush blush.",0
images/7.jpg,Medium,sand,2,4.0,coral,1,soft_blush,2,black,3,natural_concealer,1,6 hrs,medium,1824,weather,normal,cold,"Apply 2 layers (~4.0 ml) of sand foundation, 1 layer of coral, 2 layers of soft_blush blush.",0
images/41.jpg,Fair,matte_ivory,2,4.0,nude,1,soft_blush,2,black,1,natural_concealer,1,8 hrs,high,1488,weather,normal,hot,"Apply 2 layers (~4.0 ml) of matte_ivory foundation, 1 layer of nude, 2 layers of soft_blush blush.",0
images/69.jpg,Medium,warm_beige,2,3.0,coral,2,soft_blush,1,black,3,natural_concealer,2,6 hrs,high,2827,simple,normal,normal,"Apply 2 layers (~3.0 ml) of warm_beige foundation, 2 layer of coral, 1 layers of soft_blush blush.",0
images/197.jpg,Medium,warm_beige,3,5.0,red,3,soft_blush,1,black,2,natural_concealer,1,10 hrs,high,1096,simple,normal,normal,"Apply 3 layers (~5.0 ml) of warm_beige foundation, 3 layer of red, 1 layers of soft_blush blush.",0
images/183.jpg,Medium,sand,1,2.0,nude,2,soft_blush,2,black,2,natural_concealer,1,10 hrs,high,1772,occasion,office,normal,"Apply 1 layers (~2.0 ml) of sand foundation, 2 layer of nude, 2 layers of soft_blush blush.",0
images/96.jpg,Medium,matte_sand,3,5.0,nude,3,soft_blush,2,black,2,natural_concealer,2,10 hrs,low,2174,weather,normal,hot,"Apply 3 layers (~5.0 ml) of matte_sand foundation, 3 layer of nude, 2 layers of soft_blush blush.",0
images/168.jpg,Medium,matte_beige,1,3.0,nude,2,soft_blush,2,black,2,natural_concealer,1,6 hrs,medium,611,weather,normal,hot,"Apply 1 layers (~3.0 ml) of matte_beige foundation, 2 layer of nude, 2 layers of soft_blush blush.",0
images/82.jpg,Medium,beige,2,3.0,nude,3,soft_blush,1,black,2,natural_concealer,2,8 hrs,low,605,weather,normal,humid,"Apply 2 layers (~3.0 ml) of beige foundation, 3 layer of nude, 1 layers of soft_blush blush.",0
images/632.jpg,Medium,warm_beige,1,4.0,red,3,soft_blush,2,black,3,natural_concealer,1,12 hrs,high,1038,weather,normal,cold,"Apply 1 layers (~4.0 ml) of warm_beige foundation, 3 layer of red, 2 layers of soft_blush blush.",0
images/154.jpg,Medium,beige,2,3.0,bold_red,1,soft_blush,1,black,2,natural_concealer,2,10 hrs,high,635,occasion,party,normal,"Apply 2 layers (~3.0 ml) of beige foundation, 1 layer of bold_red, 1 layers of soft_blush blush.",0
images/140.jpg,Medium,matte_beige,1,5.0,nude,3,soft_blush,1,black,3,natural_concealer,1,12 hrs,medium,1450,weather,normal,hot,"Apply 1 layers (~5.0 ml) of matte_beige foundation, 3 layer of nude, 1 layers of soft_blush blush.",0
images/626.jpg,Medium,sand,3,5.0,coral,2,soft_blush,2,black,2,natural_concealer,1,10 hrs,medium,2300,simple,normal,normal,"Apply 3 layers (~5.0 ml) of sand foundation, 2 layer of coral, 2 layers of soft_blush blush.",0
images/395.jpg,Medium,warm_beige,3,5.0,coral,2,soft_blush,1,black,1,natural_concealer,1,8 hrs,medium,1246,occasion,daily,normal,"Apply 3 layers (~5.0 ml) of warm_beige foundation, 2 layer of coral, 1 layers of soft_blush blush.",0
images/381.jpg,Medium,sand,3,5.0,coral,3,soft_blush,2,black,3,natural_concealer,1,6 hrs,high,2064,simple,normal,normal,"Apply 3 layers (~5.0 ml) of sand foundation, 3 layer of coral, 2 layers of soft_blush blush.",0
images/418.jpg,Medium,sand,3,5.0,nude,1,soft_blush,1,black,3,natural_concealer,2,6 hrs,medium,779,simple,normal,normal,"Apply 3 layers (~5.0 ml) of sand foundation, 1 layer of nude, 1 layers of soft_blush blush.",0
images/356.jpg,Medium,warm_beige,2,4.0,red,2,soft_blush,1,black,2,natural_concealer,1,6 hrs,medium,996,weather,normal,cold,"Apply 2 layers (~4.0 ml) of warm_beige foundation, 2 layer of red, 1 layers of soft_blush blush.",0
images/430.jpg,Medium,sand,2,2.0,coral,3,soft_blush,1,black,3,natural_concealer,1,8 hrs,high,1170,simple,normal,normal,"Apply 2 layers (~2.0 ml) of sand foundation, 3 layer of coral, 1 layers of soft_blush blush.",0
images/424.jpg,Medium,beige,2,4.0,nude,3,soft_blush,2,black,2,natural_concealer,2,8 hrs,high,1240,weather,normal,humid,"Apply 2 layers (~4.0 ml) of beige foundation, 3 layer of nude, 2 layers of soft_blush blush.",0
images/342.jpg,Medium,warm_beige,1,3.0,nude,3,soft_blush,1,black,1,natural_concealer,1,6 hrs,high,1181,occasion,office,normal,"Apply 1 layers (~3.0 ml) of warm_beige foundation, 3 layer of nude, 1 layers of soft_blush blush.",0
images/587.jpg,Medium,sand,1,3.0,coral,1,soft_blush,1,black,3,natural_concealer,1,8 hrs,high,2269,occasion,daily,normal,"Apply 1 layers (~3.0 ml) of sand foundation, 1 layer of coral, 1 layers of soft_blush blush.",0
images/593.jpg,Medium,sand,3,2.0,coral,3,soft_blush,1,black,3,natural_concealer,2,8 hrs,medium,832,simple,normal,normal,"Apply 3 layers (~2.0 ml) of sand foundation, 3 layer of coral, 1 layers of soft_blush blush.",0
images/578.jpg,Medium,beige,1,4.0,nude,2,soft_blush,2,black,2,natural_concealer,2,8 hrs,low,2931,weather,normal,humid,"Apply 1 layers (~4.0 ml) of beige foundation, 2 layer of nude, 2 layers of soft_blush blush.",0
images/222.jpg,Medium,sand,1,3.0,coral,1,soft_blush,2,black,3,natural_concealer,2,10 hrs,high,569,simple,normal,normal,"Apply 1 layers (~3.0 ml) of sand foundation, 1 layer of coral, 2 layers of soft_blush blush.",0
images/544.jpg,Medium,sand,2,3.0,coral,2,soft_blush,2,black,3,natural_concealer,2,12 hrs,medium,1661,occasion,bridal,normal,"Apply 2 layers (~3.0 ml) of sand foundation, 2 layer of coral, 2 layers of soft_blush blush.",0
images/550.jpg,Medium,warm_beige,2,4.0,coral,1,soft_blush,2,black,1,natural_concealer,2,8 hrs,high,2657,occasion,office,normal,"Apply 2 layers (~4.0 ml) of warm_beige foundation, 1 layer of coral, 2 layers of soft_blush blush.",0
images/236.jpg,Medium,warm_beige,2,5.0,red,1,soft_blush,1,black,1,natural_concealer,1,8 hrs,high,550,simple,normal,normal,"Apply 2 layers (~5.0 ml) of warm_beige foundation, 1 layer of red, 1 layers of soft_blush blush.",0
images/551.jpg,Medium,sand,3,5.0,coral,2,soft_blush,1,black,2,natural_concealer,2,8 hrs,low,655,weather,normal,cold,"Apply 3 layers (~5.0 ml) of sand foundation, 2 layer of coral, 1 layers of soft_blush blush.",0
images/237.jpg,Medium,warm_beige,1,2.0,red,2,soft_blush,2,black,2,natural_concealer,1,8 hrs,high,886,simple,normal,normal,"Apply 1 layers (~2.0 ml) of warm_beige foundation, 2 layer of red, 2 layers of soft_blush blush.",0
images/223.jpg,Medium,beige,1,3.0,red,1,soft_blush,2,black,3,natural_concealer,1,6 hrs,high,2500,simple,normal,normal,"Apply 1 layers (~3.0 ml) of beige foundation, 1 layer of red, 2 layers of soft_blush blush.",0
images/545.jpg,Dark,mocha,3,3.0,plum,3,soft_blush,2,black,2,natural_concealer,1,8 hrs,low,2297,weather,normal,humid,"Apply 3 layers (~3.0 ml) of mocha foundation, 3 layer of plum, 2 layers of soft_blush blush.",0
images/579.jpg,Medium,sand,2,2.0,red,2,soft_blush,2,black,1,natural_concealer,2,6 hrs,low,1654,occasion,daily,normal,"Apply 2 layers (~2.0 ml) of sand foundation, 2 layer of red, 2 layers of soft_blush blush.",0
images/592.jpg,Medium,sand,3,2.0,nude,2,soft_blush,2,black,3,natural_concealer,2,8 hrs,high,1665,occasion,bridal,normal,"Apply 3 layers (~2.0 ml) of sand foundation, 2 layer of nude, 2 layers of soft_blush blush.",0
images/586.jpg,Medium,warm_beige,1,4.0,nude,2,soft_blush,1,black,2,natural_concealer,2,6 hrs,high,1913,occasion,bridal,normal,"Apply 1 layers (~4.0 ml) of warm_beige foundation, 2 layer of nude, 1 layers of soft_blush blush.",0
images/425.jpg,Dark,espresso,3,2.0,dark red,3,soft_blush,2,black,2,natural_concealer,2,8 hrs,high,2622,weather,normal,cold,"Apply 3 layers (~2.0 ml) of espresso foundation, 3 layer of dark red, 2 layers of soft_blush blush.",0
images/343.jpg,Medium,warm_beige,3,4.0,nude,3,soft_blush,1,black,1,natural_concealer,2,12 hrs,high,1883,simple,normal,normal,"Apply 3 layers (~4.0 ml) of warm_beige foundation, 3 layer of nude, 1 layers of soft_blush blush.",0
images/357.jpg,Medium,sand,3,5.0,bold_nude,3,soft_blush,2,black,2,natural_concealer,1,8 hrs,high,2516,occasion,party,normal,"Apply 3 layers (~5.0 ml) of sand foundation, 3 layer of bold_nude, 2 layers of soft_blush blush.",0
images/431.jpg,Medium,warm_beige,3,3.0,nude,1,soft_blush,2,black,3,natural_concealer,2,8 hrs,low,782,weather,normal,humid,"Apply 3 layers (~3.0 ml) of warm_beige foundation, 1 layer of nude, 2 layers of soft_blush blush.",0
images/419.jpg,Medium,matte_sand,3,5.0,nude,3,soft_blush,1,black,2,natural_concealer,2,10 hrs,low,1179,weather,normal,hot,"Apply 3 layers (~5.0 ml) of matte_sand foundation, 3 layer of nude, 1 layers of soft_blush blush.",0
images/380.jpg,Medium,beige,2,3.0,red,1,soft_blush,1,black,2,natural_concealer,1,10 hrs,high,1277,weather,normal,humid,"Apply 2 layers (~3.0 ml) of beige foundation, 1 layer of red, 1 layers of soft_blush blush.",0
images/394.jpg,Medium,sand,2,3.0,nude,1,soft_blush,1,black,1,natural_concealer,1,10 hrs,high,2545,occasion,daily,normal,"Apply 2 layers (~3.0 ml) of sand foundation, 1 layer of nude, 1 layers of soft_blush blush.",0
images/141.jpg,Medium,warm_beige,3,2.0,red,1,soft_blush,1,black,2,natural_concealer,1,8 hrs,medium,2242,simple,normal,normal,"Apply 3 layers (~2.0 ml) of warm_beige foundation, 1 layer of red, 1 layers of soft_blush blush.",0
images/627.jpg,Medium,sand,2,4.0,coral,2,soft_blush,2,black,2,natural_concealer,2,12 hrs,low,1193,occasion,office,normal,"Apply 2 layers (~4.0 ml) of sand foundation, 2 layer of coral, 2 layers of soft_blush blush.",0
images/633.jpg,Dark,mocha,1,3.0,bold_wine,1,soft_blush,1,black,2,natural_concealer,1,10 hrs,low,1011,occasion,party,normal,"Apply 1 layers (~3.0 ml) of mocha foundation, 1 layer of bold_wine, 1 layers of soft_blush blush.",0
images/155.jpg,Medium,beige,2,4.0,coral,3,soft_blush,2,black,1,natural_concealer,2,10 hrs,medium,1333,weather,normal,humid,"Apply 2 layers (~4.0 ml) of beige foundation, 3 layer of coral, 2 layers of soft_blush blush.",0
images/83.jpg,Medium,beige,3,3.0,coral,3,soft_blush,1,black,3,natural_concealer,2,8 hrs,medium,2969,simple,normal,normal,"Apply 3 layers (~3.0 ml) of beige foundation, 3 layer of coral, 1 layers of soft_blush blush.",0
images/97.jpg,Medium,matte_warm_beige,2,2.0,nude,2,soft_blush,2,black,2,natural_concealer,1,8 hrs,low,1551,weather,normal,hot,"Apply 2 layers (~2.0 ml) of matte_warm_beige foundation, 2 layer of nude, 2 layers of soft_blush blush.",0
images/169.jpg,Medium,beige,2,4.0,nude,1,soft_blush,2,black,2,natural_concealer,2,8 hrs,medium,1422,occasion,bridal,normal,"Apply 2 layers (~4.0 ml) of beige foundation, 1 layer of nude, 2 layers of soft_blush blush.",0
images/182.jpg,Medium,sand,2,2.0,nude,1,soft_blush,1,black,3,natural_concealer,1,10 hrs,medium,841,simple,normal,normal,"Apply 2 layers (~2.0 ml) of sand foundation, 1 layer of nude, 1 layers of soft_blush blush.",0
images/68.jpg,Medium,matte_beige,1,2.0,nude,1,soft_blush,2,black,3,natural_concealer,2,8 hrs,low,1994,weather,normal,hot,"Apply 1 layers (~2.0 ml) of matte_beige foundation, 1 layer of nude, 2 layers of soft_blush blush.",0
images/196.jpg,Medium,sand,1,2.0,red,3,soft_blush,2,black,3,natural_concealer,2,12 hrs,low,847,weather,normal,humid,"Apply 1 layers (~2.0 ml) of sand foundation, 3 layer of red, 2 layers of soft_blush blush.",0
images/40.jpg,Medium,sand,3,2.0,bold_coral,2,soft_blush,1,black,1,natural_concealer,2,8 hrs,medium,1645,occasion,party,normal,"Apply 3 layers (~2.0 ml) of sand foundation, 2 layer of bold_coral, 1 layers of soft_blush blush.",0
images/54.jpg,Medium,warm_beige,2,5.0,coral,3,soft_blush,1,black,2,natural_concealer,1,12 hrs,high,1794,simple,normal,normal,"Apply 2 layers (~5.0 ml) of warm_beige foundation, 3 layer of coral, 1 layers of soft_blush blush.",0
images/6.jpg,Medium,matte_warm_beige,2,4.0,nude,2,soft_blush,2,black,2,natural_concealer,1,12 hrs,high,1376,weather,normal,hot,"Apply 2 layers (~4.0 ml) of matte_warm_beige foundation, 2 layer of nude, 2 layers of soft_blush blush.",0
images/192.jpg,Medium,beige,2,5.0,bold_nude,2,soft_blush,2,black,3,natural_concealer,2,12 hrs,medium,2843,occasion,party,normal,"Apply 2 layers (~5.0 ml) of beige foundation, 2 layer of bold_nude, 2 layers of soft_blush blush.",0
images/78.jpg,Medium,warm_beige,2,2.0,red,3,soft_blush,1,black,1,natural_concealer,2,6 hrs,medium,1803,occasion,office,normal,"Apply 2 layers (~2.0 ml) of warm_beige foundation, 3 layer of red, 1 layers of soft_blush blush.",0
images/186.jpg,Medium,matte_beige,3,4.0,nude,1,soft_blush,1,black,2,natural_concealer,1,8 hrs,high,852,weather,normal,hot,"Apply 3 layers (~4.0 ml) of matte_beige foundation, 1 layer of nude, 1 layers of soft_blush blush.",0
images/2.jpg,Medium,sand,1,5.0,red,1,soft_blush,1,black,3,natural_concealer,1,8 hrs,high,1688,occasion,office,normal,"Apply 1 layers (~5.0 ml) of sand foundation, 1 layer of red, 1 layers of soft_blush blush.",0
images/50.jpg,Medium,beige,3,3.0,nude,2,soft_blush,2,black,3,natural_concealer,2,8 hrs,medium,1251,weather,normal,humid,"Apply 3 layers (~3.0 ml) of beige foundation, 2 layer of nude, 2 layers of soft_blush blush.",0
images/44.jpg,Medium,matte_beige,2,2.0,nude,3,soft_blush,2,black,1,natural_concealer,1,6 hrs,medium,1430,weather,normal,hot,"Apply 2 layers (~2.0 ml) of matte_beige foundation, 3 layer of nude, 2 layers of soft_blush blush.",0
images/151.jpg,Medium,warm_beige,3,3.0,nude,3,soft_blush,2,black,3,natural_concealer,2,8 hrs,high,2523,weather,normal,humid,"Apply 3 layers (~3.0 ml) of warm_beige foundation, 3 layer of nude, 2 layers of soft_blush blush.",0
images/637.jpg,Medium,sand,1,4.0,nude,1,soft_blush,1,black,2,natural_concealer,2,6 hrs,low,1322,weather,normal,cold,"Apply 1 layers (~4.0 ml) of sand foundation, 1 layer of nude, 1 layers of soft_blush blush.",0
images/623.jpg,Medium,matte_warm_beige,2,5.0,nude,2,soft_blush,2,black,3,natural_concealer,1,6 hrs,low,1978,weather,normal,hot,"Apply 2 layers (~5.0 ml) of matte_warm_beige foundation, 2 layer of nude, 2 layers of soft_blush blush.",0
images/145.jpg,Medium,beige,1,3.0,nude,3,soft_blush,1,black,3,natural_concealer,2,6 hrs,low,1668,simple,normal,normal,"Apply 1 layers (~3.0 ml) of beige foundation, 3 layer of nude, 1 layers of soft_blush blush.",0
images/93.jpg,Medium,beige,2,4.0,nude,2,soft_blush,1,black,1,natural_concealer,2,8 hrs,low,2698,occasion,bridal,normal,"Apply 2 layers (~4.0 ml) of beige foundation, 2 layer of nude, 1 layers of soft_blush blush.",0
images/87.jpg,Medium,beige,3,5.0,coral,1,soft_blush,1,black,3,natural_concealer,1,8 hrs,medium,1632,weather,normal,humid,"Apply 3 layers (~5.0 ml) of beige foundation, 1 layer of coral, 1 layers of soft_blush blush.",0
images/179.jpg,Medium,matte_beige,3,2.0,nude,3,soft_blush,2,black,3,natural_concealer,2,12 hrs,medium,1673,weather,normal,hot,"Apply 3 layers (~2.0 ml) of matte_beige foundation, 3 layer of nude, 2 layers of soft_blush blush.",0
images/390.jpg,Medium,beige,1,3.0,coral,3,soft_blush,2,black,1,natural_concealer,2,12 hrs,high,2447,occasion,daily,normal,"Apply 1 layers (~3.0 ml) of beige foundation, 3 layer of coral, 2 layers of soft_blush blush.",0
images/384.jpg,Medium,warm_beige,3,5.0,bold_nude,1,soft_blush,1,black,3,natural_concealer,2,10 hrs,low,2083,occasion,party,normal,"Apply 3 layers (~5.0 ml) of warm_beige foundation, 1 layer of bold_nude, 1 layers of soft_blush blush.",0
images/435.jpg,Medium,sand,2,3.0,coral,2,soft_blush,2,black,1,natural_concealer,2,6 hrs,high,1476,simple,normal,normal,"Apply 2 layers (~3.0 ml) of sand foundation, 2 layer of coral, 2 layers of soft_blush blush.",0
images/353.jpg,Medium,beige,1,3.0,coral,2,soft_blush,1,black,3,natural_concealer,1,10 hrs,low,2716,simple,normal,normal,"Apply 1 layers (~3.0 ml) of beige foundation, 2 layer of coral, 1 layers of soft_blush blush.",0
images/347.jpg,Medium,sand,3,4.0,red,1,soft_blush,1,black,3,natural_concealer,2,6 hrs,high,2268,weather,normal,humid,"Apply 3 layers (~4.0 ml) of sand foundation, 1 layer of red, 1 layers of soft_blush blush.",0
images/421.jpg,Medium,sand,3,3.0,nude,2,soft_blush,1,black,3,natural_concealer,1,8 hrs,high,2990,weather,normal,humid,"Apply 3 layers (~3.0 ml) of sand foundation, 2 layer of nude, 1 layers of soft_blush blush.",0
images/409.jpg,Medium,sand,2,3.0,red,2,soft_blush,2,black,1,natural_concealer,1,8 hrs,medium,1107,occasion,bridal,normal,"Apply 2 layers (~3.0 ml) of sand foundation, 2 layer of red, 2 layers of soft_blush blush.",0
images/582.jpg,Medium,warm_beige,2,2.0,red,3,soft_blush,2,black,1,natural_concealer,1,10 hrs,low,1099,simple,normal,normal,"Apply 2 layers (~2.0 ml) of warm_beige foundation, 3 layer of red, 2 layers of soft_blush blush.",0
images/596.jpg,Medium,beige,3,3.0,coral,2,soft_blush,2,black,3,natural_concealer,1,6 hrs,high,727,simple,normal,normal,"Apply 3 layers (~3.0 ml) of beige foundation, 2 layer of coral, 2 layers of soft_blush blush.",0
images/541.jpg,Medium,sand,3,4.0,nude,2,soft_blush,1,black,2,natural_concealer,1,6 hrs,medium,2021,weather,normal,humid,"Apply 3 layers (~4.0 ml) of sand foundation, 2 layer of nude, 1 layers of soft_blush blush.",0
images/227.jpg,Medium,warm_beige,3,2.0,red,3,soft_blush,2,black,1,natural_concealer,2,10 hrs,high,2523,simple,normal,normal,"Apply 3 layers (~2.0 ml) of warm_beige foundation, 3 layer of red, 2 layers of soft_blush blush.",0
images/233.jpg,Dark,mocha,3,5.0,dark red,3,soft_blush,1,black,1,natural_concealer,1,12 hrs,high,1121,weather,normal,cold,"Apply 3 layers (~5.0 ml) of mocha foundation, 3 layer of dark red, 1 layers of soft_blush blush.",0
images/555.jpg,Medium,sand,3,4.0,bold_red,3,soft_blush,2,black,2,natural_concealer,2,8 hrs,high,1164,occasion,party,normal,"Apply 3 layers (~4.0 ml) of sand foundation, 3 layer of bold_red, 2 layers of soft_blush blush.",0
images/569.jpg,Medium,sand,3,3.0,bold_coral,1,soft_blush,1,black,1,natural_concealer,1,10 hrs,low,2281,occasion,party,normal,"Apply 3 layers (~3.0 ml) of sand foundation, 1 layer of bold_coral, 1 layers of soft_blush blush.",0
images/568.jpg,Dark,espresso,1,2.0,wine,3,soft_blush,2,black,3,natural_concealer,1,12 hrs,medium,2075,simple,normal,normal,"Apply 1 layers (~2.0 ml) of espresso foundation, 3 layer of wine, 2 layers of soft_blush blush.",0
images/232.jpg,Medium,beige,3,4.0,coral,3,soft_blush,2,black,2,natural_concealer,1,6 hrs,medium,663,weather,normal,cold,"Apply 3 layers (~4.0 ml) of beige foundation, 3 layer of coral, 2 layers of soft_blush blush.",0
images/554.jpg,Medium,beige,3,4.0,bold_nude,1,soft_blush,1,black,1,natural_concealer,2,8 hrs,medium,1304,occasion,party,normal,"Apply 3 layers (~4.0 ml) of beige foundation, 1 layer of bold_nude, 1 layers of soft_blush blush.",0
images/540.jpg,Medium,beige,2,5.0,nude,2,soft_blush,1,black,1,natural_concealer,1,12 hrs,high,651,simple,normal,normal,"Apply 2 layers (~5.0 ml) of beige foundation, 2 layer of nude, 1 layers of soft_blush blush.",0
images/226.jpg,Medium,sand,3,2.0,nude,1,soft_blush,1,black,3,natural_concealer,2,10 hrs,high,2294,occasion,office,normal,"Apply 3 layers (~2.0 ml) of sand foundation, 1 layer of nude, 1 layers of soft_blush blush.",0
images/597.jpg,Medium,sand,2,4.0,red,1,soft_blush,1,black,2,natural_concealer,1,10 hrs,medium,2039,weather,normal,cold,"Apply 2 layers (~4.0 ml) of sand foundation, 1 layer of red, 1 layers of soft_blush blush.",0
images/583.jpg,Medium,beige,3,5.0,coral,3,soft_blush,1,black,3,natural_concealer,2,6 hrs,high,2417,occasion,bridal,normal,"Apply 3 layers (~5.0 ml) of beige foundation, 3 layer of coral, 1 layers of soft_blush blush.",0
images/408.jpg,Dark,caramel,3,4.0,plum,1,soft_blush,1,black,1,natural_concealer,1,8 hrs,medium,2152,weather,normal,humid,"Apply 3 layers (~4.0 ml) of caramel foundation, 1 layer of plum, 1 layers of soft_blush blush.",0
images/346.jpg,Medium,sand,1,5.0,nude,2,soft_blush,2,black,2,natural_concealer,1,8 hrs,low,677,simple,normal,normal,"Apply 1 layers (~5.0 ml) of sand foundation, 2 layer of nude, 2 layers of soft_blush blush.",0
images/420.jpg,Medium,warm_beige,2,3.0,red,2,soft_blush,1,black,1,natural_concealer,2,10 hrs,low,2796,occasion,bridal,normal,"Apply 2 layers (~3.0 ml) of warm_beige foundation, 2 layer of red, 1 layers of soft_blush blush.",0
images/434.jpg,Medium,matte_sand,2,4.0,nude,1,soft_blush,1,black,3,natural_concealer,2,6 hrs,medium,1890,weather,normal,hot,"Apply 2 layers (~4.0 ml) of matte_sand foundation, 1 layer of nude, 1 layers of soft_blush blush.",0
images/352.jpg,Medium,beige,3,2.0,bold_red,1,soft_blush,2,black,3,natural_concealer,1,10 hrs,low,1843,occasion,party,normal,"Apply 3 layers (~2.0 ml) of beige foundation, 1 layer of bold_red, 2 layers of soft_blush blush.",0
images/385.jpg,Medium,sand,1,5.0,red,1,soft_blush,1,black,3,natural_concealer,2,12 hrs,high,2413,occasion,bridal,normal,"Apply 1 layers (~5.0 ml) of sand foundation, 1 layer of red, 1 layers of soft_blush blush.",0
images/391.jpg,Medium,warm_beige,1,3.0,coral,3,soft_blush,1,black,3,natural_concealer,2,8 hrs,medium,2596,occasion,bridal,normal,"Apply 1 layers (~3.0 ml) of warm_beige foundation, 3 layer of coral, 1 layers of soft_blush blush.",0
images/86.jpg,Medium,beige,1,2.0,coral,2,soft_blush,1,black,3,natural_concealer,2,8 hrs,medium,1333,weather,normal,cold,"Apply 1 layers (~2.0 ml) of beige foundation, 2 layer of coral, 1 layers of soft_blush blush.",0
images/178.jpg,Medium,warm_beige,1,4.0,red,2,soft_blush,1,black,2,natural_concealer,2,8 hrs,low,687,simple,normal,normal,"Apply 1 layers (~4.0 ml) of warm_beige foundation, 2 layer of red, 1 layers of soft_blush blush.",0
images/92.jpg,Medium,sand,1,4.0,red,2,soft_blush,1,black,2,natural_concealer,1,12 hrs,high,2725,simple,normal,normal,"Apply 1 layers (~4.0 ml) of sand foundation, 2 layer of red, 1 layers of soft_blush blush.",0
images/622.jpg,Medium,sand,1,2.0,red,1,soft_blush,2,black,2,natural_concealer,1,8 hrs,medium,1835,occasion,bridal,normal,"Apply 1 layers (~2.0 ml) of sand foundation, 1 layer of red, 2 layers of soft_blush blush.",0
images/144.jpg,Medium,sand,2,3.0,coral,2,soft_blush,1,black,3,natural_concealer,1,12 hrs,low,2409,simple,normal,normal,"Apply 2 layers (~3.0 ml) of sand foundation, 2 layer of coral, 1 layers of soft_blush blush.",0
images/150.jpg,Medium,sand,2,3.0,nude,2,soft_blush,2,black,3,natural_concealer,1,8 hrs,medium,2787,occasion,office,normal,"Apply 2 layers (~3.0 ml) of sand foundation, 2 layer of nude, 2 layers of soft_blush blush.",0
images/636.jpg,Medium,sand,3,4.0,red,2,soft_blush,2,black,1,natural_concealer,2,6 hrs,high,2658,weather,normal,humid,"Apply 3 layers (~4.0 ml) of sand foundation, 2 layer of red, 2 layers of soft_blush blush.",0
images/45.jpg,Medium,warm_beige,3,5.0,red,2,soft_blush,1,black,2,natural_concealer,2,8 hrs,medium,2029,simple,normal,normal,"Apply 3 layers (~5.0 ml) of warm_beige foundation, 2 layer of red, 1 layers of soft_blush blush.",0
images/3.jpg,Medium,beige,1,4.0,nude,3,soft_blush,1,black,3,natural_concealer,1,10 hrs,low,1356,simple,normal,normal,"Apply 1 layers (~4.0 ml) of beige foundation, 3 layer of nude, 1 layers of soft_blush blush.",0
images/51.jpg,Medium,matte_sand,3,4.0,nude,2,soft_blush,2,black,3,natural_concealer,1,6 hrs,high,1170,weather,normal,hot,"Apply 3 layers (~4.0 ml) of matte_sand foundation, 2 layer of nude, 2 layers of soft_blush blush.",0
images/79.jpg,Medium,warm_beige,2,3.0,red,2,soft_blush,2,black,2,natural_concealer,2,8 hrs,medium,2683,occasion,office,normal,"Apply 2 layers (~3.0 ml) of warm_beige foundation, 2 layer of red, 2 layers of soft_blush blush.",0
images/187.jpg,Medium,warm_beige,3,5.0,coral,2,soft_blush,1,black,1,natural_concealer,1,12 hrs,low,2788,weather,normal,humid,"Apply 3 layers (~5.0 ml) of warm_beige foundation, 2 layer of coral, 1 layers of soft_blush blush.",0
images/193.jpg,Medium,sand,3,2.0,coral,2,soft_blush,1,black,3,natural_concealer,2,10 hrs,medium,653,weather,normal,humid,"Apply 3 layers (~2.0 ml) of sand foundation, 2 layer of coral, 1 layers of soft_blush blush.",0
images/185.jpg,Medium,matte_beige,3,2.0,nude,1,soft_blush,1,black,3,natural_concealer,1,12 hrs,high,1424,weather,normal,hot,"Apply 3 layers (~2.0 ml) of matte_beige foundation, 1 layer of nude, 1 layers of soft_blush blush.",0
images/191.jpg,Dark,mocha,1,4.0,bold_wine,2,soft_blush,2,black,3,natural_concealer,1,12 hrs,low,2470,occasion,party,normal,"Apply 1 layers (~4.0 ml) of mocha foundation, 2 layer of bold_wine, 2 layers of soft_blush blush.",0
images/47.jpg,Medium,warm_beige,2,3.0,coral,3,soft_blush,1,black,2,natural_concealer,2,6 hrs,low,601,simple,normal,normal,"Apply 2 layers (~3.0 ml) of warm_beige foundation, 3 layer of coral, 1 layers of soft_blush blush.",0
images/53.jpg,Medium,sand,1,3.0,red,3,soft_blush,2,black,1,natural_concealer,1,8 hrs,medium,2570,weather,normal,humid,"Apply 1 layers (~3.0 ml) of sand foundation, 3 layer of red, 2 layers of soft_blush blush.",0
images/1.jpg,Medium,beige,2,4.0,nude,3,soft_blush,1,black,1,natural_concealer,1,10 hrs,low,1789,simple,normal,normal,"Apply 2 layers (~4.0 ml) of beige foundation, 3 layer of nude, 1 layers of soft_blush blush.",0
images/146.jpg,Medium,beige,3,5.0,nude,1,soft_blush,1,black,2,natural_concealer,1,6 hrs,low,1584,weather,normal,humid,"Apply 3 layers (~5.0 ml) of beige foundation, 1 layer of nude, 1 layers of soft_blush blush.",0
images/620.jpg,Medium,beige,3,5.0,coral,3,soft_blush,2,black,3,natural_concealer,2,10 hrs,high,2725,simple,normal,normal,"Apply 3 layers (~5.0 ml) of beige foundation, 3 layer of coral, 2 layers of soft_blush blush.",0
images/634.jpg,Medium,beige,2,4.0,nude,1,soft_blush,2,black,1,natural_concealer,1,8 hrs,low,1672,weather,normal,humid,"Apply 2 layers (~4.0 ml) of beige foundation, 1 layer of nude, 2 layers of soft_blush blush.",0
images/152.jpg,Medium,warm_beige,2,3.0,coral,3,soft_blush,2,black,1,natural_concealer,2,8 hrs,medium,1194,occasion,bridal,normal,"Apply 2 layers (~3.0 ml) of warm_beige foundation, 3 layer of coral, 2 layers of soft_blush blush.",0
images/84.jpg,Medium,beige,1,2.0,nude,3,soft_blush,1,black,2,natural_concealer,1,10 hrs,low,1452,weather,normal,humid,"Apply 1 layers (~2.0 ml) of beige foundation, 3 layer of nude, 1 layers of soft_blush blush.",0
images/608.jpg,Medium,beige,3,5.0,red,3,soft_blush,2,black,3,natural_concealer,1,6 hrs,high,2533,simple,normal,normal,"Apply 3 layers (~5.0 ml) of beige foundation, 3 layer of red, 2 layers of soft_blush blush.",0
images/90.jpg,Medium,beige,1,4.0,coral,1,soft_blush,2,black,2,natural_concealer,2,8 hrs,low,1686,simple,normal,normal,"Apply 1 layers (~4.0 ml) of beige foundation, 1 layer of coral, 2 layers of soft_blush blush.",0
images/387.jpg,Medium,beige,1,5.0,red,1,soft_blush,2,black,1,natural_concealer,2,6 hrs,medium,2327,occasion,office,normal,"Apply 1 layers (~5.0 ml) of beige foundation, 1 layer of red, 2 layers of soft_blush blush.",0
images/393.jpg,Medium,sand,3,4.0,nude,3,soft_blush,1,black,1,natural_concealer,2,10 hrs,low,1525,occasion,office,normal,"Apply 3 layers (~4.0 ml) of sand foundation, 3 layer of nude, 1 layers of soft_blush blush.",0
images/422.jpg,Medium,warm_beige,2,5.0,nude,2,soft_blush,2,black,3,natural_concealer,2,12 hrs,medium,817,weather,normal,humid,"Apply 2 layers (~5.0 ml) of warm_beige foundation, 2 layer of nude, 2 layers of soft_blush blush.",0
images/344.jpg,Medium,warm_beige,1,5.0,red,3,soft_blush,1,black,2,natural_concealer,2,10 hrs,high,2885,occasion,bridal,normal,"Apply 1 layers (~5.0 ml) of warm_beige foundation, 3 layer of red, 1 layers of soft_blush blush.",0
images/350.jpg,Medium,matte_sand,2,2.0,nude,2,soft_blush,1,black,3,natural_concealer,1,6 hrs,low,1432,weather,normal,hot,"Apply 2 layers (~2.0 ml) of matte_sand foundation, 2 layer of nude, 1 layers of soft_blush blush.",0
images/436.jpg,Dark,matte_caramel,1,2.0,nude,3,soft_blush,2,black,2,natural_concealer,2,8 hrs,high,1374,weather,normal,hot,"Apply 1 layers (~2.0 ml) of matte_caramel foundation, 3 layer of nude, 2 layers of soft_blush blush.",0
images/378.jpg,Medium,beige,1,3.0,bold_nude,3,soft_blush,1,black,2,natural_concealer,2,12 hrs,high,2459,occasion,party,normal,"Apply 1 layers (~3.0 ml) of beige foundation, 3 layer of bold_nude, 1 layers of soft_blush blush.",0
images/595.jpg,Medium,beige,3,3.0,nude,2,soft_blush,2,black,2,natural_concealer,1,12 hrs,low,2920,simple,normal,normal,"Apply 3 layers (~3.0 ml) of beige foundation, 2 layer of nude, 2 layers of soft_blush blush.",0
images/581.jpg,Medium,sand,3,2.0,coral,2,soft_blush,1,black,3,natural_concealer,2,12 hrs,low,1432,simple,normal,normal,"Apply 3 layers (~2.0 ml) of sand foundation, 2 layer of coral, 1 layers of soft_blush blush.",0
images/556.jpg,Medium,matte_warm_beige,1,2.0,nude,2,soft_blush,1,black,2,natural_concealer,1,10 hrs,high,1687,weather,normal,hot,"Apply 1 layers (~2.0 ml) of matte_warm_beige foundation, 2 layer of nude, 1 layers of soft_blush blush.",0
images/230.jpg,Medium,warm_beige,3,4.0,bold_coral,1,soft_blush,1,black,3,natural_concealer,1,8 hrs,high,2580,occasion,party,normal,"Apply 3 layers (~4.0 ml) of warm_beige foundation, 1 layer of bold_coral, 1 layers of soft_blush blush.",0
images/224.jpg,Medium,sand,3,3.0,red,2,soft_blush,1,black,2,natural_concealer,1,6 hrs,low,752,simple,normal,normal,"Apply 3 layers (~3.0 ml) of sand foundation, 2 layer of red, 1 layers of soft_blush blush.",0
images/542.jpg,Medium,beige,1,4.0,nude,3,soft_blush,1,black,3,natural_concealer,1,10 hrs,high,1674,occasion,office,normal,"Apply 1 layers (~4.0 ml) of beige foundation, 3 layer of nude, 1 layers of soft_blush blush.",0
images/218.jpg,Dark,espresso,3,2.0,plum,1,soft_blush,1,black,3,natural_concealer,1,12 hrs,low,2353,weather,normal,cold,"Apply 3 layers (~2.0 ml) of espresso foundation, 1 layer of plum, 1 layers of soft_blush blush.",0
images/219.jpg,Medium,sand,2,5.0,coral,2,soft_blush,1,black,3,natural_concealer,1,8 hrs,high,2856,simple,normal,normal,"Apply 2 layers (~5.0 ml) of sand foundation, 2 layer of coral, 1 layers of soft_blush blush.",0
images/225.jpg,Dark,espresso,2,5.0,dark red,1,soft_blush,2,black,3,natural_concealer,1,10 hrs,low,2119,occasion,daily,normal,"Apply 2 layers (~5.0 ml) of espresso foundation, 1 layer of dark red, 2 layers of soft_blush blush.",0
images/543.jpg,Medium,matte_sand,2,2.0,nude,3,soft_blush,1,black,2,natural_concealer,1,6 hrs,medium,2824,weather,normal,hot,"Apply 2 layers (~2.0 ml) of matte_sand foundation, 3 layer of nude, 1 layers of soft_blush blush.",0
images/557.jpg,Medium,beige,1,4.0,red,1,soft_blush,1,black,1,natural_concealer,2,10 hrs,high,2914,weather,normal,cold,"Apply 1 layers (~4.0 ml) of beige foundation, 1 layer of red, 1 layers of soft_blush blush.",0
images/231.jpg,Medium,beige,2,5.0,red,3,soft_blush,1,black,2,natural_concealer,2,10 hrs,high,2880,weather,normal,humid,"Apply 2 layers (~5.0 ml) of beige foundation, 3 layer of red, 1 layers of soft_blush blush.",0
images/580.jpg,Medium,sand,1,2.0,coral,3,soft_blush,1,black,3,natural_concealer,2,8 hrs,high,2001,simple,normal,normal,"Apply 1 layers (~2.0 ml) of sand foundation, 3 layer of coral, 1 layers of soft_blush blush.",0
images/594.jpg,Medium,warm_beige,3,5.0,red,1,soft_blush,2,black,1,natural_concealer,2,8 hrs,medium,1802,simple,normal,normal,"Apply 3 layers (~5.0 ml) of warm_beige foundation, 1 layer of red, 2 layers of soft_blush blush.",0
images/379.jpg,Medium,sand,1,2.0,coral,1,soft_blush,2,black,3,natural_concealer,1,8 hrs,low,2966,weather,normal,humid,"Apply 1 layers (~2.0 ml) of sand foundation, 1 layer of coral, 2 layers of soft_blush blush.",0
images/351.jpg,Medium,beige,1,5.0,red,3,soft_blush,2,black,2,natural_concealer,1,8 hrs,low,1084,simple,normal,normal,"Apply 1 layers (~5.0 ml) of beige foundation, 3 layer of red, 2 layers of soft_blush blush.",0
images/437.jpg,Medium,warm_beige,3,4.0,red,2,soft_blush,1,black,3,natural_concealer,1,12 hrs,medium,1466,occasion,office,normal,"Apply 3 layers (~4.0 ml) of warm_beige foundation, 2 layer of red, 1 layers of soft_blush blush.",0
images/423.jpg,Medium,warm_beige,1,2.0,nude,2,soft_blush,2,black,1,natural_concealer,1,10 hrs,low,895,occasion,office,normal,"Apply 1 layers (~2.0 ml) of warm_beige foundation, 2 layer of nude, 2 layers of soft_blush blush.",0
images/345.jpg,Medium,sand,1,2.0,nude,3,soft_blush,1,black,1,natural_concealer,2,8 hrs,medium,2364,simple,normal,normal,"Apply 1 layers (~2.0 ml) of sand foundation, 3 layer of nude, 1 layers of soft_blush blush.",0
images/392.jpg,Medium,warm_beige,3,3.0,red,3,soft_blush,2,black,2,natural_concealer,2,8 hrs,low,2593,occasion,office,normal,"Apply 3 layers (~3.0 ml) of warm_beige foundation, 3 layer of red, 2 layers of soft_blush blush.",0
images/386.jpg,Medium,sand,1,2.0,red,3,soft_blush,1,black,2,natural_concealer,1,12 hrs,medium,992,simple,normal,normal,"Apply 1 layers (~2.0 ml) of sand foundation, 3 layer of red, 1 layers of soft_blush blush.",0
images/91.jpg,Dark,caramel,3,3.0,dark red,1,soft_blush,2,black,1,natural_concealer,2,6 hrs,medium,2771,simple,normal,normal,"Apply 3 layers (~3.0 ml) of caramel foundation, 1 layer of dark red, 2 layers of soft_blush blush.",0
images/609.jpg,Medium,matte_sand,2,4.0,nude,1,soft_blush,1,black,1,natural_concealer,2,6 hrs,medium,1420,weather,normal,hot,"Apply 2 layers (~4.0 ml) of matte_sand foundation, 1 layer of nude, 1 layers of soft_blush blush.",0
images/85.jpg,Medium,warm_beige,3,4.0,coral,2,soft_blush,2,black,3,natural_concealer,1,8 hrs,high,1415,occasion,daily,normal,"Apply 3 layers (~4.0 ml) of warm_beige foundation, 2 layer of coral, 2 layers of soft_blush blush.",0
images/635.jpg,Medium,beige,1,3.0,coral,2,soft_blush,1,black,3,natural_concealer,1,10 hrs,high,1886,occasion,office,normal,"Apply 1 layers (~3.0 ml) of beige foundation, 2 layer of coral, 1 layers of soft_blush blush.",0
images/153.jpg,Medium,warm_beige,3,3.0,nude,2,soft_blush,2,black,3,natural_concealer,1,12 hrs,low,1188,occasion,office,normal,"Apply 3 layers (~3.0 ml) of warm_beige foundation, 2 layer of nude, 2 layers of soft_blush blush.",0
images/147.jpg,Medium,sand,1,5.0,red,1,soft_blush,2,black,3,natural_concealer,1,8 hrs,medium,2706,weather,normal,cold,"Apply 1 layers (~5.0 ml) of sand foundation, 1 layer of red, 2 layers of soft_blush blush.",0
images/621.jpg,Medium,beige,1,3.0,nude,1,soft_blush,1,black,2,natural_concealer,1,8 hrs,medium,1610,simple,normal,normal,"Apply 1 layers (~3.0 ml) of beige foundation, 1 layer of nude, 1 layers of soft_blush blush.",0
images/52.jpg,Dark,espresso,3,4.0,plum,1,soft_blush,2,black,2,natural_concealer,2,12 hrs,high,2383,occasion,daily,normal,"Apply 3 layers (~4.0 ml) of espresso foundation, 1 layer of plum, 2 layers of soft_blush blush.",0
images/46.jpg,Dark,espresso,2,4.0,wine,3,soft_blush,1,black,2,natural_concealer,1,12 hrs,low,1952,weather,normal,humid,"Apply 2 layers (~4.0 ml) of espresso foundation, 3 layer of wine, 1 layers of soft_blush blush.",0
images/190.jpg,Dark,mocha,2,3.0,dark red,1,soft_blush,2,black,3,natural_concealer,2,10 hrs,high,2360,weather,normal,humid,"Apply 2 layers (~3.0 ml) of mocha foundation, 1 layer of dark red, 2 layers of soft_blush blush.",0
images/184.jpg,Medium,beige,3,2.0,bold_coral,2,soft_blush,2,black,1,natural_concealer,2,10 hrs,medium,1021,occasion,party,normal,"Apply 3 layers (~2.0 ml) of beige foundation, 2 layer of bold_coral, 2 layers of soft_blush blush.",0
images/._63.jpg,Medium,warm_beige,2,2.0,nude,1,soft_blush,1,black,2,natural_concealer,2,6 hrs,low,1269,simple,normal,normal,"Apply 2 layers (~2.0 ml) of warm_beige foundation, 1 layer of nude, 1 layers of soft_blush blush.",0
images/._189.jpg,Medium,sand,2,3.0,bold_coral,3,soft_blush,2,black,3,natural_concealer,2,8 hrs,low,2381,occasion,party,normal,"Apply 2 layers (~3.0 ml) of sand foundation, 3 layer of bold_coral, 2 layers of soft_blush blush.",0
images/._77.jpg,Medium,beige,2,5.0,coral,1,soft_blush,2,black,1,natural_concealer,1,8 hrs,low,1470,simple,normal,normal,"Apply 2 layers (~5.0 ml) of beige foundation, 1 layer of coral, 2 layers of soft_blush blush.",0
images/._638.jpg,Medium,sand,3,2.0,red,3,soft_blush,1,black,2,natural_concealer,1,6 hrs,low,2104,simple,normal,normal,"Apply 3 layers (~2.0 ml) of sand foundation, 3 layer of red, 1 layers of soft_blush blush.",0
images/._604.jpg,Medium,beige,3,4.0,nude,2,soft_blush,1,black,3,natural_concealer,2,12 hrs,high,1338,occasion,bridal,normal,"Apply 3 layers (~4.0 ml) of beige foundation, 2 layer of nude, 1 layers of soft_blush blush.",0
images/._162.jpg,Medium,sand,1,5.0,nude,2,soft_blush,1,black,2,natural_concealer,2,12 hrs,low,835,weather,normal,cold,"Apply 1 layers (~5.0 ml) of sand foundation, 2 layer of nude, 1 layers of soft_blush blush.",0
images/._176.jpg,Medium,warm_beige,1,5.0,nude,2,soft_blush,2,black,3,natural_concealer,1,6 hrs,high,1759,weather,normal,cold,"Apply 1 layers (~5.0 ml) of warm_beige foundation, 2 layer of nude, 2 layers of soft_blush blush.",0
images/._88.jpg,Medium,sand,2,4.0,coral,3,soft_blush,1,black,3,natural_concealer,2,8 hrs,low,2519,occasion,bridal,normal,"Apply 2 layers (~4.0 ml) of sand foundation, 3 layer of coral, 1 layers of soft_blush blush.",0
images/._610.jpg,Medium,beige,1,4.0,bold_nude,3,soft_blush,1,black,1,natural_concealer,2,10 hrs,medium,1293,occasion,party,normal,"Apply 1 layers (~4.0 ml) of beige foundation, 3 layer of bold_nude, 1 layers of soft_blush blush.",0
images/._348.jpg,Medium,warm_beige,1,4.0,coral,1,soft_blush,2,black,3,natural_concealer,1,12 hrs,low,2509,weather,normal,humid,"Apply 1 layers (~4.0 ml) of warm_beige foundation, 1 layer of coral, 2 layers of soft_blush blush.",0
images/._360.jpg,Medium,warm_beige,3,5.0,red,3,soft_blush,1,black,1,natural_concealer,1,8 hrs,low,2050,occasion,office,normal,"Apply 3 layers (~5.0 ml) of warm_beige foundation, 3 layer of red, 1 layers of soft_blush blush.",0
images/._406.jpg,Medium,sand,2,3.0,nude,2,soft_blush,1,black,2,natural_concealer,1,6 hrs,medium,2592,occasion,office,normal,"Apply 2 layers (~3.0 ml) of sand foundation, 2 layer of nude, 1 layers of soft_blush blush.",0
images/._412.jpg,Medium,sand,3,3.0,coral,2,soft_blush,2,black,3,natural_concealer,1,6 hrs,medium,2787,simple,normal,normal,"Apply 3 layers (~3.0 ml) of sand foundation, 2 layer of coral, 2 layers of soft_blush blush.",0
images/._374.jpg,Medium,beige,1,4.0,nude,1,soft_blush,1,black,1,natural_concealer,1,8 hrs,low,2864,occasion,bridal,normal,"Apply 1 layers (~4.0 ml) of beige foundation, 1 layer of nude, 1 layers of soft_blush blush.",0
images/._599.jpg,Medium,beige,1,3.0,red,3,soft_blush,1,black,3,natural_concealer,2,12 hrs,high,2718,occasion,bridal,normal,"Apply 1 layers (~3.0 ml) of beige foundation, 3 layer of red, 1 layers of soft_blush blush.",0
images/._228.jpg,Medium,beige,1,5.0,coral,2,soft_blush,1,black,1,natural_concealer,2,12 hrs,low,2469,simple,normal,normal,"Apply 1 layers (~5.0 ml) of beige foundation, 2 layer of coral, 1 layers of soft_blush blush.",0
images/._214.jpg,Medium,beige,1,5.0,nude,2,soft_blush,2,black,1,natural_concealer,2,8 hrs,medium,2235,weather,normal,cold,"Apply 1 layers (~5.0 ml) of beige foundation, 2 layer of nude, 2 layers of soft_blush blush.",0
images/._572.jpg,Medium,beige,1,2.0,red,1,soft_blush,2,black,2,natural_concealer,2,6 hrs,medium,972,occasion,bridal,normal,"Apply 1 layers (~2.0 ml) of beige foundation, 1 layer of red, 2 layers of soft_blush blush.",0
images/._566.jpg,Medium,warm_beige,2,2.0,red,3,soft_blush,2,black,2,natural_concealer,1,10 hrs,high,1347,weather,normal,cold,"Apply 2 layers (~2.0 ml) of warm_beige foundation, 3 layer of red, 2 layers of soft_blush blush.",0
images/._200.jpg,Medium,sand,3,5.0,nude,2,soft_blush,1,black,2,natural_concealer,1,12 hrs,low,1110,occasion,office,normal,"Apply 3 layers (~5.0 ml) of sand foundation, 2 layer of nude, 1 layers of soft_blush blush.",0
images/._567.jpg,Medium,matte_sand,2,5.0,nude,2,soft_blush,2,black,3,natural_concealer,2,12 hrs,low,2524,weather,normal,hot,"Apply 2 layers (~5.0 ml) of matte_sand foundation, 2 layer of nude, 2 layers of soft_blush blush.",0
images/._201.jpg,Medium,beige,1,4.0,nude,3,soft_blush,1,black,1,natural_concealer,2,6 hrs,low,941,weather,normal,cold,"Apply 1 layers (~4.0 ml) of beige foundation, 3 layer of nude, 1 layers of soft_blush blush.",0
images/._215.jpg,Medium,warm_beige,1,4.0,coral,2,soft_blush,1,black,3,natural_concealer,1,12 hrs,low,1684,occasion,bridal,normal,"Apply 1 layers (~4.0 ml) of warm_beige foundation, 2 layer of coral, 1 layers of soft_blush blush.",0
images/._573.jpg,Medium,sand,3,4.0,nude,1,soft_blush,2,black,1,natural_concealer,1,12 hrs,low,670,occasion,office,normal,"Apply 3 layers (~4.0 ml) of sand foundation, 1 layer of nude, 2 layers of soft_blush blush.",0
images/._229.jpg,Medium,beige,2,4.0,nude,1,soft_blush,1,black,1,natural_concealer,1,8 hrs,medium,2715,simple,normal,normal,"Apply 2 layers (~4.0 ml) of beige foundation, 1 layer of nude, 1 layers of soft_blush blush.",0
images/._598.jpg,Medium,warm_beige,2,5.0,coral,1,soft_blush,2,black,1,natural_concealer,2,10 hrs,medium,833,weather,normal,humid,"Apply 2 layers (~5.0 ml) of warm_beige foundation, 1 layer of coral, 2 layers of soft_blush blush.",0
images/._413.jpg,Medium,sand,2,3.0,bold_coral,3,soft_blush,1,black,3,natural_concealer,2,12 hrs,high,715,occasion,party,normal,"Apply 2 layers (~3.0 ml) of sand foundation, 3 layer of bold_coral, 1 layers of soft_blush blush.",0
images/._375.jpg,Medium,warm_beige,3,2.0,coral,3,soft_blush,2,black,3,natural_concealer,2,10 hrs,low,2157,simple,normal,normal,"Apply 3 layers (~2.0 ml) of warm_beige foundation, 3 layer of coral, 2 layers of soft_blush blush.",0
images/._361.jpg,Medium,sand,1,3.0,coral,1,soft_blush,2,black,1,natural_concealer,2,8 hrs,high,1745,simple,normal,normal,"Apply 1 layers (~3.0 ml) of sand foundation, 1 layer of coral, 2 layers of soft_blush blush.",0
images/._407.jpg,Medium,beige,2,4.0,coral,3,soft_blush,2,black,2,natural_concealer,1,6 hrs,medium,2246,occasion,bridal,normal,"Apply 2 layers (~4.0 ml) of beige foundation, 3 layer of coral, 2 layers of soft_blush blush.",0
images/._349.jpg,Medium,sand,3,4.0,coral,2,soft_blush,2,black,3,natural_concealer,2,10 hrs,low,1308,weather,normal,humid,"Apply 3 layers (~4.0 ml) of sand foundation, 2 layer of coral, 2 layers of soft_blush blush.",0
images/._177.jpg,Medium,sand,2,4.0,red,3,soft_blush,2,black,1,natural_concealer,2,6 hrs,medium,1524,simple,normal,normal,"Apply 2 layers (~4.0 ml) of sand foundation, 3 layer of red, 2 layers of soft_blush blush.",0
images/._611.jpg,Medium,sand,2,2.0,red,2,soft_blush,2,black,2,natural_concealer,1,6 hrs,medium,1825,occasion,daily,normal,"Apply 2 layers (~2.0 ml) of sand foundation, 2 layer of red, 2 layers of soft_blush blush.",0
images/._89.jpg,Medium,warm_beige,1,2.0,red,2,soft_blush,1,black,1,natural_concealer,1,6 hrs,medium,1926,weather,normal,humid,"Apply 1 layers (~2.0 ml) of warm_beige foundation, 2 layer of red, 1 layers of soft_blush blush.",0
images/._605.jpg,Medium,beige,2,4.0,red,1,soft_blush,2,black,1,natural_concealer,1,6 hrs,low,2024,occasion,bridal,normal,"Apply 2 layers (~4.0 ml) of beige foundation, 1 layer of red, 2 layers of soft_blush blush.",0
images/._163.jpg,Medium,sand,3,3.0,bold_nude,3,soft_blush,2,black,2,natural_concealer,1,10 hrs,high,2394,occasion,party,normal,"Apply 3 layers (~3.0 ml) of sand foundation, 3 layer of bold_nude, 2 layers of soft_blush blush.",0
images/._639.jpg,Medium,warm_beige,2,3.0,nude,1,soft_blush,1,black,1,natural_concealer,1,12 hrs,high,963,occasion,office,normal,"Apply 2 layers (~3.0 ml) of warm_beige foundation, 1 layer of nude, 1 layers of soft_blush blush.",0
images/._188.jpg,Medium,sand,2,3.0,nude,3,soft_blush,2,black,3,natural_concealer,2,10 hrs,high,1193,occasion,daily,normal,"Apply 2 layers (~3.0 ml) of sand foundation, 3 layer of nude, 2 layers of soft_blush blush.",0
images/._76.jpg,Medium,sand,2,5.0,red,3,soft_blush,2,black,3,natural_concealer,2,8 hrs,high,1870,weather,normal,cold,"Apply 2 layers (~5.0 ml) of sand foundation, 3 layer of red, 2 layers of soft_blush blush.",0
images/._62.jpg,Medium,beige,3,5.0,nude,3,soft_blush,2,black,1,natural_concealer,1,10 hrs,low,1650,simple,normal,normal,"Apply 3 layers (~5.0 ml) of beige foundation, 3 layer of nude, 2 layers of soft_blush blush.",0
images/._74.jpg,Medium,matte_beige,3,5.0,nude,1,soft_blush,2,black,3,natural_concealer,1,8 hrs,high,2397,weather,normal,hot,"Apply 3 layers (~5.0 ml) of matte_beige foundation, 1 layer of nude, 2 layers of soft_blush blush.",0
images/._60.jpg,Medium,sand,2,4.0,red,1,soft_blush,2,black,1,natural_concealer,2,12 hrs,medium,1354,occasion,office,normal,"Apply 2 layers (~4.0 ml) of sand foundation, 1 layer of red, 2 layers of soft_blush blush.",0
images/._48.jpg,Medium,beige,1,5.0,red,3,soft_blush,2,black,2,natural_concealer,2,6 hrs,medium,2094,occasion,bridal,normal,"Apply 1 layers (~5.0 ml) of beige foundation, 3 layer of red, 2 layers of soft_blush blush.",0
images/._149.jpg,Medium,beige,2,4.0,red,2,soft_blush,1,black,2,natural_concealer,2,8 hrs,medium,1514,weather,normal,cold,"Apply 2 layers (~4.0 ml) of beige foundation, 2 layer of red, 1 layers of soft_blush blush.",0
images/._613.jpg,Medium,beige,1,3.0,coral,1,soft_blush,2,black,2,natural_concealer,1,10 hrs,medium,2106,simple,normal,normal,"Apply 1 layers (~3.0 ml) of beige foundation, 1 layer of coral, 2 layers of soft_blush blush.",0
images/._175.jpg,Medium,warm_beige,3,3.0,coral,3,soft_blush,1,black,2,natural_concealer,2,6 hrs,high,1256,simple,normal,normal,"Apply 3 layers (~3.0 ml) of warm_beige foundation, 3 layer of coral, 1 layers of soft_blush blush.",0
images/._161.jpg,Medium,sand,2,2.0,nude,1,soft_blush,2,black,2,natural_concealer,2,10 hrs,medium,1981,occasion,bridal,normal,"Apply 2 layers (~2.0 ml) of sand foundation, 1 layer of nude, 2 layers of soft_blush blush.",0
images/._607.jpg,Medium,warm_beige,1,5.0,coral,1,soft_blush,2,black,3,natural_concealer,2,8 hrs,high,1580,weather,normal,cold,"Apply 1 layers (~5.0 ml) of warm_beige foundation, 1 layer of coral, 2 layers of soft_blush blush.",0
images/._388.jpg,Medium,sand,2,3.0,coral,2,soft_blush,2,black,1,natural_concealer,2,8 hrs,low,2707,simple,normal,normal,"Apply 2 layers (~3.0 ml) of sand foundation, 2 layer of coral, 2 layers of soft_blush blush.",0
images/._439.jpg,Medium,matte_beige,2,3.0,nude,3,soft_blush,1,black,1,natural_concealer,1,10 hrs,low,2649,weather,normal,hot,"Apply 2 layers (~3.0 ml) of matte_beige foundation, 3 layer of nude, 1 layers of soft_blush blush.",0
images/._377.jpg,Medium,beige,1,4.0,nude,2,soft_blush,2,black,1,natural_concealer,1,10 hrs,high,2974,weather,normal,humid,"Apply 1 layers (~4.0 ml) of beige foundation, 2 layer of nude, 2 layers of soft_blush blush.",0
images/._411.jpg,Medium,sand,1,5.0,coral,1,soft_blush,2,black,2,natural_concealer,1,12 hrs,low,619,occasion,office,normal,"Apply 1 layers (~5.0 ml) of sand foundation, 1 layer of coral, 2 layers of soft_blush blush.",0
images/._405.jpg,Medium,sand,2,4.0,red,3,soft_blush,1,black,1,natural_concealer,2,8 hrs,low,2759,weather,normal,cold,"Apply 2 layers (~4.0 ml) of sand foundation, 3 layer of red, 1 layers of soft_blush blush.",0
images/._363.jpg,Medium,sand,3,5.0,coral,2,soft_blush,2,black,1,natural_concealer,2,12 hrs,high,803,occasion,bridal,normal,"Apply 3 layers (~5.0 ml) of sand foundation, 2 layer of coral, 2 layers of soft_blush blush.",0
images/._559.jpg,Medium,warm_beige,2,2.0,red,1,soft_blush,2,black,1,natural_concealer,2,12 hrs,high,2515,simple,normal,normal,"Apply 2 layers (~2.0 ml) of warm_beige foundation, 1 layer of red, 2 layers of soft_blush blush.",0
images/._203.jpg,Medium,beige,2,4.0,coral,3,soft_blush,1,black,1,natural_concealer,2,6 hrs,medium,2482,occasion,office,normal,"Apply 2 layers (~4.0 ml) of beige foundation, 3 layer of coral, 1 layers of soft_blush blush.",0
images/._565.jpg,Medium,sand,1,4.0,nude,1,soft_blush,2,black,3,natural_concealer,1,10 hrs,high,628,weather,normal,cold,"Apply 1 layers (~4.0 ml) of sand foundation, 1 layer of nude, 2 layers of soft_blush blush.",0
images/._571.jpg,Medium,sand,2,5.0,red,3,soft_blush,1,black,3,natural_concealer,2,10 hrs,high,1488,weather,normal,humid,"Apply 2 layers (~5.0 ml) of sand foundation, 3 layer of red, 1 layers of soft_blush blush.",0
images/._217.jpg,Medium,sand,2,4.0,nude,1,soft_blush,2,black,2,natural_concealer,2,8 hrs,high,1344,simple,normal,normal,"Apply 2 layers (~4.0 ml) of sand foundation, 1 layer of nude, 2 layers of soft_blush blush.",0
images/._570.jpg,Medium,sand,3,3.0,coral,3,soft_blush,2,black,3,natural_concealer,1,8 hrs,high,2824,occasion,office,normal,"Apply 3 layers (~3.0 ml) of sand foundation, 3 layer of coral, 2 layers of soft_blush blush.",0
images/._216.jpg,Medium,beige,3,4.0,coral,1,soft_blush,2,black,1,natural_concealer,2,10 hrs,high,2168,occasion,bridal,normal,"Apply 3 layers (~4.0 ml) of beige foundation, 1 layer of coral, 2 layers of soft_blush blush.",0
images/._202.jpg,Medium,warm_beige,2,2.0,red,1,soft_blush,2,black,3,natural_concealer,2,6 hrs,low,1402,occasion,bridal,normal,"Apply 2 layers (~2.0 ml) of warm_beige foundation, 1 layer of red, 2 layers of soft_blush blush.",0
images/._564.jpg,Medium,sand,3,2.0,nude,2,soft_blush,2,black,2,natural_concealer,2,12 hrs,low,1103,weather,normal,cold,"Apply 3 layers (~2.0 ml) of sand foundation, 2 layer of nude, 2 layers of soft_blush blush.",0
images/._558.jpg,Medium,sand,3,2.0,nude,1,soft_blush,1,black,1,natural_concealer,1,10 hrs,high,2014,weather,normal,cold,"Apply 3 layers (~2.0 ml) of sand foundation, 1 layer of nude, 1 layers of soft_blush blush.",0
images/._404.jpg,Medium,sand,2,5.0,coral,2,soft_blush,2,black,1,natural_concealer,2,6 hrs,high,1494,simple,normal,normal,"Apply 2 layers (~5.0 ml) of sand foundation, 2 layer of coral, 2 layers of soft_blush blush.",0
images/._362.jpg,Medium,warm_beige,3,5.0,nude,1,soft_blush,2,black,3,natural_concealer,1,12 hrs,low,2864,simple,normal,normal,"Apply 3 layers (~5.0 ml) of warm_beige foundation, 1 layer of nude, 2 layers of soft_blush blush.",0
images/._376.jpg,Medium,warm_beige,3,3.0,bold_nude,1,soft_blush,1,black,1,natural_concealer,2,10 hrs,high,2244,occasion,party,normal,"Apply 3 layers (~3.0 ml) of warm_beige foundation, 1 layer of bold_nude, 1 layers of soft_blush blush.",0
images/._410.jpg,Medium,beige,2,3.0,nude,1,soft_blush,2,black,3,natural_concealer,2,12 hrs,high,545,simple,normal,normal,"Apply 2 layers (~3.0 ml) of beige foundation, 1 layer of nude, 2 layers of soft_blush blush.",0
images/._438.jpg,Medium,beige,3,4.0,bold_red,3,soft_blush,1,black,3,natural_concealer,1,6 hrs,low,535,occasion,party,normal,"Apply 3 layers (~4.0 ml) of beige foundation, 3 layer of bold_red, 1 layers of soft_blush blush.",0
images/._389.jpg,Medium,sand,1,5.0,nude,2,soft_blush,2,black,2,natural_concealer,2,6 hrs,low,2159,occasion,daily,normal,"Apply 1 layers (~5.0 ml) of sand foundation, 2 layer of nude, 2 layers of soft_blush blush.",0
images/._160.jpg,Medium,sand,1,4.0,red,2,soft_blush,1,black,3,natural_concealer,2,12 hrs,low,2441,simple,normal,normal,"Apply 1 layers (~4.0 ml) of sand foundation, 2 layer of red, 1 layers of soft_blush blush.",0
images/._606.jpg,Medium,beige,3,3.0,red,3,soft_blush,2,black,3,natural_concealer,2,8 hrs,low,2894,simple,normal,normal,"Apply 3 layers (~3.0 ml) of beige foundation, 3 layer of red, 2 layers of soft_blush blush.",0
images/._612.jpg,Medium,sand,3,4.0,bold_red,3,soft_blush,2,black,2,natural_concealer,1,8 hrs,high,2253,occasion,party,normal,"Apply 3 layers (~4.0 ml) of sand foundation, 3 layer of bold_red, 2 layers of soft_blush blush.",0
images/._174.jpg,Medium,sand,3,2.0,red,3,soft_blush,1,black,1,natural_concealer,2,8 hrs,medium,2882,occasion,daily,normal,"Apply 3 layers (~2.0 ml) of sand foundation, 3 layer of red, 1 layers of soft_blush blush.",0
images/._148.jpg,Medium,sand,3,4.0,coral,3,soft_blush,1,black,3,natural_concealer,1,10 hrs,high,2829,weather,normal,humid,"Apply 3 layers (~4.0 ml) of sand foundation, 3 layer of coral, 1 layers of soft_blush blush.",0
images/._49.jpg,Medium,sand,1,3.0,red,2,soft_blush,1,black,2,natural_concealer,1,6 hrs,low,1318,weather,normal,humid,"Apply 1 layers (~3.0 ml) of sand foundation, 2 layer of red, 1 layers of soft_blush blush.",0
images/._61.jpg,Medium,warm_beige,1,3.0,nude,3,soft_blush,1,black,1,natural_concealer,2,6 hrs,low,2347,simple,normal,normal,"Apply 1 layers (~3.0 ml) of warm_beige foundation, 3 layer of nude, 1 layers of soft_blush blush.",0
images/._75.jpg,Medium,warm_beige,3,4.0,red,3,soft_blush,1,black,3,natural_concealer,1,8 hrs,low,560,simple,normal,normal,"Apply 3 layers (~4.0 ml) of warm_beige foundation, 3 layer of red, 1 layers of soft_blush blush.",0
images/._59.jpg,Medium,beige,1,3.0,coral,3,soft_blush,1,black,3,natural_concealer,1,8 hrs,high,1834,weather,normal,humid,"Apply 1 layers (~3.0 ml) of beige foundation, 3 layer of coral, 1 layers of soft_blush blush.",0
images/._71.jpg,Medium,warm_beige,2,2.0,nude,3,soft_blush,1,black,1,natural_concealer,2,10 hrs,high,1797,occasion,office,normal,"Apply 2 layers (~2.0 ml) of warm_beige foundation, 3 layer of nude, 1 layers of soft_blush blush.",0
images/._65.jpg,Medium,sand,2,3.0,nude,3,soft_blush,2,black,3,natural_concealer,2,8 hrs,low,1665,weather,normal,humid,"Apply 2 layers (~3.0 ml) of sand foundation, 3 layer of nude, 2 layers of soft_blush blush.",0
images/._170.jpg,Medium,beige,1,2.0,nude,2,soft_blush,2,black,2,natural_concealer,2,10 hrs,high,997,weather,normal,humid,"Apply 1 layers (~2.0 ml) of beige foundation, 2 layer of nude, 2 layers of soft_blush blush.",0
images/._616.jpg,Medium,beige,1,2.0,red,1,soft_blush,1,black,3,natural_concealer,2,12 hrs,high,2405,simple,normal,normal,"Apply 1 layers (~2.0 ml) of beige foundation, 1 layer of red, 1 layers of soft_blush blush.",0
images/._602.jpg,Medium,sand,2,3.0,coral,1,soft_blush,2,black,2,natural_concealer,2,8 hrs,low,2900,occasion,office,normal,"Apply 2 layers (~3.0 ml) of sand foundation, 1 layer of coral, 2 layers of soft_blush blush.",0
images/._164.jpg,Medium,beige,2,5.0,nude,1,soft_blush,2,black,1,natural_concealer,1,10 hrs,high,1326,simple,normal,normal,"Apply 2 layers (~5.0 ml) of beige foundation, 1 layer of nude, 2 layers of soft_blush blush.",0
images/._158.jpg,Medium,matte_warm_beige,1,4.0,nude,1,soft_blush,1,black,2,natural_concealer,2,10 hrs,high,2814,weather,normal,hot,"Apply 1 layers (~4.0 ml) of matte_warm_beige foundation, 1 layer of nude, 1 layers of soft_blush blush.",0
images/._399.jpg,Medium,beige,3,5.0,red,1,soft_blush,2,black,1,natural_concealer,1,8 hrs,medium,2921,simple,normal,normal,"Apply 3 layers (~5.0 ml) of beige foundation, 1 layer of red, 2 layers of soft_blush blush.",0
images/._414.jpg,Medium,matte_warm_beige,3,2.0,nude,1,soft_blush,1,black,2,natural_concealer,1,6 hrs,medium,1700,weather,normal,hot,"Apply 3 layers (~2.0 ml) of matte_warm_beige foundation, 1 layer of nude, 1 layers of soft_blush blush.",0
images/._372.jpg,Medium,sand,2,3.0,nude,2,soft_blush,1,black,3,natural_concealer,2,6 hrs,high,819,occasion,daily,normal,"Apply 2 layers (~3.0 ml) of sand foundation, 2 layer of nude, 1 layers of soft_blush blush.",0
images/._366.jpg,Medium,warm_beige,2,4.0,red,3,soft_blush,2,black,1,natural_concealer,2,12 hrs,high,2702,occasion,daily,normal,"Apply 2 layers (~4.0 ml) of warm_beige foundation, 3 layer of red, 2 layers of soft_blush blush.",0
images/._400.jpg,Medium,beige,3,5.0,nude,3,soft_blush,2,black,2,natural_concealer,1,8 hrs,high,1616,occasion,bridal,normal,"Apply 3 layers (~5.0 ml) of beige foundation, 3 layer of nude, 2 layers of soft_blush blush.",0
images/._428.jpg,Medium,matte_sand,1,3.0,nude,1,soft_blush,1,black,2,natural_concealer,2,12 hrs,low,1153,weather,normal,hot,"Apply 1 layers (~3.0 ml) of matte_sand foundation, 1 layer of nude, 1 layers of soft_blush blush.",0
images/._560.jpg,Medium,beige,3,3.0,nude,3,soft_blush,2,black,3,natural_concealer,1,6 hrs,low,654,simple,normal,normal,"Apply 3 layers (~3.0 ml) of beige foundation, 3 layer of nude, 2 layers of soft_blush blush.",0
images/._206.jpg,Medium,warm_beige,3,4.0,coral,1,soft_blush,1,black,2,natural_concealer,1,6 hrs,low,1262,simple,normal,normal,"Apply 3 layers (~4.0 ml) of warm_beige foundation, 1 layer of coral, 1 layers of soft_blush blush.",0
images/._212.jpg,Medium,sand,1,4.0,red,3,soft_blush,1,black,3,natural_concealer,2,12 hrs,medium,1175,simple,normal,normal,"Apply 1 layers (~4.0 ml) of sand foundation, 3 layer of red, 1 layers of soft_blush blush.",0
images/._574.jpg,Medium,matte_warm_beige,1,3.0,nude,3,soft_blush,1,black,3,natural_concealer,1,8 hrs,high,808,weather,normal,hot,"Apply 1 layers (~3.0 ml) of matte_warm_beige foundation, 3 layer of nude, 1 layers of soft_blush blush.",0
images/._548.jpg,Medium,warm_beige,1,5.0,red,1,soft_blush,1,black,2,natural_concealer,1,6 hrs,low,2108,weather,normal,humid,"Apply 1 layers (~5.0 ml) of warm_beige foundation, 1 layer of red, 1 layers of soft_blush blush.",0
images/._549.jpg,Medium,warm_beige,2,4.0,red,1,soft_blush,2,black,3,natural_concealer,1,8 hrs,medium,2003,simple,normal,normal,"Apply 2 layers (~4.0 ml) of warm_beige foundation, 1 layer of red, 2 layers of soft_blush blush.",0
images/._213.jpg,Medium,sand,3,5.0,red,2,soft_blush,2,black,1,natural_concealer,2,6 hrs,high,1861,weather,normal,humid,"Apply 3 layers (~5.0 ml) of sand foundation, 2 layer of red, 2 layers of soft_blush blush.",0
images/._575.jpg,Medium,warm_beige,2,3.0,bold_red,2,soft_blush,2,black,3,natural_concealer,1,6 hrs,medium,2537,occasion,party,normal,"Apply 2 layers (~3.0 ml) of warm_beige foundation, 2 layer of bold_red, 2 layers of soft_blush blush.",0
images/._561.jpg,Medium,beige,3,3.0,nude,1,soft_blush,2,black,3,natural_concealer,2,6 hrs,medium,1365,weather,normal,cold,"Apply 3 layers (~3.0 ml) of beige foundation, 1 layer of nude, 2 layers of soft_blush blush.",0
images/._207.jpg,Medium,sand,1,4.0,red,2,soft_blush,1,black,2,natural_concealer,2,6 hrs,low,2198,occasion,office,normal,"Apply 1 layers (~4.0 ml) of sand foundation, 2 layer of red, 1 layers of soft_blush blush.",0
images/._429.jpg,Medium,warm_beige,3,2.0,coral,3,soft_blush,1,black,2,natural_concealer,1,10 hrs,medium,1948,simple,normal,normal,"Apply 3 layers (~2.0 ml) of warm_beige foundation, 3 layer of coral, 1 layers of soft_blush blush.",0
images/._367.jpg,Medium,beige,1,4.0,nude,1,soft_blush,1,black,3,natural_concealer,1,10 hrs,high,2306,occasion,bridal,normal,"Apply 1 layers (~4.0 ml) of beige foundation, 1 layer of nude, 1 layers of soft_blush blush.",0
images/._401.jpg,Medium,beige,2,3.0,nude,2,soft_blush,1,black,3,natural_concealer,2,10 hrs,medium,1308,occasion,daily,normal,"Apply 2 layers (~3.0 ml) of beige foundation, 2 layer of nude, 1 layers of soft_blush blush.",0
images/._415.jpg,Medium,sand,1,4.0,coral,3,soft_blush,2,black,2,natural_concealer,1,12 hrs,medium,1677,weather,normal,humid,"Apply 1 layers (~4.0 ml) of sand foundation, 3 layer of coral, 2 layers of soft_blush blush.",0
images/._373.jpg,Medium,beige,2,3.0,coral,2,soft_blush,1,black,3,natural_concealer,1,6 hrs,high,1640,occasion,bridal,normal,"Apply 2 layers (~3.0 ml) of beige foundation, 2 layer of coral, 1 layers of soft_blush blush.",0
images/._398.jpg,Medium,warm_beige,3,5.0,red,2,soft_blush,1,black,3,natural_concealer,2,10 hrs,high,1782,occasion,bridal,normal,"Apply 3 layers (~5.0 ml) of warm_beige foundation, 2 layer of red, 1 layers of soft_blush blush.",0
images/._159.jpg,Medium,sand,3,4.0,nude,1,soft_blush,1,black,1,natural_concealer,2,10 hrs,medium,1902,simple,normal,normal,"Apply 3 layers (~4.0 ml) of sand foundation, 1 layer of nude, 1 layers of soft_blush blush.",0
images/._603.jpg,Medium,matte_beige,1,3.0,nude,3,soft_blush,2,black,1,natural_concealer,2,10 hrs,low,2227,weather,normal,hot,"Apply 1 layers (~3.0 ml) of matte_beige foundation, 3 layer of nude, 2 layers of soft_blush blush.",0
images/._165.jpg,Medium,warm_beige,2,3.0,nude,1,soft_blush,2,black,2,natural_concealer,2,10 hrs,low,2681,simple,normal,normal,"Apply 2 layers (~3.0 ml) of warm_beige foundation, 1 layer of nude, 2 layers of soft_blush blush.",0
images/._171.jpg,Medium,warm_beige,3,2.0,red,2,soft_blush,1,black,1,natural_concealer,2,6 hrs,low,2032,weather,normal,cold,"Apply 3 layers (~2.0 ml) of warm_beige foundation, 2 layer of red, 1 layers of soft_blush blush.",0
images/._617.jpg,Medium,matte_beige,1,3.0,nude,1,soft_blush,2,black,1,natural_concealer,1,10 hrs,high,2715,weather,normal,hot,"Apply 1 layers (~3.0 ml) of matte_beige foundation, 1 layer of nude, 2 layers of soft_blush blush.",0
images/._64.jpg,Medium,beige,2,5.0,coral,1,soft_blush,2,black,3,natural_concealer,1,6 hrs,low,2510,simple,normal,normal,"Apply 2 layers (~5.0 ml) of beige foundation, 1 layer of coral, 2 layers of soft_blush blush.",0
images/._70.jpg,Medium,warm_beige,2,5.0,coral,1,soft_blush,1,black,3,natural_concealer,2,6 hrs,medium,2596,simple,normal,normal,"Apply 2 layers (~5.0 ml) of warm_beige foundation, 1 layer of coral, 1 layers of soft_blush blush.",0
images/._58.jpg,Medium,warm_beige,2,4.0,red,2,soft_blush,1,black,1,natural_concealer,1,6 hrs,high,546,simple,normal,normal,"Apply 2 layers (~4.0 ml) of warm_beige foundation, 2 layer of red, 1 layers of soft_blush blush.",0
images/._8.jpg,Medium,beige,2,4.0,red,2,soft_blush,2,black,1,natural_concealer,1,10 hrs,high,1240,simple,normal,normal,"Apply 2 layers (~4.0 ml) of beige foundation, 2 layer of red, 2 layers of soft_blush blush.",0
images/._198.jpg,Medium,beige,1,3.0,coral,2,soft_blush,2,black,2,natural_concealer,2,12 hrs,medium,689,weather,normal,cold,"Apply 1 layers (~3.0 ml) of beige foundation, 2 layer of coral, 2 layers of soft_blush blush.",0
images/._66.jpg,Medium,beige,2,4.0,red,1,soft_blush,1,black,3,natural_concealer,1,12 hrs,low,2531,simple,normal,normal,"Apply 2 layers (~4.0 ml) of beige foundation, 1 layer of red, 1 layers of soft_blush blush.",0
images/._72.jpg,Medium,warm_beige,1,4.0,red,2,soft_blush,2,black,1,natural_concealer,2,6 hrs,high,2866,weather,normal,humid,"Apply 1 layers (~4.0 ml) of warm_beige foundation, 2 layer of red, 2 layers of soft_blush blush.",0
images/._167.jpg,Medium,sand,1,2.0,bold_coral,2,soft_blush,2,black,2,natural_concealer,1,8 hrs,high,1106,occasion,party,normal,"Apply 1 layers (~2.0 ml) of sand foundation, 2 layer of bold_coral, 2 layers of soft_blush blush.",0
images/._601.jpg,Medium,beige,2,2.0,red,2,soft_blush,2,black,2,natural_concealer,1,6 hrs,high,2023,simple,normal,normal,"Apply 2 layers (~2.0 ml) of beige foundation, 2 layer of red, 2 layers of soft_blush blush.",0
images/._99.jpg,Medium,beige,2,2.0,nude,1,soft_blush,1,black,2,natural_concealer,2,12 hrs,high,1286,weather,normal,cold,"Apply 2 layers (~2.0 ml) of beige foundation, 1 layer of nude, 1 layers of soft_blush blush.",0
images/._615.jpg,Medium,warm_beige,1,4.0,coral,1,soft_blush,2,black,3,natural_concealer,2,6 hrs,low,2431,simple,normal,normal,"Apply 1 layers (~4.0 ml) of warm_beige foundation, 1 layer of coral, 2 layers of soft_blush blush.",0
images/._173.jpg,Medium,sand,2,5.0,nude,2,soft_blush,1,black,3,natural_concealer,2,10 hrs,low,1797,occasion,bridal,normal,"Apply 2 layers (~5.0 ml) of sand foundation, 2 layer of nude, 1 layers of soft_blush blush.",0
images/._629.jpg,Medium,warm_beige,1,3.0,red,3,soft_blush,1,black,3,natural_concealer,2,12 hrs,medium,1154,simple,normal,normal,"Apply 1 layers (~3.0 ml) of warm_beige foundation, 3 layer of red, 1 layers of soft_blush blush.",0
images/._403.jpg,Medium,beige,1,3.0,bold_red,3,soft_blush,2,black,1,natural_concealer,1,10 hrs,medium,1644,occasion,party,normal,"Apply 1 layers (~3.0 ml) of beige foundation, 3 layer of bold_red, 2 layers of soft_blush blush.",0
images/._365.jpg,Medium,warm_beige,2,3.0,red,3,soft_blush,1,black,3,natural_concealer,2,10 hrs,high,1534,occasion,daily,normal,"Apply 2 layers (~3.0 ml) of warm_beige foundation, 3 layer of red, 1 layers of soft_blush blush.",0
images/._371.jpg,Medium,sand,3,2.0,nude,1,soft_blush,1,black,3,natural_concealer,1,12 hrs,low,1644,occasion,daily,normal,"Apply 3 layers (~2.0 ml) of sand foundation, 1 layer of nude, 1 layers of soft_blush blush.",0
images/._417.jpg,Medium,beige,1,4.0,nude,3,soft_blush,2,black,1,natural_concealer,1,6 hrs,low,1108,occasion,office,normal,"Apply 1 layers (~4.0 ml) of beige foundation, 3 layer of nude, 2 layers of soft_blush blush.",0
images/._359.jpg,Medium,beige,3,4.0,nude,1,soft_blush,2,black,2,natural_concealer,1,6 hrs,medium,1364,weather,normal,cold,"Apply 3 layers (~4.0 ml) of beige foundation, 1 layer of nude, 2 layers of soft_blush blush.",0
images/._588.jpg,Medium,warm_beige,3,3.0,nude,2,soft_blush,1,black,3,natural_concealer,2,12 hrs,low,1071,weather,normal,cold,"Apply 3 layers (~3.0 ml) of warm_beige foundation, 2 layer of nude, 1 layers of soft_blush blush.",0
images/._577.jpg,Medium,beige,3,4.0,coral,3,soft_blush,2,black,1,natural_concealer,2,10 hrs,medium,2634,occasion,bridal,normal,"Apply 3 layers (~4.0 ml) of beige foundation, 3 layer of coral, 2 layers of soft_blush blush.",0
images/._211.jpg,Medium,matte_beige,1,5.0,nude,2,soft_blush,2,black,3,natural_concealer,1,8 hrs,medium,2581,weather,normal,hot,"Apply 1 layers (~5.0 ml) of matte_beige foundation, 2 layer of nude, 2 layers of soft_blush blush.",0
images/._205.jpg,Medium,warm_beige,2,2.0,coral,2,soft_blush,1,black,2,natural_concealer,1,10 hrs,low,2312,weather,normal,cold,"Apply 2 layers (~2.0 ml) of warm_beige foundation, 2 layer of coral, 1 layers of soft_blush blush.",0
images/._563.jpg,Medium,beige,3,4.0,coral,2,soft_blush,1,black,2,natural_concealer,1,8 hrs,medium,1187,weather,normal,humid,"Apply 3 layers (~4.0 ml) of beige foundation, 2 layer of coral, 1 layers of soft_blush blush.",0
images/._239.jpg,Medium,matte_beige,1,5.0,nude,1,soft_blush,2,black,1,natural_concealer,2,12 hrs,medium,1048,weather,normal,hot,"Apply 1 layers (~5.0 ml) of matte_beige foundation, 1 layer of nude, 2 layers of soft_blush blush.",0
images/._238.jpg,Medium,sand,3,4.0,bold_red,1,soft_blush,2,black,1,natural_concealer,2,6 hrs,high,1863,occasion,party,normal,"Apply 3 layers (~4.0 ml) of sand foundation, 1 layer of bold_red, 2 layers of soft_blush blush.",0
images/._204.jpg,Medium,matte_sand,2,5.0,nude,1,soft_blush,1,black,3,natural_concealer,1,8 hrs,high,2928,weather,normal,hot,"Apply 2 layers (~5.0 ml) of matte_sand foundation, 1 layer of nude, 1 layers of soft_blush blush.",0
images/._562.jpg,Medium,matte_sand,1,2.0,nude,1,soft_blush,1,black,3,natural_concealer,1,8 hrs,high,1627,weather,normal,hot,"Apply 1 layers (~2.0 ml) of matte_sand foundation, 1 layer of nude, 1 layers of soft_blush blush.",0
images/._576.jpg,Medium,beige,1,4.0,coral,2,soft_blush,2,black,2,natural_concealer,1,10 hrs,low,1552,simple,normal,normal,"Apply 1 layers (~4.0 ml) of beige foundation, 2 layer of coral, 2 layers of soft_blush blush.",0
images/._210.jpg,Medium,sand,3,3.0,coral,2,soft_blush,2,black,2,natural_concealer,2,8 hrs,medium,659,simple,normal,normal,"Apply 3 layers (~3.0 ml) of sand foundation, 2 layer of coral, 2 layers of soft_blush blush.",0
images/._589.jpg,Medium,beige,1,3.0,coral,2,soft_blush,2,black,1,natural_concealer,1,10 hrs,medium,889,simple,normal,normal,"Apply 1 layers (~3.0 ml) of beige foundation, 2 layer of coral, 2 layers of soft_blush blush.",0
images/._358.jpg,Medium,matte_beige,2,5.0,nude,2,soft_blush,2,black,1,natural_concealer,2,6 hrs,high,647,weather,normal,hot,"Apply 2 layers (~5.0 ml) of matte_beige foundation, 2 layer of nude, 2 layers of soft_blush blush.",0
images/._370.jpg,Medium,beige,1,3.0,nude,2,soft_blush,2,black,1,natural_concealer,1,6 hrs,low,2348,simple,normal,normal,"Apply 1 layers (~3.0 ml) of beige foundation, 2 layer of nude, 2 layers of soft_blush blush.",0
images/._416.jpg,Medium,warm_beige,3,3.0,red,3,soft_blush,2,black,3,natural_concealer,1,12 hrs,medium,1914,weather,normal,cold,"Apply 3 layers (~3.0 ml) of warm_beige foundation, 3 layer of red, 2 layers of soft_blush blush.",0
images/._402.jpg,Medium,sand,3,5.0,coral,1,soft_blush,1,black,2,natural_concealer,1,8 hrs,high,2439,occasion,daily,normal,"Apply 3 layers (~5.0 ml) of sand foundation, 1 layer of coral, 1 layers of soft_blush blush.",0
images/._364.jpg,Medium,warm_beige,2,5.0,coral,3,soft_blush,2,black,2,natural_concealer,1,6 hrs,high,2540,simple,normal,normal,"Apply 2 layers (~5.0 ml) of warm_beige foundation, 3 layer of coral, 2 layers of soft_blush blush.",0
images/._628.jpg,Medium,beige,3,4.0,coral,1,soft_blush,2,black,3,natural_concealer,1,10 hrs,low,1987,weather,normal,humid,"Apply 3 layers (~4.0 ml) of beige foundation, 1 layer of coral, 2 layers of soft_blush blush.",0
images/._614.jpg,Medium,beige,1,4.0,red,1,soft_blush,1,black,2,natural_concealer,2,10 hrs,high,1080,simple,normal,normal,"Apply 1 layers (~4.0 ml) of beige foundation, 1 layer of red, 1 layers of soft_blush blush.",0
images/._172.jpg,Medium,sand,2,4.0,red,2,soft_blush,1,black,1,natural_concealer,2,10 hrs,medium,2325,simple,normal,normal,"Apply 2 layers (~4.0 ml) of sand foundation, 2 layer of red, 1 layers of soft_blush blush.",0
images/._166.jpg,Medium,sand,1,2.0,red,1,soft_blush,1,black,1,natural_concealer,1,8 hrs,medium,2172,occasion,daily,normal,"Apply 1 layers (~2.0 ml) of sand foundation, 1 layer of red, 1 layers of soft_blush blush.",0
images/._98.jpg,Medium,sand,3,3.0,nude,2,soft_blush,2,black,1,natural_concealer,2,12 hrs,medium,2162,simple,normal,normal,"Apply 3 layers (~3.0 ml) of sand foundation, 2 layer of nude, 2 layers of soft_blush blush.",0
images/._600.jpg,Medium,beige,3,5.0,nude,3,soft_blush,2,black,3,natural_concealer,2,8 hrs,high,790,occasion,bridal,normal,"Apply 3 layers (~5.0 ml) of beige foundation, 3 layer of nude, 2 layers of soft_blush blush.",0
images/._73.jpg,Medium,beige,2,3.0,bold_nude,2,soft_blush,1,black,3,natural_concealer,2,8 hrs,high,2401,occasion,party,normal,"Apply 2 layers (~3.0 ml) of beige foundation, 2 layer of bold_nude, 1 layers of soft_blush blush.",0
images/._199.jpg,Medium,sand,1,4.0,red,3,soft_blush,2,black,2,natural_concealer,1,12 hrs,low,2221,simple,normal,normal,"Apply 1 layers (~4.0 ml) of sand foundation, 3 layer of red, 2 layers of soft_blush blush.",0
images/._67.jpg,Medium,warm_beige,3,4.0,coral,2,soft_blush,2,black,2,natural_concealer,2,10 hrs,low,642,occasion,bridal,normal,"Apply 3 layers (~4.0 ml) of warm_beige foundation, 2 layer of coral, 2 layers of soft_blush blush.",0
images/._9.jpg,Medium,warm_beige,2,3.0,coral,2,soft_blush,1,black,1,natural_concealer,2,6 hrs,low,560,weather,normal,cold,"Apply 2 layers (~3.0 ml) of warm_beige foundation, 2 layer of coral, 1 layers of soft_blush blush.",0
images/._14.jpg,Medium,matte_sand,2,4.0,nude,1,soft_blush,2,black,3,natural_concealer,2,8 hrs,high,2667,weather,normal,hot,"Apply 2 layers (~4.0 ml) of matte_sand foundation, 1 layer of nude, 2 layers of soft_blush blush.",0
images/._28.jpg,Medium,sand,1,5.0,red,1,soft_blush,2,black,3,natural_concealer,2,8 hrs,low,2379,simple,normal,normal,"Apply 1 layers (~5.0 ml) of sand foundation, 1 layer of red, 2 layers of soft_blush blush.",0
images/._129.jpg,Medium,matte_warm_beige,3,3.0,nude,1,soft_blush,1,black,3,natural_concealer,1,10 hrs,high,1841,weather,normal,hot,"Apply 3 layers (~3.0 ml) of matte_warm_beige foundation, 1 layer of nude, 1 layers of soft_blush blush.",0
images/._101.jpg,Medium,sand,3,4.0,bold_coral,1,soft_blush,1,black,3,natural_concealer,1,8 hrs,high,2354,occasion,party,normal,"Apply 3 layers (~4.0 ml) of sand foundation, 1 layer of bold_coral, 1 layers of soft_blush blush.",0
images/._667.jpg,Medium,beige,2,2.0,nude,2,soft_blush,1,black,1,natural_concealer,1,12 hrs,high,1496,simple,normal,normal,"Apply 2 layers (~2.0 ml) of beige foundation, 2 layer of nude, 1 layers of soft_blush blush.",0
images/._673.jpg,Medium,warm_beige,1,5.0,red,3,soft_blush,1,black,1,natural_concealer,2,12 hrs,medium,1862,simple,normal,normal,"Apply 1 layers (~5.0 ml) of warm_beige foundation, 3 layer of red, 1 layers of soft_blush blush.",0
images/._115.jpg,Medium,sand,1,4.0,coral,2,soft_blush,1,black,2,natural_concealer,1,8 hrs,medium,2308,weather,normal,humid,"Apply 1 layers (~4.0 ml) of sand foundation, 2 layer of coral, 1 layers of soft_blush blush.",0
images/._459.jpg,Medium,sand,2,3.0,red,2,soft_blush,1,black,3,natural_concealer,1,6 hrs,medium,1375,simple,normal,normal,"Apply 2 layers (~3.0 ml) of sand foundation, 2 layer of red, 1 layers of soft_blush blush.",0
images/._465.jpg,Medium,beige,2,5.0,coral,2,soft_blush,2,black,2,natural_concealer,2,8 hrs,low,2201,occasion,bridal,normal,"Apply 2 layers (~5.0 ml) of beige foundation, 2 layer of coral, 2 layers of soft_blush blush.",0
images/._303.jpg,Medium,beige,3,3.0,red,1,soft_blush,2,black,3,natural_concealer,1,10 hrs,medium,773,simple,normal,normal,"Apply 3 layers (~3.0 ml) of beige foundation, 1 layer of red, 2 layers of soft_blush blush.",0
images/._317.jpg,Medium,sand,2,3.0,coral,2,soft_blush,1,black,2,natural_concealer,1,10 hrs,high,1337,weather,normal,humid,"Apply 2 layers (~3.0 ml) of sand foundation, 2 layer of coral, 1 layers of soft_blush blush.",0
images/._471.jpg,Medium,sand,3,2.0,bold_coral,1,soft_blush,1,black,2,natural_concealer,1,6 hrs,medium,823,occasion,party,normal,"Apply 3 layers (~2.0 ml) of sand foundation, 1 layer of bold_coral, 1 layers of soft_blush blush.",0
images/._288.jpg,Medium,warm_beige,3,4.0,red,1,soft_blush,1,black,1,natural_concealer,2,6 hrs,low,2527,simple,normal,normal,"Apply 3 layers (~4.0 ml) of warm_beige foundation, 1 layer of red, 1 layers of soft_blush blush.",0
images/._539.jpg,Medium,beige,2,2.0,red,3,soft_blush,1,black,1,natural_concealer,2,8 hrs,low,1288,weather,normal,humid,"Apply 2 layers (~2.0 ml) of beige foundation, 3 layer of red, 1 layers of soft_blush blush.",0
images/._511.jpg,Medium,warm_beige,3,3.0,coral,2,soft_blush,2,black,2,natural_concealer,1,10 hrs,medium,792,weather,normal,humid,"Apply 3 layers (~3.0 ml) of warm_beige foundation, 2 layer of coral, 2 layers of soft_blush blush.",0
images/._277.jpg,Medium,warm_beige,3,3.0,coral,2,soft_blush,2,black,2,natural_concealer,2,6 hrs,low,2022,occasion,bridal,normal,"Apply 3 layers (~3.0 ml) of warm_beige foundation, 2 layer of coral, 2 layers of soft_blush blush.",0
images/._263.jpg,Medium,warm_beige,3,4.0,nude,3,soft_blush,2,black,2,natural_concealer,2,10 hrs,high,2869,weather,normal,cold,"Apply 3 layers (~4.0 ml) of warm_beige foundation, 3 layer of nude, 2 layers of soft_blush blush.",0
images/._505.jpg,Medium,sand,2,2.0,nude,2,soft_blush,2,black,1,natural_concealer,2,6 hrs,low,2482,occasion,office,normal,"Apply 2 layers (~2.0 ml) of sand foundation, 2 layer of nude, 2 layers of soft_blush blush.",0
images/._262.jpg,Medium,warm_beige,2,3.0,nude,2,soft_blush,2,black,3,natural_concealer,2,6 hrs,medium,2448,simple,normal,normal,"Apply 2 layers (~3.0 ml) of warm_beige foundation, 2 layer of nude, 2 layers of soft_blush blush.",0
images/._504.jpg,Medium,warm_beige,2,2.0,coral,3,soft_blush,2,black,2,natural_concealer,1,8 hrs,high,1921,weather,normal,cold,"Apply 2 layers (~2.0 ml) of warm_beige foundation, 3 layer of coral, 2 layers of soft_blush blush.",0
images/._510.jpg,Medium,beige,2,3.0,coral,1,soft_blush,2,black,1,natural_concealer,1,6 hrs,low,1819,simple,normal,normal,"Apply 2 layers (~3.0 ml) of beige foundation, 1 layer of coral, 2 layers of soft_blush blush.",0
images/._276.jpg,Medium,warm_beige,2,5.0,red,3,soft_blush,2,black,1,natural_concealer,2,8 hrs,low,2740,simple,normal,normal,"Apply 2 layers (~5.0 ml) of warm_beige foundation, 3 layer of red, 2 layers of soft_blush blush.",0
images/._538.jpg,Medium,warm_beige,1,2.0,nude,3,soft_blush,2,black,2,natural_concealer,1,12 hrs,medium,1127,simple,normal,normal,"Apply 1 layers (~2.0 ml) of warm_beige foundation, 3 layer of nude, 2 layers of soft_blush blush.",0
images/._289.jpg,Medium,warm_beige,3,2.0,nude,3,soft_blush,1,black,1,natural_concealer,2,10 hrs,low,1930,occasion,daily,normal,"Apply 3 layers (~2.0 ml) of warm_beige foundation, 3 layer of nude, 1 layers of soft_blush blush.",0
images/._316.jpg,Medium,sand,3,4.0,red,1,soft_blush,1,black,3,natural_concealer,2,12 hrs,high,2755,simple,normal,normal,"Apply 3 layers (~4.0 ml) of sand foundation, 1 layer of red, 1 layers of soft_blush blush.",0
images/._470.jpg,Medium,warm_beige,1,4.0,bold_red,1,soft_blush,2,black,1,natural_concealer,1,8 hrs,medium,2831,occasion,party,normal,"Apply 1 layers (~4.0 ml) of warm_beige foundation, 1 layer of bold_red, 2 layers of soft_blush blush.",0
images/._464.jpg,Medium,sand,2,3.0,bold_nude,3,soft_blush,1,black,2,natural_concealer,2,6 hrs,medium,1547,occasion,party,normal,"Apply 2 layers (~3.0 ml) of sand foundation, 3 layer of bold_nude, 1 layers of soft_blush blush.",0
images/._302.jpg,Medium,beige,2,4.0,coral,2,soft_blush,2,black,2,natural_concealer,2,6 hrs,medium,2662,simple,normal,normal,"Apply 2 layers (~4.0 ml) of beige foundation, 2 layer of coral, 2 layers of soft_blush blush.",0
images/._458.jpg,Medium,matte_warm_beige,2,2.0,nude,3,soft_blush,1,black,1,natural_concealer,2,6 hrs,low,2420,weather,normal,hot,"Apply 2 layers (~2.0 ml) of matte_warm_beige foundation, 3 layer of nude, 1 layers of soft_blush blush.",0
images/._672.jpg,Medium,beige,3,4.0,coral,2,soft_blush,1,black,3,natural_concealer,1,10 hrs,high,693,simple,normal,normal,"Apply 3 layers (~4.0 ml) of beige foundation, 2 layer of coral, 1 layers of soft_blush blush.",0
images/._114.jpg,Medium,sand,2,2.0,nude,2,soft_blush,1,black,3,natural_concealer,1,6 hrs,high,1159,weather,normal,cold,"Apply 2 layers (~2.0 ml) of sand foundation, 2 layer of nude, 1 layers of soft_blush blush.",0
images/._100.jpg,Medium,sand,1,5.0,coral,1,soft_blush,1,black,1,natural_concealer,1,8 hrs,low,921,simple,normal,normal,"Apply 1 layers (~5.0 ml) of sand foundation, 1 layer of coral, 1 layers of soft_blush blush.",0
images/._666.jpg,Medium,beige,3,4.0,bold_coral,3,soft_blush,2,black,1,natural_concealer,2,6 hrs,low,1753,occasion,party,normal,"Apply 3 layers (~4.0 ml) of beige foundation, 3 layer of bold_coral, 2 layers of soft_blush blush.",0
images/._128.jpg,Medium,warm_beige,1,3.0,red,1,soft_blush,1,black,1,natural_concealer,1,8 hrs,medium,2429,weather,normal,cold,"Apply 1 layers (~3.0 ml) of warm_beige foundation, 1 layer of red, 1 layers of soft_blush blush.",0
images/._29.jpg,Medium,warm_beige,2,5.0,coral,3,soft_blush,2,black,3,natural_concealer,1,6 hrs,low,1664,occasion,daily,normal,"Apply 2 layers (~5.0 ml) of warm_beige foundation, 3 layer of coral, 2 layers of soft_blush blush.",0
images/._15.jpg,Medium,beige,2,5.0,red,3,soft_blush,2,black,1,natural_concealer,1,6 hrs,medium,1958,weather,normal,cold,"Apply 2 layers (~5.0 ml) of beige foundation, 3 layer of red, 2 layers of soft_blush blush.",0
images/._17.jpg,Medium,beige,3,4.0,coral,2,soft_blush,1,black,2,natural_concealer,1,8 hrs,low,2078,simple,normal,normal,"Apply 3 layers (~4.0 ml) of beige foundation, 2 layer of coral, 1 layers of soft_blush blush.",0
images/._658.jpg,Medium,matte_sand,3,4.0,nude,2,soft_blush,2,black,3,natural_concealer,2,10 hrs,medium,2778,weather,normal,hot,"Apply 3 layers (~4.0 ml) of matte_sand foundation, 2 layer of nude, 2 layers of soft_blush blush.",0
images/._116.jpg,Medium,warm_beige,1,2.0,red,3,soft_blush,1,black,2,natural_concealer,2,12 hrs,low,768,weather,normal,humid,"Apply 1 layers (~2.0 ml) of warm_beige foundation, 3 layer of red, 1 layers of soft_blush blush.",0
images/._670.jpg,Medium,warm_beige,3,2.0,coral,2,soft_blush,2,black,1,natural_concealer,2,6 hrs,high,917,simple,normal,normal,"Apply 3 layers (~2.0 ml) of warm_beige foundation, 2 layer of coral, 2 layers of soft_blush blush.",0
images/._664.jpg,Medium,matte_sand,3,3.0,nude,1,soft_blush,1,black,2,natural_concealer,2,6 hrs,low,1343,weather,normal,hot,"Apply 3 layers (~3.0 ml) of matte_sand foundation, 1 layer of nude, 1 layers of soft_blush blush.",0
images/._102.jpg,Medium,sand,3,2.0,coral,3,soft_blush,2,black,3,natural_concealer,2,10 hrs,medium,1759,weather,normal,humid,"Apply 3 layers (~2.0 ml) of sand foundation, 3 layer of coral, 2 layers of soft_blush blush.",0
images/._499.jpg,Medium,sand,1,2.0,coral,1,soft_blush,1,black,1,natural_concealer,1,12 hrs,medium,2771,weather,normal,humid,"Apply 1 layers (~2.0 ml) of sand foundation, 1 layer of coral, 1 layers of soft_blush blush.",0
images/._328.jpg,Medium,warm_beige,2,2.0,nude,3,soft_blush,1,black,3,natural_concealer,1,8 hrs,high,1577,simple,normal,normal,"Apply 2 layers (~2.0 ml) of warm_beige foundation, 3 layer of nude, 1 layers of soft_blush blush.",0
images/._472.jpg,Medium,beige,1,4.0,coral,2,soft_blush,2,black,1,natural_concealer,1,12 hrs,medium,921,simple,normal,normal,"Apply 1 layers (~4.0 ml) of beige foundation, 2 layer of coral, 2 layers of soft_blush blush.",0
images/._314.jpg,Medium,sand,2,5.0,coral,1,soft_blush,2,black,3,natural_concealer,1,6 hrs,medium,1598,occasion,office,normal,"Apply 2 layers (~5.0 ml) of sand foundation, 1 layer of coral, 2 layers of soft_blush blush.",0
images/._300.jpg,Medium,sand,1,5.0,red,3,soft_blush,2,black,3,natural_concealer,1,12 hrs,high,1111,simple,normal,normal,"Apply 1 layers (~5.0 ml) of sand foundation, 3 layer of red, 2 layers of soft_blush blush.",0
images/._466.jpg,Medium,warm_beige,2,5.0,coral,2,soft_blush,1,black,3,natural_concealer,2,10 hrs,low,1952,simple,normal,normal,"Apply 2 layers (~5.0 ml) of warm_beige foundation, 2 layer of coral, 1 layers of soft_blush blush.",0
images/._248.jpg,Medium,warm_beige,2,3.0,nude,2,soft_blush,2,black,2,natural_concealer,1,8 hrs,low,562,weather,normal,humid,"Apply 2 layers (~3.0 ml) of warm_beige foundation, 2 layer of nude, 2 layers of soft_blush blush.",0
images/._506.jpg,Medium,sand,3,2.0,nude,3,soft_blush,1,black,1,natural_concealer,1,8 hrs,low,2422,occasion,office,normal,"Apply 3 layers (~2.0 ml) of sand foundation, 3 layer of nude, 1 layers of soft_blush blush.",0
images/._260.jpg,Medium,warm_beige,1,2.0,red,2,soft_blush,2,black,1,natural_concealer,2,10 hrs,high,2972,simple,normal,normal,"Apply 1 layers (~2.0 ml) of warm_beige foundation, 2 layer of red, 2 layers of soft_blush blush.",0
images/._274.jpg,Medium,sand,1,3.0,red,2,soft_blush,1,black,3,natural_concealer,2,8 hrs,medium,1205,simple,normal,normal,"Apply 1 layers (~3.0 ml) of sand foundation, 2 layer of red, 1 layers of soft_blush blush.",0
images/._512.jpg,Medium,sand,2,2.0,nude,1,soft_blush,2,black,3,natural_concealer,2,10 hrs,low,736,simple,normal,normal,"Apply 2 layers (~2.0 ml) of sand foundation, 1 layer of nude, 2 layers of soft_blush blush.",0
images/._275.jpg,Medium,sand,2,2.0,coral,1,soft_blush,2,black,3,natural_concealer,2,10 hrs,high,1666,simple,normal,normal,"Apply 2 layers (~2.0 ml) of sand foundation, 1 layer of coral, 2 layers of soft_blush blush.",0
images/._513.jpg,Medium,beige,2,3.0,coral,3,soft_blush,1,black,1,natural_concealer,2,6 hrs,medium,864,simple,normal,normal,"Apply 2 layers (~3.0 ml) of beige foundation, 3 layer of coral, 1 layers of soft_blush blush.",0
images/._507.jpg,Medium,beige,3,5.0,red,2,soft_blush,1,black,1,natural_concealer,2,8 hrs,medium,1863,weather,normal,cold,"Apply 3 layers (~5.0 ml) of beige foundation, 2 layer of red, 1 layers of soft_blush blush.",0
images/._261.jpg,Medium,sand,2,2.0,red,3,soft_blush,1,black,2,natural_concealer,1,8 hrs,low,917,weather,normal,humid,"Apply 2 layers (~2.0 ml) of sand foundation, 3 layer of red, 1 layers of soft_blush blush.",0
images/._249.jpg,Medium,warm_beige,3,5.0,nude,1,soft_blush,2,black,1,natural_concealer,2,8 hrs,low,1841,weather,normal,humid,"Apply 3 layers (~5.0 ml) of warm_beige foundation, 1 layer of nude, 2 layers of soft_blush blush.",0
images/._301.jpg,Medium,beige,2,2.0,bold_coral,2,soft_blush,2,black,2,natural_concealer,1,8 hrs,medium,1136,occasion,party,normal,"Apply 2 layers (~2.0 ml) of beige foundation, 2 layer of bold_coral, 2 layers of soft_blush blush.",0
images/._467.jpg,Medium,sand,2,3.0,coral,1,soft_blush,2,black,1,natural_concealer,2,12 hrs,high,1416,weather,normal,humid,"Apply 2 layers (~3.0 ml) of sand foundation, 1 layer of coral, 2 layers of soft_blush blush.",0
images/._473.jpg,Medium,beige,2,5.0,bold_coral,2,soft_blush,1,black,2,natural_concealer,1,6 hrs,medium,768,occasion,party,normal,"Apply 2 layers (~5.0 ml) of beige foundation, 2 layer of bold_coral, 1 layers of soft_blush blush.",0
images/._315.jpg,Medium,warm_beige,1,4.0,nude,1,soft_blush,2,black,1,natural_concealer,1,8 hrs,low,709,occasion,bridal,normal,"Apply 1 layers (~4.0 ml) of warm_beige foundation, 1 layer of nude, 2 layers of soft_blush blush.",0
images/._329.jpg,Medium,matte_sand,1,2.0,nude,3,soft_blush,2,black,3,natural_concealer,2,8 hrs,medium,1410,weather,normal,hot,"Apply 1 layers (~2.0 ml) of matte_sand foundation, 3 layer of nude, 2 layers of soft_blush blush.",0
images/._498.jpg,Medium,beige,2,4.0,coral,1,soft_blush,1,black,1,natural_concealer,1,8 hrs,high,2295,weather,normal,humid,"Apply 2 layers (~4.0 ml) of beige foundation, 1 layer of coral, 1 layers of soft_blush blush.",0
images/._665.jpg,Medium,warm_beige,1,4.0,nude,2,soft_blush,1,black,2,natural_concealer,1,8 hrs,medium,1575,simple,normal,normal,"Apply 1 layers (~4.0 ml) of warm_beige foundation, 2 layer of nude, 1 layers of soft_blush blush.",0
images/._103.jpg,Medium,sand,2,4.0,bold_coral,1,soft_blush,1,black,3,natural_concealer,2,10 hrs,medium,1704,occasion,party,normal,"Apply 2 layers (~4.0 ml) of sand foundation, 1 layer of bold_coral, 1 layers of soft_blush blush.",0
images/._117.jpg,Medium,sand,3,4.0,red,2,soft_blush,1,black,3,natural_concealer,2,6 hrs,high,2492,simple,normal,normal,"Apply 3 layers (~4.0 ml) of sand foundation, 2 layer of red, 1 layers of soft_blush blush.",0
images/._671.jpg,Medium,sand,1,3.0,coral,1,soft_blush,2,black,3,natural_concealer,2,8 hrs,low,2831,occasion,office,normal,"Apply 1 layers (~3.0 ml) of sand foundation, 1 layer of coral, 2 layers of soft_blush blush.",0
images/._659.jpg,Medium,warm_beige,3,3.0,coral,2,soft_blush,2,black,3,natural_concealer,1,8 hrs,high,524,simple,normal,normal,"Apply 3 layers (~3.0 ml) of warm_beige foundation, 2 layer of coral, 2 layers of soft_blush blush.",0
images/._16.jpg,Medium,warm_beige,3,3.0,red,1,soft_blush,2,black,2,natural_concealer,2,8 hrs,low,1087,weather,normal,humid,"Apply 3 layers (~3.0 ml) of warm_beige foundation, 1 layer of red, 2 layers of soft_blush blush.",0
images/._12.jpg,Medium,warm_beige,3,2.0,nude,1,soft_blush,2,black,3,natural_concealer,2,12 hrs,medium,545,occasion,daily,normal,"Apply 3 layers (~2.0 ml) of warm_beige foundation, 1 layer of nude, 2 layers of soft_blush blush.",0
images/._675.jpg,Medium,beige,2,5.0,red,2,soft_blush,2,black,1,natural_concealer,1,12 hrs,low,2063,weather,normal,humid,"Apply 2 layers (~5.0 ml) of beige foundation, 2 layer of red, 2 layers of soft_blush blush.",0
images/._113.jpg,Medium,sand,3,3.0,red,1,soft_blush,1,black,2,natural_concealer,1,12 hrs,low,2205,weather,normal,cold,"Apply 3 layers (~3.0 ml) of sand foundation, 1 layer of red, 1 layers of soft_blush blush.",0
images/._107.jpg,Medium,beige,3,2.0,coral,2,soft_blush,1,black,1,natural_concealer,2,10 hrs,medium,1464,weather,normal,humid,"Apply 3 layers (~2.0 ml) of beige foundation, 2 layer of coral, 1 layers of soft_blush blush.",0
images/._661.jpg,Medium,sand,1,4.0,coral,3,soft_blush,2,black,2,natural_concealer,2,12 hrs,high,1563,occasion,office,normal,"Apply 1 layers (~4.0 ml) of sand foundation, 3 layer of coral, 2 layers of soft_blush blush.",0
images/._649.jpg,Medium,warm_beige,2,4.0,red,2,soft_blush,2,black,3,natural_concealer,2,6 hrs,low,2953,weather,normal,cold,"Apply 2 layers (~4.0 ml) of warm_beige foundation, 2 layer of red, 2 layers of soft_blush blush.",0
images/._488.jpg,Medium,sand,2,4.0,red,1,soft_blush,2,black,2,natural_concealer,1,12 hrs,medium,2814,weather,normal,humid,"Apply 2 layers (~4.0 ml) of sand foundation, 1 layer of red, 2 layers of soft_blush blush.",0
images/._311.jpg,Medium,beige,2,2.0,nude,3,soft_blush,2,black,2,natural_concealer,1,8 hrs,high,620,simple,normal,normal,"Apply 2 layers (~2.0 ml) of beige foundation, 3 layer of nude, 2 layers of soft_blush blush.",0
images/._477.jpg,Medium,beige,3,5.0,red,2,soft_blush,1,black,1,natural_concealer,2,6 hrs,medium,795,occasion,office,normal,"Apply 3 layers (~5.0 ml) of beige foundation, 2 layer of red, 1 layers of soft_blush blush.",0
images/._463.jpg,Medium,beige,3,5.0,red,3,soft_blush,1,black,1,natural_concealer,1,6 hrs,medium,1588,simple,normal,normal,"Apply 3 layers (~5.0 ml) of beige foundation, 3 layer of red, 1 layers of soft_blush blush.",0
images/._305.jpg,Medium,sand,1,5.0,nude,3,soft_blush,2,black,3,natural_concealer,1,6 hrs,medium,2756,simple,normal,normal,"Apply 1 layers (~5.0 ml) of sand foundation, 3 layer of nude, 2 layers of soft_blush blush.",0
images/._339.jpg,Medium,matte_warm_beige,1,4.0,nude,1,soft_blush,2,black,3,natural_concealer,1,6 hrs,medium,2363,weather,normal,hot,"Apply 1 layers (~4.0 ml) of matte_warm_beige foundation, 1 layer of nude, 2 layers of soft_blush blush.",0
images/._265.jpg,Medium,matte_warm_beige,1,5.0,nude,2,soft_blush,2,black,2,natural_concealer,2,10 hrs,high,1431,weather,normal,hot,"Apply 1 layers (~5.0 ml) of matte_warm_beige foundation, 2 layer of nude, 2 layers of soft_blush blush.",0
images/._503.jpg,Medium,beige,3,4.0,coral,2,soft_blush,1,black,2,natural_concealer,1,8 hrs,high,1683,weather,normal,humid,"Apply 3 layers (~4.0 ml) of beige foundation, 2 layer of coral, 1 layers of soft_blush blush.",0
images/._517.jpg,Medium,sand,3,4.0,bold_nude,1,soft_blush,2,black,3,natural_concealer,1,10 hrs,low,2549,occasion,party,normal,"Apply 3 layers (~4.0 ml) of sand foundation, 1 layer of bold_nude, 2 layers of soft_blush blush.",0
images/._271.jpg,Medium,beige,2,4.0,nude,1,soft_blush,1,black,3,natural_concealer,2,6 hrs,medium,1649,simple,normal,normal,"Apply 2 layers (~4.0 ml) of beige foundation, 1 layer of nude, 1 layers of soft_blush blush.",0
images/._259.jpg,Medium,beige,2,5.0,nude,1,soft_blush,2,black,1,natural_concealer,1,8 hrs,medium,735,simple,normal,normal,"Apply 2 layers (~5.0 ml) of beige foundation, 1 layer of nude, 2 layers of soft_blush blush.",0
images/._258.jpg,Medium,warm_beige,1,5.0,nude,3,soft_blush,2,black,1,natural_concealer,1,8 hrs,medium,1077,weather,normal,humid,"Apply 1 layers (~5.0 ml) of warm_beige foundation, 3 layer of nude, 2 layers of soft_blush blush.",0
images/._516.jpg,Medium,beige,1,5.0,coral,3,soft_blush,2,black,2,natural_concealer,1,10 hrs,low,1011,simple,normal,normal,"Apply 1 layers (~5.0 ml) of beige foundation, 3 layer of coral, 2 layers of soft_blush blush.",0
images/._270.jpg,Medium,sand,3,3.0,bold_coral,1,soft_blush,2,black,3,natural_concealer,2,8 hrs,low,1430,occasion,party,normal,"Apply 3 layers (~3.0 ml) of sand foundation, 1 layer of bold_coral, 2 layers of soft_blush blush.",0
images/._264.jpg,Medium,beige,1,5.0,bold_coral,3,soft_blush,1,black,3,natural_concealer,1,12 hrs,low,1136,occasion,party,normal,"Apply 1 layers (~5.0 ml) of beige foundation, 3 layer of bold_coral, 1 layers of soft_blush blush.",0
images/._502.jpg,Medium,warm_beige,1,2.0,nude,3,soft_blush,1,black,2,natural_concealer,2,12 hrs,high,2088,occasion,office,normal,"Apply 1 layers (~2.0 ml) of warm_beige foundation, 3 layer of nude, 1 layers of soft_blush blush.",0
images/._338.jpg,Medium,sand,3,3.0,coral,2,soft_blush,2,black,2,natural_concealer,1,10 hrs,medium,1936,simple,normal,normal,"Apply 3 layers (~3.0 ml) of sand foundation, 2 layer of coral, 2 layers of soft_blush blush.",0
images/._462.jpg,Medium,warm_beige,1,4.0,nude,1,soft_blush,2,black,2,natural_concealer,1,6 hrs,low,1701,simple,normal,normal,"Apply 1 layers (~4.0 ml) of warm_beige foundation, 1 layer of nude, 2 layers of soft_blush blush.",0
images/._304.jpg,Medium,sand,2,5.0,nude,2,soft_blush,1,black,1,natural_concealer,1,8 hrs,low,1317,weather,normal,humid,"Apply 2 layers (~5.0 ml) of sand foundation, 2 layer of nude, 1 layers of soft_blush blush.",0
images/._310.jpg,Medium,warm_beige,1,5.0,red,3,soft_blush,2,black,1,natural_concealer,1,10 hrs,low,760,occasion,bridal,normal,"Apply 1 layers (~5.0 ml) of warm_beige foundation, 3 layer of red, 2 layers of soft_blush blush.",0
images/._476.jpg,Medium,warm_beige,1,4.0,bold_red,1,soft_blush,2,black,2,natural_concealer,2,6 hrs,high,2934,occasion,party,normal,"Apply 1 layers (~4.0 ml) of warm_beige foundation, 1 layer of bold_red, 2 layers of soft_blush blush.",0
images/._489.jpg,Medium,sand,2,5.0,coral,1,soft_blush,2,black,3,natural_concealer,2,10 hrs,low,1070,simple,normal,normal,"Apply 2 layers (~5.0 ml) of sand foundation, 1 layer of coral, 2 layers of soft_blush blush.",0
images/._648.jpg,Medium,beige,3,3.0,nude,1,soft_blush,1,black,3,natural_concealer,1,12 hrs,high,1258,occasion,daily,normal,"Apply 3 layers (~3.0 ml) of beige foundation, 1 layer of nude, 1 layers of soft_blush blush.",0
images/._106.jpg,Medium,warm_beige,1,4.0,red,2,soft_blush,2,black,3,natural_concealer,1,12 hrs,low,1790,simple,normal,normal,"Apply 1 layers (~4.0 ml) of warm_beige foundation, 2 layer of red, 2 layers of soft_blush blush.",0
images/._660.jpg,Medium,beige,3,5.0,nude,2,soft_blush,1,black,2,natural_concealer,1,8 hrs,low,2616,occasion,daily,normal,"Apply 3 layers (~5.0 ml) of beige foundation, 2 layer of nude, 1 layers of soft_blush blush.",0
images/._674.jpg,Medium,beige,1,4.0,nude,2,soft_blush,1,black,2,natural_concealer,2,10 hrs,low,2040,weather,normal,humid,"Apply 1 layers (~4.0 ml) of beige foundation, 2 layer of nude, 1 layers of soft_blush blush.",0
images/._112.jpg,Medium,warm_beige,3,3.0,coral,1,soft_blush,2,black,1,natural_concealer,2,6 hrs,high,2136,weather,normal,humid,"Apply 3 layers (~3.0 ml) of warm_beige foundation, 1 layer of coral, 2 layers of soft_blush blush.",0
images/._13.jpg,Medium,beige,2,4.0,red,3,soft_blush,1,black,3,natural_concealer,2,8 hrs,medium,1091,simple,normal,normal,"Apply 2 layers (~4.0 ml) of beige foundation, 3 layer of red, 1 layers of soft_blush blush.",0
images/._39.jpg,Medium,sand,1,2.0,nude,2,soft_blush,1,black,1,natural_concealer,2,10 hrs,low,2576,weather,normal,humid,"Apply 1 layers (~2.0 ml) of sand foundation, 2 layer of nude, 1 layers of soft_blush blush.",0
images/._689.jpg,Medium,beige,3,3.0,nude,2,soft_blush,1,black,3,natural_concealer,1,6 hrs,high,2551,simple,normal,normal,"Apply 3 layers (~3.0 ml) of beige foundation, 2 layer of nude, 1 layers of soft_blush blush.",0
images/._11.jpg,Medium,sand,3,5.0,nude,3,soft_blush,2,black,3,natural_concealer,2,8 hrs,medium,1526,weather,normal,humid,"Apply 3 layers (~5.0 ml) of sand foundation, 3 layer of nude, 2 layers of soft_blush blush.",0
images/._662.jpg,Medium,matte_warm_beige,2,3.0,nude,2,soft_blush,1,black,2,natural_concealer,1,10 hrs,high,2859,weather,normal,hot,"Apply 2 layers (~3.0 ml) of matte_warm_beige foundation, 2 layer of nude, 1 layers of soft_blush blush.",0
images/._104.jpg,Medium,sand,3,5.0,nude,3,soft_blush,2,black,1,natural_concealer,2,10 hrs,low,1039,occasion,daily,normal,"Apply 3 layers (~5.0 ml) of sand foundation, 3 layer of nude, 2 layers of soft_blush blush.",0
images/._110.jpg,Medium,sand,2,2.0,red,1,soft_blush,2,black,3,natural_concealer,1,6 hrs,medium,2350,weather,normal,humid,"Apply 2 layers (~2.0 ml) of sand foundation, 1 layer of red, 2 layers of soft_blush blush.",0
images/._676.jpg,Medium,sand,3,4.0,nude,2,soft_blush,1,black,2,natural_concealer,1,6 hrs,low,2960,occasion,daily,normal,"Apply 3 layers (~4.0 ml) of sand foundation, 2 layer of nude, 1 layers of soft_blush blush.",0
images/._138.jpg,Medium,warm_beige,3,2.0,nude,3,soft_blush,1,black,3,natural_concealer,1,6 hrs,low,2882,simple,normal,normal,"Apply 3 layers (~2.0 ml) of warm_beige foundation, 3 layer of nude, 1 layers of soft_blush blush.",0
images/._306.jpg,Medium,matte_warm_beige,2,2.0,nude,2,soft_blush,2,black,2,natural_concealer,2,6 hrs,high,1537,weather,normal,hot,"Apply 2 layers (~2.0 ml) of matte_warm_beige foundation, 2 layer of nude, 2 layers of soft_blush blush.",0
images/._460.jpg,Medium,beige,1,5.0,red,3,soft_blush,2,black,3,natural_concealer,2,12 hrs,high,1154,occasion,daily,normal,"Apply 1 layers (~5.0 ml) of beige foundation, 3 layer of red, 2 layers of soft_blush blush.",0
images/._474.jpg,Medium,beige,1,4.0,nude,3,soft_blush,2,black,3,natural_concealer,2,12 hrs,low,2421,weather,normal,cold,"Apply 1 layers (~4.0 ml) of beige foundation, 3 layer of nude, 2 layers of soft_blush blush.",0
images/._312.jpg,Medium,warm_beige,1,3.0,nude,2,soft_blush,2,black,1,natural_concealer,1,8 hrs,low,2647,occasion,bridal,normal,"Apply 1 layers (~3.0 ml) of warm_beige foundation, 2 layer of nude, 2 layers of soft_blush blush.",0
images/._448.jpg,Medium,sand,2,2.0,nude,3,soft_blush,2,black,3,natural_concealer,1,10 hrs,medium,2846,occasion,bridal,normal,"Apply 2 layers (~2.0 ml) of sand foundation, 3 layer of nude, 2 layers of soft_blush blush.",0
images/._299.jpg,Medium,sand,3,3.0,coral,2,soft_blush,2,black,2,natural_concealer,1,10 hrs,medium,2325,simple,normal,normal,"Apply 3 layers (~3.0 ml) of sand foundation, 2 layer of coral, 2 layers of soft_blush blush.",0
images/._272.jpg,Medium,matte_beige,2,4.0,nude,2,soft_blush,1,black,1,natural_concealer,1,10 hrs,high,2612,weather,normal,hot,"Apply 2 layers (~4.0 ml) of matte_beige foundation, 2 layer of nude, 1 layers of soft_blush blush.",0
images/._514.jpg,Medium,beige,2,2.0,coral,3,soft_blush,2,black,1,natural_concealer,2,6 hrs,low,2998,simple,normal,normal,"Apply 2 layers (~2.0 ml) of beige foundation, 3 layer of coral, 2 layers of soft_blush blush.",0
images/._500.jpg,Medium,warm_beige,3,2.0,coral,1,soft_blush,1,black,3,natural_concealer,2,6 hrs,low,2072,weather,normal,cold,"Apply 3 layers (~2.0 ml) of warm_beige foundation, 1 layer of coral, 1 layers of soft_blush blush.",0
images/._266.jpg,Medium,warm_beige,1,2.0,nude,2,soft_blush,2,black,1,natural_concealer,2,8 hrs,high,1109,occasion,office,normal,"Apply 1 layers (~2.0 ml) of warm_beige foundation, 2 layer of nude, 2 layers of soft_blush blush.",0
images/._528.jpg,Medium,sand,1,4.0,nude,2,soft_blush,1,black,1,natural_concealer,1,10 hrs,low,1011,simple,normal,normal,"Apply 1 layers (~4.0 ml) of sand foundation, 2 layer of nude, 1 layers of soft_blush blush.",0
images/._529.jpg,Medium,beige,2,3.0,red,3,soft_blush,2,black,1,natural_concealer,1,8 hrs,medium,2622,occasion,bridal,normal,"Apply 2 layers (~3.0 ml) of beige foundation, 3 layer of red, 2 layers of soft_blush blush.",0
images/._501.jpg,Medium,sand,2,3.0,red,3,soft_blush,2,black,3,natural_concealer,2,6 hrs,low,1918,occasion,office,normal,"Apply 2 layers (~3.0 ml) of sand foundation, 3 layer of red, 2 layers of soft_blush blush.",0
images/._267.jpg,Medium,sand,2,5.0,red,3,soft_blush,1,black,3,natural_concealer,1,12 hrs,low,1949,occasion,office,normal,"Apply 2 layers (~5.0 ml) of sand foundation, 3 layer of red, 1 layers of soft_blush blush.",0
images/._273.jpg,Medium,sand,1,5.0,bold_red,3,soft_blush,2,black,1,natural_concealer,1,8 hrs,low,1125,occasion,party,normal,"Apply 1 layers (~5.0 ml) of sand foundation, 3 layer of bold_red, 2 layers of soft_blush blush.",0
images/._515.jpg,Medium,warm_beige,1,3.0,coral,3,soft_blush,1,black,1,natural_concealer,2,10 hrs,medium,2065,weather,normal,humid,"Apply 1 layers (~3.0 ml) of warm_beige foundation, 3 layer of coral, 1 layers of soft_blush blush.",0
images/._298.jpg,Medium,beige,1,3.0,bold_nude,1,soft_blush,2,black,1,natural_concealer,2,8 hrs,low,1358,occasion,party,normal,"Apply 1 layers (~3.0 ml) of beige foundation, 1 layer of bold_nude, 2 layers of soft_blush blush.",0
images/._449.jpg,Medium,warm_beige,1,4.0,red,2,soft_blush,1,black,1,natural_concealer,2,6 hrs,medium,1687,occasion,bridal,normal,"Apply 1 layers (~4.0 ml) of warm_beige foundation, 2 layer of red, 1 layers of soft_blush blush.",0
images/._475.jpg,Medium,warm_beige,3,5.0,coral,2,soft_blush,2,black,1,natural_concealer,1,10 hrs,high,1529,weather,normal,cold,"Apply 3 layers (~5.0 ml) of warm_beige foundation, 2 layer of coral, 2 layers of soft_blush blush.",0
images/._313.jpg,Medium,beige,2,3.0,nude,3,soft_blush,1,black,2,natural_concealer,2,12 hrs,low,2988,simple,normal,normal,"Apply 2 layers (~3.0 ml) of beige foundation, 3 layer of nude, 1 layers of soft_blush blush.",0
images/._307.jpg,Medium,sand,2,4.0,bold_coral,2,soft_blush,2,black,3,natural_concealer,1,12 hrs,low,1667,occasion,party,normal,"Apply 2 layers (~4.0 ml) of sand foundation, 2 layer of bold_coral, 2 layers of soft_blush blush.",0
images/._461.jpg,Medium,sand,3,2.0,red,3,soft_blush,2,black,2,natural_concealer,2,12 hrs,low,2899,simple,normal,normal,"Apply 3 layers (~2.0 ml) of sand foundation, 3 layer of red, 2 layers of soft_blush blush.",0
images/._139.jpg,Medium,sand,1,5.0,coral,1,soft_blush,1,black,1,natural_concealer,2,6 hrs,high,1871,weather,normal,humid,"Apply 1 layers (~5.0 ml) of sand foundation, 1 layer of coral, 1 layers of soft_blush blush.",0
images/._111.jpg,Medium,matte_sand,1,5.0,nude,2,soft_blush,2,black,3,natural_concealer,1,10 hrs,medium,1877,weather,normal,hot,"Apply 1 layers (~5.0 ml) of matte_sand foundation, 2 layer of nude, 2 layers of soft_blush blush.",0
images/._677.jpg,Medium,sand,1,3.0,red,2,soft_blush,2,black,1,natural_concealer,1,12 hrs,medium,827,simple,normal,normal,"Apply 1 layers (~3.0 ml) of sand foundation, 2 layer of red, 2 layers of soft_blush blush.",0
images/._663.jpg,Medium,warm_beige,1,2.0,nude,3,soft_blush,2,black,3,natural_concealer,1,8 hrs,low,2365,weather,normal,humid,"Apply 1 layers (~2.0 ml) of warm_beige foundation, 3 layer of nude, 2 layers of soft_blush blush.",0
images/._105.jpg,Medium,warm_beige,2,3.0,red,3,soft_blush,1,black,2,natural_concealer,2,12 hrs,medium,567,occasion,daily,normal,"Apply 2 layers (~3.0 ml) of warm_beige foundation, 3 layer of red, 1 layers of soft_blush blush.",0
images/._10.jpg,Medium,sand,1,4.0,red,3,soft_blush,2,black,3,natural_concealer,2,12 hrs,high,2791,simple,normal,normal,"Apply 1 layers (~4.0 ml) of sand foundation, 3 layer of red, 2 layers of soft_blush blush.",0
images/._688.jpg,Medium,sand,3,5.0,coral,3,soft_blush,1,black,2,natural_concealer,1,10 hrs,high,1786,occasion,daily,normal,"Apply 3 layers (~5.0 ml) of sand foundation, 3 layer of coral, 1 layers of soft_blush blush.",0
images/._38.jpg,Medium,warm_beige,1,3.0,coral,2,soft_blush,1,black,1,natural_concealer,1,10 hrs,low,748,simple,normal,normal,"Apply 1 layers (~3.0 ml) of warm_beige foundation, 2 layer of coral, 1 layers of soft_blush blush.",0
images/._21.jpg,Medium,beige,2,3.0,red,3,soft_blush,1,black,2,natural_concealer,2,8 hrs,low,2569,weather,normal,cold,"Apply 2 layers (~3.0 ml) of beige foundation, 3 layer of red, 1 layers of soft_blush blush.",0
images/._35.jpg,Medium,sand,2,3.0,red,3,soft_blush,2,black,1,natural_concealer,2,6 hrs,high,2093,weather,normal,humid,"Apply 2 layers (~3.0 ml) of sand foundation, 3 layer of red, 2 layers of soft_blush blush.",0
images/._685.jpg,Medium,warm_beige,2,2.0,red,2,soft_blush,1,black,3,natural_concealer,2,8 hrs,medium,1436,weather,normal,humid,"Apply 2 layers (~2.0 ml) of warm_beige foundation, 2 layer of red, 1 layers of soft_blush blush.",0
images/._108.jpg,Medium,sand,3,2.0,red,2,soft_blush,1,black,3,natural_concealer,2,10 hrs,high,2058,occasion,office,normal,"Apply 3 layers (~2.0 ml) of sand foundation, 2 layer of red, 1 layers of soft_blush blush.",0
images/._120.jpg,Medium,matte_sand,2,5.0,nude,2,soft_blush,2,black,2,natural_concealer,1,6 hrs,medium,2101,weather,normal,hot,"Apply 2 layers (~5.0 ml) of matte_sand foundation, 2 layer of nude, 2 layers of soft_blush blush.",0
images/._646.jpg,Medium,sand,3,4.0,coral,3,soft_blush,1,black,1,natural_concealer,2,12 hrs,low,1378,occasion,office,normal,"Apply 3 layers (~4.0 ml) of sand foundation, 3 layer of coral, 1 layers of soft_blush blush.",0
images/._652.jpg,Medium,beige,3,3.0,nude,3,soft_blush,2,black,2,natural_concealer,2,12 hrs,medium,2969,simple,normal,normal,"Apply 3 layers (~3.0 ml) of beige foundation, 3 layer of nude, 2 layers of soft_blush blush.",0
images/._134.jpg,Medium,warm_beige,1,2.0,nude,3,soft_blush,1,black,3,natural_concealer,2,12 hrs,low,2393,occasion,office,normal,"Apply 1 layers (~2.0 ml) of warm_beige foundation, 3 layer of nude, 1 layers of soft_blush blush.",0
images/._487.jpg,Medium,matte_sand,2,4.0,nude,3,soft_blush,2,black,2,natural_concealer,2,12 hrs,medium,1593,weather,normal,hot,"Apply 2 layers (~4.0 ml) of matte_sand foundation, 3 layer of nude, 2 layers of soft_blush blush.",0
images/._493.jpg,Medium,beige,2,5.0,red,1,soft_blush,2,black,1,natural_concealer,1,6 hrs,high,1810,weather,normal,humid,"Apply 2 layers (~5.0 ml) of beige foundation, 1 layer of red, 2 layers of soft_blush blush.",0
images/._478.jpg,Medium,sand,2,5.0,nude,3,soft_blush,1,black,1,natural_concealer,2,8 hrs,medium,2552,simple,normal,normal,"Apply 2 layers (~5.0 ml) of sand foundation, 3 layer of nude, 1 layers of soft_blush blush.",0
images/._444.jpg,Medium,sand,3,4.0,nude,2,soft_blush,1,black,3,natural_concealer,1,8 hrs,medium,1667,weather,normal,humid,"Apply 3 layers (~4.0 ml) of sand foundation, 2 layer of nude, 1 layers of soft_blush blush.",0
images/._322.jpg,Medium,sand,3,2.0,coral,1,soft_blush,1,black,2,natural_concealer,2,8 hrs,medium,2035,weather,normal,humid,"Apply 3 layers (~2.0 ml) of sand foundation, 1 layer of coral, 1 layers of soft_blush blush.",0
images/._336.jpg,Medium,sand,3,5.0,bold_red,3,soft_blush,2,black,2,natural_concealer,2,10 hrs,high,2433,occasion,party,normal,"Apply 3 layers (~5.0 ml) of sand foundation, 3 layer of bold_red, 2 layers of soft_blush blush.",0
images/._450.jpg,Medium,warm_beige,2,5.0,nude,3,soft_blush,2,black,2,natural_concealer,1,6 hrs,medium,2689,weather,normal,humid,"Apply 2 layers (~5.0 ml) of warm_beige foundation, 3 layer of nude, 2 layers of soft_blush blush.",0
images/._295.jpg,Medium,beige,1,5.0,red,3,soft_blush,1,black,1,natural_concealer,2,12 hrs,medium,2811,simple,normal,normal,"Apply 1 layers (~5.0 ml) of beige foundation, 3 layer of red, 1 layers of soft_blush blush.",0
images/._281.jpg,Medium,sand,3,2.0,coral,1,soft_blush,1,black,2,natural_concealer,2,6 hrs,low,2172,weather,normal,cold,"Apply 3 layers (~2.0 ml) of sand foundation, 1 layer of coral, 1 layers of soft_blush blush.",0
images/._518.jpg,Medium,warm_beige,2,4.0,nude,2,soft_blush,2,black,1,natural_concealer,1,6 hrs,high,2147,weather,normal,humid,"Apply 2 layers (~4.0 ml) of warm_beige foundation, 2 layer of nude, 2 layers of soft_blush blush.",0
images/._530.jpg,Medium,beige,3,5.0,coral,1,soft_blush,2,black,2,natural_concealer,1,6 hrs,medium,2275,simple,normal,normal,"Apply 3 layers (~5.0 ml) of beige foundation, 1 layer of coral, 2 layers of soft_blush blush.",0
images/._256.jpg,Medium,sand,2,5.0,red,1,soft_blush,1,black,2,natural_concealer,1,6 hrs,medium,2642,occasion,bridal,normal,"Apply 2 layers (~5.0 ml) of sand foundation, 1 layer of red, 1 layers of soft_blush blush.",0
images/._242.jpg,Medium,beige,1,3.0,nude,3,soft_blush,1,black,3,natural_concealer,2,6 hrs,low,2784,occasion,bridal,normal,"Apply 1 layers (~3.0 ml) of beige foundation, 3 layer of nude, 1 layers of soft_blush blush.",0
images/._524.jpg,Medium,warm_beige,2,2.0,coral,3,soft_blush,2,black,1,natural_concealer,2,8 hrs,high,1655,weather,normal,humid,"Apply 2 layers (~2.0 ml) of warm_beige foundation, 3 layer of coral, 2 layers of soft_blush blush.",0
images/._243.jpg,Medium,sand,2,3.0,bold_red,1,soft_blush,2,black,3,natural_concealer,1,10 hrs,low,1066,occasion,party,normal,"Apply 2 layers (~3.0 ml) of sand foundation, 1 layer of bold_red, 2 layers of soft_blush blush.",0
images/._525.jpg,Medium,beige,3,4.0,red,1,soft_blush,2,black,1,natural_concealer,2,12 hrs,high,634,simple,normal,normal,"Apply 3 layers (~4.0 ml) of beige foundation, 1 layer of red, 2 layers of soft_blush blush.",0
images/._531.jpg,Medium,warm_beige,3,4.0,nude,2,soft_blush,2,black,1,natural_concealer,2,10 hrs,low,2704,simple,normal,normal,"Apply 3 layers (~4.0 ml) of warm_beige foundation, 2 layer of nude, 2 layers of soft_blush blush.",0
images/._257.jpg,Medium,sand,3,2.0,nude,3,soft_blush,1,black,1,natural_concealer,2,6 hrs,low,2314,simple,normal,normal,"Apply 3 layers (~2.0 ml) of sand foundation, 3 layer of nude, 1 layers of soft_blush blush.",0
images/._519.jpg,Medium,sand,3,2.0,red,2,soft_blush,1,black,1,natural_concealer,2,8 hrs,medium,1773,simple,normal,normal,"Apply 3 layers (~2.0 ml) of sand foundation, 2 layer of red, 1 layers of soft_blush blush.",0
images/._280.jpg,Medium,beige,2,2.0,red,3,soft_blush,1,black,1,natural_concealer,1,8 hrs,high,2432,simple,normal,normal,"Apply 2 layers (~2.0 ml) of beige foundation, 3 layer of red, 1 layers of soft_blush blush.",0
images/._294.jpg,Medium,sand,2,4.0,red,1,soft_blush,2,black,3,natural_concealer,1,12 hrs,low,942,occasion,bridal,normal,"Apply 2 layers (~4.0 ml) of sand foundation, 1 layer of red, 2 layers of soft_blush blush.",0
images/._337.jpg,Medium,sand,2,2.0,coral,2,soft_blush,1,black,2,natural_concealer,2,6 hrs,medium,2341,simple,normal,normal,"Apply 2 layers (~2.0 ml) of sand foundation, 2 layer of coral, 1 layers of soft_blush blush.",0
images/._451.jpg,Medium,sand,2,3.0,coral,3,soft_blush,2,black,1,natural_concealer,1,6 hrs,high,2154,occasion,daily,normal,"Apply 2 layers (~3.0 ml) of sand foundation, 3 layer of coral, 2 layers of soft_blush blush.",0
images/._445.jpg,Medium,warm_beige,1,5.0,red,1,soft_blush,2,black,3,natural_concealer,2,10 hrs,high,2990,occasion,bridal,normal,"Apply 1 layers (~5.0 ml) of warm_beige foundation, 1 layer of red, 2 layers of soft_blush blush.",0
images/._323.jpg,Medium,beige,3,4.0,bold_nude,3,soft_blush,1,black,2,natural_concealer,1,12 hrs,low,2288,occasion,party,normal,"Apply 3 layers (~4.0 ml) of beige foundation, 3 layer of bold_nude, 1 layers of soft_blush blush.",0
images/._479.jpg,Medium,beige,2,2.0,coral,2,soft_blush,2,black,1,natural_concealer,1,10 hrs,high,2834,simple,normal,normal,"Apply 2 layers (~2.0 ml) of beige foundation, 2 layer of coral, 2 layers of soft_blush blush.",0
images/._492.jpg,Medium,beige,1,4.0,bold_nude,2,soft_blush,1,black,3,natural_concealer,2,12 hrs,medium,2921,occasion,party,normal,"Apply 1 layers (~4.0 ml) of beige foundation, 2 layer of bold_nude, 1 layers of soft_blush blush.",0
images/._486.jpg,Medium,warm_beige,3,5.0,nude,2,soft_blush,1,black,1,natural_concealer,2,6 hrs,medium,1443,simple,normal,normal,"Apply 3 layers (~5.0 ml) of warm_beige foundation, 2 layer of nude, 1 layers of soft_blush blush.",0
images/._653.jpg,Medium,matte_beige,1,3.0,nude,2,soft_blush,1,black,2,natural_concealer,2,12 hrs,low,546,weather,normal,hot,"Apply 1 layers (~3.0 ml) of matte_beige foundation, 2 layer of nude, 1 layers of soft_blush blush.",0
images/._135.jpg,Medium,beige,1,5.0,nude,1,soft_blush,2,black,1,natural_concealer,1,12 hrs,medium,547,simple,normal,normal,"Apply 1 layers (~5.0 ml) of beige foundation, 1 layer of nude, 2 layers of soft_blush blush.",0
images/._121.jpg,Medium,beige,1,4.0,red,2,soft_blush,1,black,2,natural_concealer,2,10 hrs,medium,1590,occasion,bridal,normal,"Apply 1 layers (~4.0 ml) of beige foundation, 2 layer of red, 1 layers of soft_blush blush.",0
images/._647.jpg,Medium,beige,3,3.0,bold_red,2,soft_blush,1,black,3,natural_concealer,2,6 hrs,high,2202,occasion,party,normal,"Apply 3 layers (~3.0 ml) of beige foundation, 2 layer of bold_red, 1 layers of soft_blush blush.",0
images/._109.jpg,Medium,matte_sand,3,4.0,nude,1,soft_blush,1,black,3,natural_concealer,1,8 hrs,low,1961,weather,normal,hot,"Apply 3 layers (~4.0 ml) of matte_sand foundation, 1 layer of nude, 1 layers of soft_blush blush.",0
images/._690.jpg,Medium,warm_beige,2,3.0,coral,2,soft_blush,1,black,2,natural_concealer,1,8 hrs,high,2870,occasion,daily,normal,"Apply 2 layers (~3.0 ml) of warm_beige foundation, 2 layer of coral, 1 layers of soft_blush blush.",0
images/._684.jpg,Medium,sand,1,5.0,nude,1,soft_blush,2,black,2,natural_concealer,1,10 hrs,high,1292,weather,normal,humid,"Apply 1 layers (~5.0 ml) of sand foundation, 1 layer of nude, 2 layers of soft_blush blush.",0
images/._34.jpg,Medium,matte_sand,1,5.0,nude,3,soft_blush,2,black,1,natural_concealer,2,8 hrs,high,897,weather,normal,hot,"Apply 1 layers (~5.0 ml) of matte_sand foundation, 3 layer of nude, 2 layers of soft_blush blush.",0
images/._20.jpg,Medium,beige,3,4.0,coral,2,soft_blush,1,black,3,natural_concealer,1,6 hrs,high,2337,occasion,daily,normal,"Apply 3 layers (~4.0 ml) of beige foundation, 2 layer of coral, 1 layers of soft_blush blush.",0
images/._36.jpg,Medium,warm_beige,2,3.0,red,2,soft_blush,2,black,2,natural_concealer,2,10 hrs,medium,1144,weather,normal,humid,"Apply 2 layers (~3.0 ml) of warm_beige foundation, 2 layer of red, 2 layers of soft_blush blush.",0
images/._22.jpg,Medium,beige,2,3.0,coral,2,soft_blush,2,black,3,natural_concealer,1,12 hrs,low,1869,occasion,office,normal,"Apply 2 layers (~3.0 ml) of beige foundation, 2 layer of coral, 2 layers of soft_blush blush.",0
images/._686.jpg,Medium,warm_beige,3,4.0,red,3,soft_blush,2,black,2,natural_concealer,1,6 hrs,low,676,simple,normal,normal,"Apply 3 layers (~4.0 ml) of warm_beige foundation, 3 layer of red, 2 layers of soft_blush blush.",0
images/._679.jpg,Medium,sand,3,4.0,red,1,soft_blush,2,black,2,natural_concealer,2,10 hrs,low,2690,simple,normal,normal,"Apply 3 layers (~4.0 ml) of sand foundation, 1 layer of red, 2 layers of soft_blush blush.",0
images/._137.jpg,Medium,beige,2,2.0,nude,3,soft_blush,1,black,3,natural_concealer,2,10 hrs,low,2697,simple,normal,normal,"Apply 2 layers (~2.0 ml) of beige foundation, 3 layer of nude, 1 layers of soft_blush blush.",0
images/._651.jpg,Medium,warm_beige,1,5.0,coral,1,soft_blush,1,black,1,natural_concealer,2,10 hrs,low,917,occasion,daily,normal,"Apply 1 layers (~5.0 ml) of warm_beige foundation, 1 layer of coral, 1 layers of soft_blush blush.",0
images/._645.jpg,Medium,matte_warm_beige,2,3.0,nude,1,soft_blush,1,black,2,natural_concealer,2,8 hrs,medium,2848,weather,normal,hot,"Apply 2 layers (~3.0 ml) of matte_warm_beige foundation, 1 layer of nude, 1 layers of soft_blush blush.",0
images/._123.jpg,Medium,warm_beige,2,5.0,nude,3,soft_blush,1,black,1,natural_concealer,2,6 hrs,low,2477,weather,normal,cold,"Apply 2 layers (~5.0 ml) of warm_beige foundation, 3 layer of nude, 1 layers of soft_blush blush.",0
images/._490.jpg,Medium,beige,3,4.0,red,3,soft_blush,1,black,3,natural_concealer,2,6 hrs,low,2308,simple,normal,normal,"Apply 3 layers (~4.0 ml) of beige foundation, 3 layer of red, 1 layers of soft_blush blush.",0
images/._484.jpg,Medium,warm_beige,1,5.0,coral,2,soft_blush,1,black,2,natural_concealer,2,8 hrs,medium,1018,weather,normal,humid,"Apply 1 layers (~5.0 ml) of warm_beige foundation, 2 layer of coral, 1 layers of soft_blush blush.",0
images/._309.jpg,Medium,matte_warm_beige,1,4.0,nude,1,soft_blush,2,black,1,natural_concealer,2,10 hrs,low,1286,weather,normal,hot,"Apply 1 layers (~4.0 ml) of matte_warm_beige foundation, 1 layer of nude, 2 layers of soft_blush blush.",0
images/._453.jpg,Medium,sand,2,3.0,nude,2,soft_blush,2,black,3,natural_concealer,2,8 hrs,medium,2415,occasion,office,normal,"Apply 2 layers (~3.0 ml) of sand foundation, 2 layer of nude, 2 layers of soft_blush blush.",0
images/._335.jpg,Medium,matte_beige,3,4.0,nude,2,soft_blush,2,black,3,natural_concealer,2,6 hrs,low,1871,weather,normal,hot,"Apply 3 layers (~4.0 ml) of matte_beige foundation, 2 layer of nude, 2 layers of soft_blush blush.",0
images/._321.jpg,Medium,beige,3,5.0,red,2,soft_blush,2,black,2,natural_concealer,2,8 hrs,low,2247,simple,normal,normal,"Apply 3 layers (~5.0 ml) of beige foundation, 2 layer of red, 2 layers of soft_blush blush.",0
images/._447.jpg,Medium,beige,3,4.0,nude,3,soft_blush,1,black,3,natural_concealer,1,12 hrs,medium,2521,occasion,daily,normal,"Apply 3 layers (~4.0 ml) of beige foundation, 3 layer of nude, 1 layers of soft_blush blush.",0
images/._282.jpg,Medium,sand,1,5.0,nude,1,soft_blush,2,black,1,natural_concealer,2,10 hrs,low,2696,occasion,daily,normal,"Apply 1 layers (~5.0 ml) of sand foundation, 1 layer of nude, 2 layers of soft_blush blush.",0
images/._296.jpg,Medium,warm_beige,2,5.0,nude,1,soft_blush,1,black,3,natural_concealer,2,6 hrs,high,2142,weather,normal,humid,"Apply 2 layers (~5.0 ml) of warm_beige foundation, 1 layer of nude, 1 layers of soft_blush blush.",0
images/._269.jpg,Medium,beige,3,3.0,nude,2,soft_blush,2,black,1,natural_concealer,2,8 hrs,high,2534,occasion,bridal,normal,"Apply 3 layers (~3.0 ml) of beige foundation, 2 layer of nude, 2 layers of soft_blush blush.",0
images/._527.jpg,Medium,sand,1,5.0,red,1,soft_blush,2,black,3,natural_concealer,1,10 hrs,low,1326,simple,normal,normal,"Apply 1 layers (~5.0 ml) of sand foundation, 1 layer of red, 2 layers of soft_blush blush.",0
images/._241.jpg,Medium,warm_beige,3,2.0,nude,3,soft_blush,2,black,3,natural_concealer,1,6 hrs,high,2542,simple,normal,normal,"Apply 3 layers (~2.0 ml) of warm_beige foundation, 3 layer of nude, 2 layers of soft_blush blush.",0
images/._255.jpg,Medium,beige,3,5.0,coral,2,soft_blush,2,black,1,natural_concealer,1,8 hrs,low,2343,occasion,office,normal,"Apply 3 layers (~5.0 ml) of beige foundation, 2 layer of coral, 2 layers of soft_blush blush.",0
images/._533.jpg,Medium,warm_beige,2,3.0,red,2,soft_blush,1,black,3,natural_concealer,2,6 hrs,high,1760,simple,normal,normal,"Apply 2 layers (~3.0 ml) of warm_beige foundation, 2 layer of red, 1 layers of soft_blush blush.",0
images/._254.jpg,Medium,beige,3,4.0,nude,3,soft_blush,2,black,3,natural_concealer,1,10 hrs,low,2424,occasion,bridal,normal,"Apply 3 layers (~4.0 ml) of beige foundation, 3 layer of nude, 2 layers of soft_blush blush.",0
images/._532.jpg,Medium,warm_beige,1,5.0,nude,3,soft_blush,1,black,2,natural_concealer,2,6 hrs,medium,2752,occasion,daily,normal,"Apply 1 layers (~5.0 ml) of warm_beige foundation, 3 layer of nude, 1 layers of soft_blush blush.",0
images/._526.jpg,Medium,beige,1,4.0,coral,3,soft_blush,1,black,3,natural_concealer,2,10 hrs,high,1500,weather,normal,humid,"Apply 1 layers (~4.0 ml) of beige foundation, 3 layer of coral, 1 layers of soft_blush blush.",0
images/._240.jpg,Medium,matte_sand,3,2.0,nude,1,soft_blush,1,black,1,natural_concealer,2,10 hrs,low,1670,weather,normal,hot,"Apply 3 layers (~2.0 ml) of matte_sand foundation, 1 layer of nude, 1 layers of soft_blush blush.",0
images/._268.jpg,Medium,sand,2,4.0,bold_red,3,soft_blush,2,black,1,natural_concealer,1,6 hrs,medium,2395,occasion,party,normal,"Apply 2 layers (~4.0 ml) of sand foundation, 3 layer of bold_red, 2 layers of soft_blush blush.",0
images/._297.jpg,Medium,warm_beige,2,2.0,coral,1,soft_blush,2,black,1,natural_concealer,2,12 hrs,high,2293,occasion,office,normal,"Apply 2 layers (~2.0 ml) of warm_beige foundation, 1 layer of coral, 2 layers of soft_blush blush.",0
images/._283.jpg,Medium,beige,1,2.0,bold_red,3,soft_blush,1,black,2,natural_concealer,2,8 hrs,high,2686,occasion,party,normal,"Apply 1 layers (~2.0 ml) of beige foundation, 3 layer of bold_red, 1 layers of soft_blush blush.",0
images/._320.jpg,Medium,warm_beige,2,2.0,red,3,soft_blush,2,black,2,natural_concealer,2,6 hrs,high,679,occasion,daily,normal,"Apply 2 layers (~2.0 ml) of warm_beige foundation, 3 layer of red, 2 layers of soft_blush blush.",0
images/._446.jpg,Medium,beige,2,5.0,red,3,soft_blush,2,black,1,natural_concealer,2,10 hrs,high,1863,weather,normal,cold,"Apply 2 layers (~5.0 ml) of beige foundation, 3 layer of red, 2 layers of soft_blush blush.",0
images/._452.jpg,Medium,beige,1,2.0,nude,2,soft_blush,1,black,2,natural_concealer,1,10 hrs,low,1900,weather,normal,cold,"Apply 1 layers (~2.0 ml) of beige foundation, 2 layer of nude, 1 layers of soft_blush blush.",0
images/._334.jpg,Medium,sand,2,2.0,red,2,soft_blush,2,black,1,natural_concealer,1,10 hrs,high,1456,weather,normal,cold,"Apply 2 layers (~2.0 ml) of sand foundation, 2 layer of red, 2 layers of soft_blush blush.",0
images/._308.jpg,Medium,warm_beige,2,3.0,coral,1,soft_blush,2,black,2,natural_concealer,2,12 hrs,low,1867,occasion,office,normal,"Apply 2 layers (~3.0 ml) of warm_beige foundation, 1 layer of coral, 2 layers of soft_blush blush.",0
images/._485.jpg,Medium,warm_beige,2,5.0,red,2,soft_blush,2,black,2,natural_concealer,1,12 hrs,medium,2516,weather,normal,humid,"Apply 2 layers (~5.0 ml) of warm_beige foundation, 2 layer of red, 2 layers of soft_blush blush.",0
images/._491.jpg,Medium,sand,2,3.0,nude,1,soft_blush,1,black,1,natural_concealer,2,6 hrs,high,2375,simple,normal,normal,"Apply 2 layers (~3.0 ml) of sand foundation, 1 layer of nude, 1 layers of soft_blush blush.",0
images/._644.jpg,Medium,warm_beige,2,5.0,red,3,soft_blush,1,black,3,natural_concealer,2,12 hrs,low,877,simple,normal,normal,"Apply 2 layers (~5.0 ml) of warm_beige foundation, 3 layer of red, 1 layers of soft_blush blush.",0
images/._122.jpg,Medium,sand,1,2.0,bold_coral,3,soft_blush,1,black,1,natural_concealer,2,12 hrs,medium,2654,occasion,party,normal,"Apply 1 layers (~2.0 ml) of sand foundation, 3 layer of bold_coral, 1 layers of soft_blush blush.",0
images/._136.jpg,Medium,sand,2,2.0,red,1,soft_blush,1,black,2,natural_concealer,1,8 hrs,low,895,occasion,bridal,normal,"Apply 2 layers (~2.0 ml) of sand foundation, 1 layer of red, 1 layers of soft_blush blush.",0
images/._650.jpg,Medium,beige,3,5.0,nude,1,soft_blush,1,black,3,natural_concealer,1,8 hrs,low,2917,simple,normal,normal,"Apply 3 layers (~5.0 ml) of beige foundation, 1 layer of nude, 1 layers of soft_blush blush.",0
images/._678.jpg,Medium,beige,2,5.0,nude,2,soft_blush,2,black,3,natural_concealer,1,12 hrs,high,1173,occasion,office,normal,"Apply 2 layers (~5.0 ml) of beige foundation, 2 layer of nude, 2 layers of soft_blush blush.",0
images/._687.jpg,Medium,warm_beige,1,2.0,red,1,soft_blush,1,black,2,natural_concealer,2,10 hrs,medium,2989,weather,normal,humid,"Apply 1 layers (~2.0 ml) of warm_beige foundation, 1 layer of red, 1 layers of soft_blush blush.",0
images/._23.jpg,Medium,sand,2,2.0,nude,2,soft_blush,1,black,3,natural_concealer,1,12 hrs,medium,1891,simple,normal,normal,"Apply 2 layers (~2.0 ml) of sand foundation, 2 layer of nude, 1 layers of soft_blush blush.",0
images/._37.jpg,Medium,warm_beige,1,3.0,coral,3,soft_blush,1,black,1,natural_concealer,2,6 hrs,low,916,occasion,office,normal,"Apply 1 layers (~3.0 ml) of warm_beige foundation, 3 layer of coral, 1 layers of soft_blush blush.",0
images/._683.jpg,Medium,warm_beige,2,5.0,red,2,soft_blush,2,black,1,natural_concealer,2,12 hrs,medium,1498,simple,normal,normal,"Apply 2 layers (~5.0 ml) of warm_beige foundation, 2 layer of red, 2 layers of soft_blush blush.",0
images/._33.jpg,Medium,warm_beige,2,4.0,red,1,soft_blush,1,black,3,natural_concealer,1,8 hrs,medium,2595,weather,normal,cold,"Apply 2 layers (~4.0 ml) of warm_beige foundation, 1 layer of red, 1 layers of soft_blush blush.",0
images/._27.jpg,Medium,sand,3,4.0,coral,2,soft_blush,1,black,2,natural_concealer,1,12 hrs,low,1542,occasion,bridal,normal,"Apply 3 layers (~4.0 ml) of sand foundation, 2 layer of coral, 1 layers of soft_blush blush.",0
images/._654.jpg,Medium,warm_beige,3,2.0,red,2,soft_blush,2,black,3,natural_concealer,2,8 hrs,medium,1432,simple,normal,normal,"Apply 3 layers (~2.0 ml) of warm_beige foundation, 2 layer of red, 2 layers of soft_blush blush.",0
images/._132.jpg,Medium,warm_beige,3,4.0,red,1,soft_blush,1,black,3,natural_concealer,1,6 hrs,high,2309,weather,normal,humid,"Apply 3 layers (~4.0 ml) of warm_beige foundation, 1 layer of red, 1 layers of soft_blush blush.",0
images/._126.jpg,Medium,sand,1,3.0,nude,2,soft_blush,1,black,3,natural_concealer,2,12 hrs,low,669,occasion,daily,normal,"Apply 1 layers (~3.0 ml) of sand foundation, 2 layer of nude, 1 layers of soft_blush blush.",0
images/._640.jpg,Medium,sand,3,2.0,red,1,soft_blush,2,black,1,natural_concealer,2,8 hrs,high,1549,occasion,bridal,normal,"Apply 3 layers (~2.0 ml) of sand foundation, 1 layer of red, 2 layers of soft_blush blush.",0
images/._668.jpg,Medium,sand,1,2.0,red,2,soft_blush,2,black,1,natural_concealer,1,6 hrs,high,1215,weather,normal,humid,"Apply 1 layers (~2.0 ml) of sand foundation, 2 layer of red, 2 layers of soft_blush blush.",0
images/._495.jpg,Medium,sand,1,3.0,coral,3,soft_blush,2,black,1,natural_concealer,1,6 hrs,high,2381,simple,normal,normal,"Apply 1 layers (~3.0 ml) of sand foundation, 3 layer of coral, 2 layers of soft_blush blush.",0
images/._481.jpg,Medium,sand,3,3.0,coral,3,soft_blush,2,black,2,natural_concealer,1,8 hrs,low,1961,simple,normal,normal,"Apply 3 layers (~3.0 ml) of sand foundation, 3 layer of coral, 2 layers of soft_blush blush.",0
images/._330.jpg,Medium,sand,3,2.0,nude,2,soft_blush,1,black,2,natural_concealer,1,12 hrs,low,2210,occasion,bridal,normal,"Apply 3 layers (~2.0 ml) of sand foundation, 2 layer of nude, 1 layers of soft_blush blush.",0
images/._456.jpg,Medium,beige,1,2.0,red,3,soft_blush,1,black,3,natural_concealer,2,10 hrs,high,2544,simple,normal,normal,"Apply 1 layers (~2.0 ml) of beige foundation, 3 layer of red, 1 layers of soft_blush blush.",0
images/._442.jpg,Medium,warm_beige,3,5.0,red,3,soft_blush,2,black,3,natural_concealer,1,10 hrs,low,506,occasion,bridal,normal,"Apply 3 layers (~5.0 ml) of warm_beige foundation, 3 layer of red, 2 layers of soft_blush blush.",0
images/._324.jpg,Medium,beige,2,2.0,coral,1,soft_blush,1,black,2,natural_concealer,2,12 hrs,low,821,occasion,office,normal,"Apply 2 layers (~2.0 ml) of beige foundation, 1 layer of coral, 1 layers of soft_blush blush.",0
images/._318.jpg,Medium,sand,2,2.0,coral,3,soft_blush,2,black,2,natural_concealer,1,6 hrs,medium,1757,occasion,office,normal,"Apply 2 layers (~2.0 ml) of sand foundation, 3 layer of coral, 2 layers of soft_blush blush.",0
images/._287.jpg,Medium,sand,2,5.0,bold_red,3,soft_blush,1,black,3,natural_concealer,1,12 hrs,high,847,occasion,party,normal,"Apply 2 layers (~5.0 ml) of sand foundation, 3 layer of bold_red, 1 layers of soft_blush blush.",0
images/._293.jpg,Medium,warm_beige,1,4.0,nude,1,soft_blush,2,black,1,natural_concealer,1,8 hrs,low,1143,simple,normal,normal,"Apply 1 layers (~4.0 ml) of warm_beige foundation, 1 layer of nude, 2 layers of soft_blush blush.",0
images/._244.jpg,Medium,beige,1,4.0,nude,1,soft_blush,1,black,2,natural_concealer,2,10 hrs,medium,971,weather,normal,cold,"Apply 1 layers (~4.0 ml) of beige foundation, 1 layer of nude, 1 layers of soft_blush blush.",0
images/._522.jpg,Medium,sand,1,5.0,coral,3,soft_blush,1,black,1,natural_concealer,1,12 hrs,high,1852,simple,normal,normal,"Apply 1 layers (~5.0 ml) of sand foundation, 3 layer of coral, 1 layers of soft_blush blush.",0
images/._536.jpg,Medium,sand,1,5.0,bold_red,2,soft_blush,1,black,3,natural_concealer,1,6 hrs,high,2502,occasion,party,normal,"Apply 1 layers (~5.0 ml) of sand foundation, 2 layer of bold_red, 1 layers of soft_blush blush.",0
images/._250.jpg,Medium,matte_sand,3,2.0,nude,1,soft_blush,1,black,1,natural_concealer,1,6 hrs,high,560,weather,normal,hot,"Apply 3 layers (~2.0 ml) of matte_sand foundation, 1 layer of nude, 1 layers of soft_blush blush.",0
images/._278.jpg,Medium,beige,1,3.0,bold_red,1,soft_blush,2,black,1,natural_concealer,2,12 hrs,medium,2437,occasion,party,normal,"Apply 1 layers (~3.0 ml) of beige foundation, 1 layer of bold_red, 2 layers of soft_blush blush.",0
images/._279.jpg,Medium,warm_beige,1,4.0,coral,3,soft_blush,2,black,2,natural_concealer,1,6 hrs,high,1715,occasion,office,normal,"Apply 1 layers (~4.0 ml) of warm_beige foundation, 3 layer of coral, 2 layers of soft_blush blush.",0
images/._537.jpg,Medium,warm_beige,3,3.0,bold_coral,3,soft_blush,1,black,2,natural_concealer,1,6 hrs,high,660,occasion,party,normal,"Apply 3 layers (~3.0 ml) of warm_beige foundation, 3 layer of bold_coral, 1 layers of soft_blush blush.",0
images/._251.jpg,Medium,sand,3,5.0,red,3,soft_blush,2,black,1,natural_concealer,2,8 hrs,low,2785,simple,normal,normal,"Apply 3 layers (~5.0 ml) of sand foundation, 3 layer of red, 2 layers of soft_blush blush.",0
images/._245.jpg,Medium,sand,3,5.0,nude,3,soft_blush,1,black,3,natural_concealer,2,12 hrs,high,975,simple,normal,normal,"Apply 3 layers (~5.0 ml) of sand foundation, 3 layer of nude, 1 layers of soft_blush blush.",0
images/._523.jpg,Medium,beige,1,4.0,bold_nude,2,soft_blush,2,black,3,natural_concealer,1,10 hrs,medium,1582,occasion,party,normal,"Apply 1 layers (~4.0 ml) of beige foundation, 2 layer of bold_nude, 2 layers of soft_blush blush.",0
images/._292.jpg,Medium,warm_beige,2,3.0,nude,1,soft_blush,1,black,2,natural_concealer,1,10 hrs,high,779,occasion,daily,normal,"Apply 2 layers (~3.0 ml) of warm_beige foundation, 1 layer of nude, 1 layers of soft_blush blush.",0
images/._286.jpg,Medium,warm_beige,1,4.0,nude,1,soft_blush,2,black,3,natural_concealer,2,10 hrs,medium,1219,occasion,office,normal,"Apply 1 layers (~4.0 ml) of warm_beige foundation, 1 layer of nude, 2 layers of soft_blush blush.",0
images/._319.jpg,Medium,beige,3,5.0,red,2,soft_blush,1,black,2,natural_concealer,1,12 hrs,medium,2822,simple,normal,normal,"Apply 3 layers (~5.0 ml) of beige foundation, 2 layer of red, 1 layers of soft_blush blush.",0
images/._443.jpg,Medium,matte_sand,1,2.0,nude,2,soft_blush,1,black,3,natural_concealer,1,12 hrs,high,2593,weather,normal,hot,"Apply 1 layers (~2.0 ml) of matte_sand foundation, 2 layer of nude, 1 layers of soft_blush blush.",0
images/._325.jpg,Medium,sand,1,5.0,red,3,soft_blush,1,black,2,natural_concealer,2,12 hrs,low,870,weather,normal,humid,"Apply 1 layers (~5.0 ml) of sand foundation, 3 layer of red, 1 layers of soft_blush blush.",0
images/._331.jpg,Medium,beige,1,5.0,red,3,soft_blush,2,black,1,natural_concealer,2,10 hrs,low,717,simple,normal,normal,"Apply 1 layers (~5.0 ml) of beige foundation, 3 layer of red, 2 layers of soft_blush blush.",0
images/._457.jpg,Medium,beige,3,5.0,red,3,soft_blush,2,black,1,natural_concealer,2,12 hrs,low,1309,simple,normal,normal,"Apply 3 layers (~5.0 ml) of beige foundation, 3 layer of red, 2 layers of soft_blush blush.",0
images/._480.jpg,Medium,warm_beige,3,5.0,nude,2,soft_blush,2,black,2,natural_concealer,1,12 hrs,high,1921,occasion,bridal,normal,"Apply 3 layers (~5.0 ml) of warm_beige foundation, 2 layer of nude, 2 layers of soft_blush blush.",0
images/._494.jpg,Medium,sand,3,5.0,red,3,soft_blush,2,black,2,natural_concealer,1,8 hrs,low,1833,occasion,bridal,normal,"Apply 3 layers (~5.0 ml) of sand foundation, 3 layer of red, 2 layers of soft_blush blush.",0
images/._669.jpg,Medium,warm_beige,1,3.0,coral,1,soft_blush,1,black,1,natural_concealer,1,10 hrs,medium,2732,occasion,bridal,normal,"Apply 1 layers (~3.0 ml) of warm_beige foundation, 1 layer of coral, 1 layers of soft_blush blush.",0
images/._127.jpg,Medium,sand,3,3.0,red,3,soft_blush,1,black,2,natural_concealer,2,10 hrs,high,2318,weather,normal,humid,"Apply 3 layers (~3.0 ml) of sand foundation, 3 layer of red, 1 layers of soft_blush blush.",0
images/._641.jpg,Medium,warm_beige,3,4.0,bold_nude,2,soft_blush,1,black,2,natural_concealer,1,10 hrs,low,841,occasion,party,normal,"Apply 3 layers (~4.0 ml) of warm_beige foundation, 2 layer of bold_nude, 1 layers of soft_blush blush.",0
images/._655.jpg,Medium,warm_beige,3,3.0,coral,2,soft_blush,1,black,3,natural_concealer,2,6 hrs,low,2831,occasion,bridal,normal,"Apply 3 layers (~3.0 ml) of warm_beige foundation, 2 layer of coral, 1 layers of soft_blush blush.",0
images/._133.jpg,Medium,sand,1,3.0,nude,1,soft_blush,2,black,1,natural_concealer,1,8 hrs,high,1544,occasion,daily,normal,"Apply 1 layers (~3.0 ml) of sand foundation, 1 layer of nude, 2 layers of soft_blush blush.",0
images/._26.jpg,Medium,beige,1,3.0,coral,1,soft_blush,2,black,3,natural_concealer,1,6 hrs,high,627,simple,normal,normal,"Apply 1 layers (~3.0 ml) of beige foundation, 1 layer of coral, 2 layers of soft_blush blush.",0
images/._32.jpg,Medium,beige,2,3.0,coral,2,soft_blush,1,black,3,natural_concealer,2,12 hrs,low,2072,simple,normal,normal,"Apply 2 layers (~3.0 ml) of beige foundation, 2 layer of coral, 1 layers of soft_blush blush.",0
images/._682.jpg,Medium,beige,3,2.0,coral,3,soft_blush,1,black,2,natural_concealer,2,10 hrs,high,2096,simple,normal,normal,"Apply 3 layers (~2.0 ml) of beige foundation, 3 layer of coral, 1 layers of soft_blush blush.",0
images/._680.jpg,Medium,beige,3,5.0,nude,3,soft_blush,1,black,3,natural_concealer,2,6 hrs,medium,1277,occasion,daily,normal,"Apply 3 layers (~5.0 ml) of beige foundation, 3 layer of nude, 1 layers of soft_blush blush.",0
images/._18.jpg,Medium,beige,3,2.0,coral,1,soft_blush,2,black,1,natural_concealer,2,8 hrs,low,2366,occasion,daily,normal,"Apply 3 layers (~2.0 ml) of beige foundation, 1 layer of coral, 2 layers of soft_blush blush.",0
images/._24.jpg,Medium,warm_beige,1,3.0,red,3,soft_blush,1,black,1,natural_concealer,1,12 hrs,high,2495,weather,normal,humid,"Apply 1 layers (~3.0 ml) of warm_beige foundation, 3 layer of red, 1 layers of soft_blush blush.",0
images/._30.jpg,Medium,sand,2,4.0,coral,2,soft_blush,2,black,1,natural_concealer,1,10 hrs,high,1651,weather,normal,humid,"Apply 2 layers (~4.0 ml) of sand foundation, 2 layer of coral, 2 layers of soft_blush blush.",0
images/._643.jpg,Medium,sand,2,4.0,nude,2,soft_blush,2,black,3,natural_concealer,1,10 hrs,high,2330,simple,normal,normal,"Apply 2 layers (~4.0 ml) of sand foundation, 2 layer of nude, 2 layers of soft_blush blush.",0
images/._125.jpg,Medium,warm_beige,1,4.0,nude,3,soft_blush,1,black,1,natural_concealer,2,8 hrs,medium,1088,occasion,office,normal,"Apply 1 layers (~4.0 ml) of warm_beige foundation, 3 layer of nude, 1 layers of soft_blush blush.",0
images/._131.jpg,Medium,beige,1,2.0,nude,1,soft_blush,2,black,3,natural_concealer,1,6 hrs,high,823,weather,normal,humid,"Apply 1 layers (~2.0 ml) of beige foundation, 1 layer of nude, 2 layers of soft_blush blush.",0
images/._657.jpg,Medium,sand,2,5.0,red,1,soft_blush,2,black,2,natural_concealer,2,6 hrs,high,2605,occasion,bridal,normal,"Apply 2 layers (~5.0 ml) of sand foundation, 1 layer of red, 2 layers of soft_blush blush.",0
images/._119.jpg,Medium,warm_beige,1,2.0,nude,1,soft_blush,1,black,1,natural_concealer,1,12 hrs,medium,1130,simple,normal,normal,"Apply 1 layers (~2.0 ml) of warm_beige foundation, 1 layer of nude, 1 layers of soft_blush blush.",0
images/._482.jpg,Medium,warm_beige,2,4.0,coral,1,soft_blush,2,black,3,natural_concealer,2,8 hrs,high,2305,weather,normal,humid,"Apply 2 layers (~4.0 ml) of warm_beige foundation, 1 layer of coral, 2 layers of soft_blush blush.",0
images/._496.jpg,Medium,sand,1,4.0,red,2,soft_blush,2,black,3,natural_concealer,1,8 hrs,low,2595,occasion,office,normal,"Apply 1 layers (~4.0 ml) of sand foundation, 2 layer of red, 2 layers of soft_blush blush.",0
images/._327.jpg,Medium,warm_beige,1,2.0,nude,3,soft_blush,2,black,2,natural_concealer,2,10 hrs,low,1844,simple,normal,normal,"Apply 1 layers (~2.0 ml) of warm_beige foundation, 3 layer of nude, 2 layers of soft_blush blush.",0
images/._441.jpg,Medium,sand,3,3.0,red,3,soft_blush,1,black,1,natural_concealer,2,12 hrs,low,2051,occasion,office,normal,"Apply 3 layers (~3.0 ml) of sand foundation, 3 layer of red, 1 layers of soft_blush blush.",0
images/._455.jpg,Medium,beige,2,5.0,red,3,soft_blush,2,black,3,natural_concealer,2,12 hrs,high,1277,weather,normal,humid,"Apply 2 layers (~5.0 ml) of beige foundation, 3 layer of red, 2 layers of soft_blush blush.",0
images/._333.jpg,Medium,beige,1,5.0,nude,2,soft_blush,2,black,1,natural_concealer,2,6 hrs,low,735,occasion,bridal,normal,"Apply 1 layers (~5.0 ml) of beige foundation, 2 layer of nude, 2 layers of soft_blush blush.",0
images/._469.jpg,Medium,beige,3,3.0,red,3,soft_blush,2,black,1,natural_concealer,1,6 hrs,low,1255,weather,normal,humid,"Apply 3 layers (~3.0 ml) of beige foundation, 3 layer of red, 2 layers of soft_blush blush.",0
images/._290.jpg,Medium,sand,3,3.0,red,2,soft_blush,1,black,2,natural_concealer,1,12 hrs,low,1754,occasion,office,normal,"Apply 3 layers (~3.0 ml) of sand foundation, 2 layer of red, 1 layers of soft_blush blush.",0
images/._284.jpg,Medium,sand,2,3.0,nude,1,soft_blush,1,black,2,natural_concealer,2,6 hrs,high,1391,simple,normal,normal,"Apply 2 layers (~3.0 ml) of sand foundation, 1 layer of nude, 1 layers of soft_blush blush.",0
images/._253.jpg,Medium,warm_beige,2,4.0,red,2,soft_blush,1,black,3,natural_concealer,1,8 hrs,low,602,occasion,office,normal,"Apply 2 layers (~4.0 ml) of warm_beige foundation, 2 layer of red, 1 layers of soft_blush blush.",0
images/._535.jpg,Medium,beige,1,5.0,red,1,soft_blush,2,black,3,natural_concealer,1,10 hrs,high,1662,simple,normal,normal,"Apply 1 layers (~5.0 ml) of beige foundation, 1 layer of red, 2 layers of soft_blush blush.",0
images/._521.jpg,Medium,warm_beige,1,5.0,coral,1,soft_blush,1,black,2,natural_concealer,2,10 hrs,high,1875,simple,normal,normal,"Apply 1 layers (~5.0 ml) of warm_beige foundation, 1 layer of coral, 1 layers of soft_blush blush.",0
images/._247.jpg,Medium,warm_beige,3,3.0,red,1,soft_blush,1,black,1,natural_concealer,2,10 hrs,low,2950,occasion,daily,normal,"Apply 3 layers (~3.0 ml) of warm_beige foundation, 1 layer of red, 1 layers of soft_blush blush.",0
images/._509.jpg,Medium,warm_beige,1,5.0,nude,2,soft_blush,2,black,2,natural_concealer,2,10 hrs,high,1740,weather,normal,cold,"Apply 1 layers (~5.0 ml) of warm_beige foundation, 2 layer of nude, 2 layers of soft_blush blush.",0
images/._508.jpg,Medium,beige,3,2.0,nude,3,soft_blush,2,black,1,natural_concealer,1,6 hrs,high,2273,simple,normal,normal,"Apply 3 layers (~2.0 ml) of beige foundation, 3 layer of nude, 2 layers of soft_blush blush.",0
images/._520.jpg,Medium,warm_beige,2,5.0,red,3,soft_blush,2,black,3,natural_concealer,1,6 hrs,low,2882,occasion,bridal,normal,"Apply 2 layers (~5.0 ml) of warm_beige foundation, 3 layer of red, 2 layers of soft_blush blush.",0
images/._246.jpg,Medium,warm_beige,1,4.0,red,1,soft_blush,1,black,1,natural_concealer,1,8 hrs,high,1639,simple,normal,normal,"Apply 1 layers (~4.0 ml) of warm_beige foundation, 1 layer of red, 1 layers of soft_blush blush.",0
images/._252.jpg,Medium,warm_beige,1,4.0,red,3,soft_blush,1,black,3,natural_concealer,1,8 hrs,high,1033,weather,normal,humid,"Apply 1 layers (~4.0 ml) of warm_beige foundation, 3 layer of red, 1 layers of soft_blush blush.",0
images/._534.jpg,Medium,sand,2,3.0,red,2,soft_blush,1,black,1,natural_concealer,1,6 hrs,medium,843,weather,normal,humid,"Apply 2 layers (~3.0 ml) of sand foundation, 2 layer of red, 1 layers of soft_blush blush.",0
images/._285.jpg,Medium,warm_beige,1,3.0,bold_nude,1,soft_blush,1,black,2,natural_concealer,1,10 hrs,high,2937,occasion,party,normal,"Apply 1 layers (~3.0 ml) of warm_beige foundation, 1 layer of bold_nude, 1 layers of soft_blush blush.",0
images/._291.jpg,Medium,sand,2,2.0,nude,2,soft_blush,1,black,1,natural_concealer,1,8 hrs,low,1541,simple,normal,normal,"Apply 2 layers (~2.0 ml) of sand foundation, 2 layer of nude, 1 layers of soft_blush blush.",0
images/._468.jpg,Medium,sand,1,4.0,coral,3,soft_blush,1,black,1,natural_concealer,2,10 hrs,high,889,simple,normal,normal,"Apply 1 layers (~4.0 ml) of sand foundation, 3 layer of coral, 1 layers of soft_blush blush.",0
images/._454.jpg,Medium,sand,2,4.0,coral,1,soft_blush,1,black,1,natural_concealer,1,8 hrs,low,2884,weather,normal,humid,"Apply 2 layers (~4.0 ml) of sand foundation, 1 layer of coral, 1 layers of soft_blush blush.",0
images/._332.jpg,Medium,warm_beige,1,3.0,red,3,soft_blush,2,black,3,natural_concealer,1,12 hrs,medium,770,simple,normal,normal,"Apply 1 layers (~3.0 ml) of warm_beige foundation, 3 layer of red, 2 layers of soft_blush blush.",0
images/._326.jpg,Medium,sand,2,3.0,nude,2,soft_blush,1,black,1,natural_concealer,2,12 hrs,medium,2201,weather,normal,humid,"Apply 2 layers (~3.0 ml) of sand foundation, 2 layer of nude, 1 layers of soft_blush blush.",0
images/._440.jpg,Medium,sand,1,5.0,coral,3,soft_blush,2,black,1,natural_concealer,1,12 hrs,high,1055,simple,normal,normal,"Apply 1 layers (~5.0 ml) of sand foundation, 3 layer of coral, 2 layers of soft_blush blush.",0
images/._497.jpg,Medium,beige,1,2.0,nude,3,soft_blush,1,black,1,natural_concealer,2,8 hrs,low,765,simple,normal,normal,"Apply 1 layers (~2.0 ml) of beige foundation, 3 layer of nude, 1 layers of soft_blush blush.",0
images/._483.jpg,Medium,warm_beige,3,4.0,bold_nude,3,soft_blush,1,black,3,natural_concealer,1,8 hrs,high,1378,occasion,party,normal,"Apply 3 layers (~4.0 ml) of warm_beige foundation, 3 layer of bold_nude, 1 layers of soft_blush blush.",0
images/._118.jpg,Medium,beige,1,5.0,coral,3,soft_blush,2,black,3,natural_concealer,1,8 hrs,medium,541,simple,normal,normal,"Apply 1 layers (~5.0 ml) of beige foundation, 3 layer of coral, 2 layers of soft_blush blush.",0
images/._130.jpg,Medium,warm_beige,3,5.0,red,1,soft_blush,1,black,1,natural_concealer,1,10 hrs,medium,714,simple,normal,normal,"Apply 3 layers (~5.0 ml) of warm_beige foundation, 1 layer of red, 1 layers of soft_blush blush.",0
images/._656.jpg,Medium,warm_beige,3,2.0,nude,2,soft_blush,2,black,1,natural_concealer,1,6 hrs,low,614,weather,normal,humid,"Apply 3 layers (~2.0 ml) of warm_beige foundation, 2 layer of nude, 2 layers of soft_blush blush.",0
images/._642.jpg,Medium,beige,1,5.0,nude,3,soft_blush,1,black,2,natural_concealer,2,12 hrs,medium,2269,occasion,daily,normal,"Apply 1 layers (~5.0 ml) of beige foundation, 3 layer of nude, 1 layers of soft_blush blush.",0
images/._124.jpg,Medium,matte_warm_beige,1,2.0,nude,1,soft_blush,2,black,3,natural_concealer,1,10 hrs,medium,2621,weather,normal,hot,"Apply 1 layers (~2.0 ml) of matte_warm_beige foundation, 1 layer of nude, 2 layers of soft_blush blush.",0
images/._31.jpg,Medium,warm_beige,2,4.0,nude,2,soft_blush,1,black,1,natural_concealer,2,8 hrs,high,1288,simple,normal,normal,"Apply 2 layers (~4.0 ml) of warm_beige foundation, 2 layer of nude, 1 layers of soft_blush blush.",0
images/._25.jpg,Medium,beige,2,4.0,red,1,soft_blush,2,black,1,natural_concealer,1,12 hrs,low,2347,occasion,office,normal,"Apply 2 layers (~4.0 ml) of beige foundation, 1 layer of red, 2 layers of soft_blush blush.",0
images/._19.jpg,Medium,beige,1,5.0,nude,3,soft_blush,1,black,3,natural_concealer,2,12 hrs,low,2227,weather,normal,cold,"Apply 1 layers (~5.0 ml) of beige foundation, 3 layer of nude, 1 layers of soft_blush blush.",0
images/._681.jpg,Medium,matte_warm_beige,1,4.0,nude,2,soft_blush,2,black,1,natural_concealer,2,6 hrs,high,2444,weather,normal,hot,"Apply 1 layers (~4.0 ml) of matte_warm_beige foundation, 2 layer of nude, 2 layers of soft_blush blush.",0
images/._42.jpg,Medium,warm_beige,3,2.0,coral,2,soft_blush,2,black,2,natural_concealer,1,10 hrs,low,1580,weather,normal,humid,"Apply 3 layers (~2.0 ml) of warm_beige foundation, 2 layer of coral, 2 layers of soft_blush blush.",0
images/._4.jpg,Medium,sand,1,4.0,nude,1,soft_blush,2,black,1,natural_concealer,2,6 hrs,medium,1715,weather,normal,humid,"Apply 1 layers (~4.0 ml) of sand foundation, 1 layer of nude, 2 layers of soft_blush blush.",0
images/._56.jpg,Medium,beige,1,4.0,red,1,soft_blush,1,black,1,natural_concealer,1,12 hrs,high,2291,simple,normal,normal,"Apply 1 layers (~4.0 ml) of beige foundation, 1 layer of red, 1 layers of soft_blush blush.",0
images/._180.jpg,Medium,matte_beige,2,4.0,nude,2,soft_blush,1,black,3,natural_concealer,1,8 hrs,high,2539,weather,normal,hot,"Apply 2 layers (~4.0 ml) of matte_beige foundation, 2 layer of nude, 1 layers of soft_blush blush.",0
images/._194.jpg,Medium,beige,1,5.0,nude,2,soft_blush,1,black,1,natural_concealer,1,12 hrs,medium,1927,occasion,office,normal,"Apply 1 layers (~5.0 ml) of beige foundation, 2 layer of nude, 1 layers of soft_blush blush.",0
images/._81.jpg,Medium,warm_beige,2,2.0,red,1,soft_blush,2,black,3,natural_concealer,1,6 hrs,low,1735,occasion,office,normal,"Apply 2 layers (~2.0 ml) of warm_beige foundation, 1 layer of red, 2 layers of soft_blush blush.",0
images/._619.jpg,Medium,warm_beige,1,3.0,red,3,soft_blush,1,black,1,natural_concealer,1,12 hrs,low,2967,occasion,daily,normal,"Apply 1 layers (~3.0 ml) of warm_beige foundation, 3 layer of red, 1 layers of soft_blush blush.",0
images/._95.jpg,Medium,sand,1,3.0,nude,2,soft_blush,2,black,2,natural_concealer,2,6 hrs,high,1232,simple,normal,normal,"Apply 1 layers (~3.0 ml) of sand foundation, 2 layer of nude, 2 layers of soft_blush blush.",0
images/._625.jpg,Medium,warm_beige,3,2.0,coral,3,soft_blush,1,black,3,natural_concealer,1,10 hrs,high,2431,simple,normal,normal,"Apply 3 layers (~2.0 ml) of warm_beige foundation, 3 layer of coral, 1 layers of soft_blush blush.",0
images/._143.jpg,Medium,matte_sand,2,5.0,nude,2,soft_blush,2,black,1,natural_concealer,1,6 hrs,high,2748,weather,normal,hot,"Apply 2 layers (~5.0 ml) of matte_sand foundation, 2 layer of nude, 2 layers of soft_blush blush.",0
images/._157.jpg,Medium,beige,2,2.0,coral,3,soft_blush,1,black,2,natural_concealer,1,10 hrs,medium,2956,occasion,office,normal,"Apply 2 layers (~2.0 ml) of beige foundation, 3 layer of coral, 1 layers of soft_blush blush.",0
images/._631.jpg,Medium,beige,2,5.0,nude,1,soft_blush,2,black,1,natural_concealer,1,8 hrs,high,2054,simple,normal,normal,"Apply 2 layers (~5.0 ml) of beige foundation, 1 layer of nude, 2 layers of soft_blush blush.",0
images/._382.jpg,Medium,beige,2,2.0,coral,2,soft_blush,1,black,2,natural_concealer,1,8 hrs,medium,2401,weather,normal,humid,"Apply 2 layers (~2.0 ml) of beige foundation, 2 layer of coral, 1 layers of soft_blush blush.",0
images/._396.jpg,Medium,beige,3,2.0,nude,2,soft_blush,1,black,1,natural_concealer,1,6 hrs,high,1480,weather,normal,cold,"Apply 3 layers (~2.0 ml) of beige foundation, 2 layer of nude, 1 layers of soft_blush blush.",0
images/._369.jpg,Medium,beige,3,5.0,bold_red,3,soft_blush,2,black,1,natural_concealer,1,12 hrs,high,2260,occasion,party,normal,"Apply 3 layers (~5.0 ml) of beige foundation, 3 layer of bold_red, 2 layers of soft_blush blush.",0
images/._341.jpg,Medium,sand,3,5.0,coral,3,soft_blush,1,black,1,natural_concealer,2,8 hrs,low,2336,weather,normal,cold,"Apply 3 layers (~5.0 ml) of sand foundation, 3 layer of coral, 1 layers of soft_blush blush.",0
images/._427.jpg,Medium,beige,2,4.0,bold_coral,3,soft_blush,2,black,2,natural_concealer,1,12 hrs,high,1279,occasion,party,normal,"Apply 2 layers (~4.0 ml) of beige foundation, 3 layer of bold_coral, 2 layers of soft_blush blush.",0
images/._433.jpg,Medium,beige,1,4.0,red,3,soft_blush,1,black,1,natural_concealer,1,12 hrs,low,2710,simple,normal,normal,"Apply 1 layers (~4.0 ml) of beige foundation, 3 layer of red, 1 layers of soft_blush blush.",0
images/._355.jpg,Medium,sand,2,5.0,red,1,soft_blush,1,black,1,natural_concealer,2,8 hrs,medium,2868,occasion,daily,normal,"Apply 2 layers (~5.0 ml) of sand foundation, 1 layer of red, 1 layers of soft_blush blush.",0
images/._590.jpg,Medium,sand,3,5.0,nude,3,soft_blush,1,black,1,natural_concealer,1,12 hrs,medium,571,weather,normal,humid,"Apply 3 layers (~5.0 ml) of sand foundation, 3 layer of nude, 1 layers of soft_blush blush.",0
images/._584.jpg,Medium,sand,2,2.0,coral,2,soft_blush,2,black,3,natural_concealer,1,8 hrs,high,2328,simple,normal,normal,"Apply 2 layers (~2.0 ml) of sand foundation, 2 layer of coral, 2 layers of soft_blush blush.",0
images/._209.jpg,Medium,warm_beige,1,2.0,red,1,soft_blush,2,black,3,natural_concealer,1,8 hrs,medium,2857,occasion,office,normal,"Apply 1 layers (~2.0 ml) of warm_beige foundation, 1 layer of red, 2 layers of soft_blush blush.",0
images/._235.jpg,Medium,sand,1,4.0,nude,2,soft_blush,1,black,2,natural_concealer,2,8 hrs,low,863,occasion,bridal,normal,"Apply 1 layers (~4.0 ml) of sand foundation, 2 layer of nude, 1 layers of soft_blush blush.",0
images/._553.jpg,Medium,beige,3,2.0,coral,2,soft_blush,2,black,2,natural_concealer,2,8 hrs,high,2501,occasion,office,normal,"Apply 3 layers (~2.0 ml) of beige foundation, 2 layer of coral, 2 layers of soft_blush blush.",0
images/._547.jpg,Medium,warm_beige,1,2.0,bold_nude,3,soft_blush,1,black,2,natural_concealer,1,8 hrs,high,1658,occasion,party,normal,"Apply 1 layers (~2.0 ml) of warm_beige foundation, 3 layer of bold_nude, 1 layers of soft_blush blush.",0
images/._221.jpg,Medium,sand,1,3.0,nude,3,soft_blush,1,black,1,natural_concealer,2,6 hrs,low,2038,weather,normal,humid,"Apply 1 layers (~3.0 ml) of sand foundation, 3 layer of nude, 1 layers of soft_blush blush.",0
images/._546.jpg,Medium,warm_beige,1,5.0,coral,2,soft_blush,2,black,1,natural_concealer,2,10 hrs,low,1266,occasion,office,normal,"Apply 1 layers (~5.0 ml) of warm_beige foundation, 2 layer of coral, 2 layers of soft_blush blush.",0
images/._220.jpg,Medium,beige,1,4.0,red,3,soft_blush,2,black,1,natural_concealer,2,8 hrs,low,607,simple,normal,normal,"Apply 1 layers (~4.0 ml) of beige foundation, 3 layer of red, 2 layers of soft_blush blush.",0
images/._234.jpg,Medium,beige,1,5.0,red,1,soft_blush,2,black,1,natural_concealer,1,8 hrs,high,2225,weather,normal,humid,"Apply 1 layers (~5.0 ml) of beige foundation, 1 layer of red, 2 layers of soft_blush blush.",0
images/._552.jpg,Medium,warm_beige,1,2.0,nude,1,soft_blush,2,black,1,natural_concealer,2,6 hrs,low,2629,simple,normal,normal,"Apply 1 layers (~2.0 ml) of warm_beige foundation, 1 layer of nude, 2 layers of soft_blush blush.",0
images/._208.jpg,Medium,warm_beige,2,2.0,red,3,soft_blush,1,black,2,natural_concealer,2,12 hrs,low,677,weather,normal,cold,"Apply 2 layers (~2.0 ml) of warm_beige foundation, 3 layer of red, 1 layers of soft_blush blush.",0
images/._585.jpg,Medium,beige,2,4.0,red,1,soft_blush,1,black,3,natural_concealer,1,6 hrs,low,1878,occasion,bridal,normal,"Apply 2 layers (~4.0 ml) of beige foundation, 1 layer of red, 1 layers of soft_blush blush.",0
images/._591.jpg,Medium,sand,1,3.0,red,2,soft_blush,1,black,3,natural_concealer,1,12 hrs,medium,783,occasion,bridal,normal,"Apply 1 layers (~3.0 ml) of sand foundation, 2 layer of red, 1 layers of soft_blush blush.",0
images/._432.jpg,Medium,matte_beige,1,3.0,nude,2,soft_blush,1,black,1,natural_concealer,1,6 hrs,high,1604,weather,normal,hot,"Apply 1 layers (~3.0 ml) of matte_beige foundation, 2 layer of nude, 1 layers of soft_blush blush.",0
images/._354.jpg,Medium,sand,1,4.0,red,2,soft_blush,2,black,1,natural_concealer,1,8 hrs,medium,2230,occasion,bridal,normal,"Apply 1 layers (~4.0 ml) of sand foundation, 2 layer of red, 2 layers of soft_blush blush.",0
images/._340.jpg,Medium,warm_beige,3,5.0,red,1,soft_blush,1,black,1,natural_concealer,2,12 hrs,medium,1809,occasion,office,normal,"Apply 3 layers (~5.0 ml) of warm_beige foundation, 1 layer of red, 1 layers of soft_blush blush.",0
images/._426.jpg,Medium,sand,3,2.0,red,3,soft_blush,1,black,3,natural_concealer,1,10 hrs,high,2030,weather,normal,humid,"Apply 3 layers (~2.0 ml) of sand foundation, 3 layer of red, 1 layers of soft_blush blush.",0
images/._368.jpg,Medium,warm_beige,1,4.0,red,3,soft_blush,2,black,3,natural_concealer,2,8 hrs,medium,2496,weather,normal,humid,"Apply 1 layers (~4.0 ml) of warm_beige foundation, 3 layer of red, 2 layers of soft_blush blush.",0
images/._397.jpg,Medium,warm_beige,1,2.0,nude,3,soft_blush,2,black,1,natural_concealer,1,6 hrs,medium,2458,simple,normal,normal,"Apply 1 layers (~2.0 ml) of warm_beige foundation, 3 layer of nude, 2 layers of soft_blush blush.",0
images/._383.jpg,Medium,sand,2,3.0,red,2,soft_blush,1,black,3,natural_concealer,1,12 hrs,high,1937,simple,normal,normal,"Apply 2 layers (~3.0 ml) of sand foundation, 2 layer of red, 1 layers of soft_blush blush.",0
images/._156.jpg,Medium,sand,3,5.0,nude,3,soft_blush,1,black,3,natural_concealer,2,12 hrs,medium,1128,weather,normal,humid,"Apply 3 layers (~5.0 ml) of sand foundation, 3 layer of nude, 1 layers of soft_blush blush.",0
images/._630.jpg,Medium,beige,3,4.0,coral,1,soft_blush,1,black,3,natural_concealer,2,8 hrs,low,2047,weather,normal,cold,"Apply 3 layers (~4.0 ml) of beige foundation, 1 layer of coral, 1 layers of soft_blush blush.",0
images/._624.jpg,Medium,sand,3,5.0,nude,3,soft_blush,2,black,2,natural_concealer,2,6 hrs,high,748,weather,normal,humid,"Apply 3 layers (~5.0 ml) of sand foundation, 3 layer of nude, 2 layers of soft_blush blush.",0
images/._142.jpg,Medium,warm_beige,1,2.0,nude,1,soft_blush,1,black,1,natural_concealer,1,12 hrs,high,2852,occasion,office,normal,"Apply 1 layers (~2.0 ml) of warm_beige foundation, 1 layer of nude, 1 layers of soft_blush blush.",0
images/._94.jpg,Medium,warm_beige,1,5.0,coral,3,soft_blush,1,black,3,natural_concealer,2,12 hrs,high,2614,weather,normal,humid,"Apply 1 layers (~5.0 ml) of warm_beige foundation, 3 layer of coral, 1 layers of soft_blush blush.",0
images/._618.jpg,Medium,matte_sand,1,5.0,nude,2,soft_blush,2,black,3,natural_concealer,1,10 hrs,low,2671,weather,normal,hot,"Apply 1 layers (~5.0 ml) of matte_sand foundation, 2 layer of nude, 2 layers of soft_blush blush.",0
images/._80.jpg,Medium,sand,2,4.0,bold_red,2,soft_blush,2,black,2,natural_concealer,2,6 hrs,medium,1958,occasion,party,normal,"Apply 2 layers (~4.0 ml) of sand foundation, 2 layer of bold_red, 2 layers of soft_blush blush.",0
images/._195.jpg,Medium,sand,2,3.0,nude,1,soft_blush,1,black,1,natural_concealer,1,10 hrs,high,1849,occasion,daily,normal,"Apply 2 layers (~3.0 ml) of sand foundation, 1 layer of nude, 1 layers of soft_blush blush.",0
images/._181.jpg,Medium,matte_sand,2,3.0,nude,2,soft_blush,1,black,3,natural_concealer,2,12 hrs,high,2216,weather,normal,hot,"Apply 2 layers (~3.0 ml) of matte_sand foundation, 2 layer of nude, 1 layers of soft_blush blush.",0
images/._5.jpg,Medium,beige,1,5.0,coral,1,soft_blush,1,black,2,natural_concealer,2,10 hrs,low,1979,weather,normal,cold,"Apply 1 layers (~5.0 ml) of beige foundation, 1 layer of coral, 1 layers of soft_blush blush.",0
images/._57.jpg,Medium,warm_beige,1,5.0,coral,3,soft_blush,1,black,3,natural_concealer,1,10 hrs,medium,2616,occasion,bridal,normal,"Apply 1 layers (~5.0 ml) of warm_beige foundation, 3 layer of coral, 1 layers of soft_blush blush.",0
images/._43.jpg,Medium,warm_beige,3,5.0,red,3,soft_blush,2,black,3,natural_concealer,2,10 hrs,medium,2551,simple,normal,normal,"Apply 3 layers (~5.0 ml) of warm_beige foundation, 3 layer of red, 2 layers of soft_blush blush.",0
images/._55.jpg,Medium,warm_beige,2,5.0,bold_red,2,soft_blush,2,black,1,natural_concealer,2,12 hrs,medium,819,occasion,party,normal,"Apply 2 layers (~5.0 ml) of warm_beige foundation, 2 layer of bold_red, 2 layers of soft_blush blush.",0
images/._7.jpg,Medium,beige,1,4.0,nude,1,soft_blush,1,black,3,natural_concealer,2,6 hrs,high,1423,simple,normal,normal,"Apply 1 layers (~4.0 ml) of beige foundation, 1 layer of nude, 1 layers of soft_blush blush.",0
images/._41.jpg,Medium,sand,3,5.0,nude,2,soft_blush,1,black,1,natural_concealer,2,8 hrs,medium,1044,weather,normal,cold,"Apply 3 layers (~5.0 ml) of sand foundation, 2 layer of nude, 1 layers of soft_blush blush.",0
images/._69.jpg,Medium,warm_beige,2,4.0,bold_coral,2,soft_blush,2,black,2,natural_concealer,1,6 hrs,low,1747,occasion,party,normal,"Apply 2 layers (~4.0 ml) of warm_beige foundation, 2 layer of bold_coral, 2 layers of soft_blush blush.",0
images/._197.jpg,Medium,beige,3,2.0,coral,2,soft_blush,1,black,1,natural_concealer,1,10 hrs,high,1913,weather,normal,cold,"Apply 3 layers (~2.0 ml) of beige foundation, 2 layer of coral, 1 layers of soft_blush blush.",0
images/._183.jpg,Medium,warm_beige,1,4.0,red,2,soft_blush,2,black,2,natural_concealer,1,6 hrs,low,2843,occasion,office,normal,"Apply 1 layers (~4.0 ml) of warm_beige foundation, 2 layer of red, 2 layers of soft_blush blush.",0
images/._96.jpg,Medium,warm_beige,1,2.0,coral,1,soft_blush,2,black,1,natural_concealer,1,6 hrs,low,750,weather,normal,humid,"Apply 1 layers (~2.0 ml) of warm_beige foundation, 1 layer of coral, 2 layers of soft_blush blush.",0
images/._168.jpg,Medium,beige,2,3.0,coral,2,soft_blush,1,black,1,natural_concealer,1,8 hrs,low,2757,weather,normal,cold,"Apply 2 layers (~3.0 ml) of beige foundation, 2 layer of coral, 1 layers of soft_blush blush.",0
images/._82.jpg,Medium,warm_beige,3,4.0,red,1,soft_blush,1,black,3,natural_concealer,2,6 hrs,medium,2423,occasion,daily,normal,"Apply 3 layers (~4.0 ml) of warm_beige foundation, 1 layer of red, 1 layers of soft_blush blush.",0
images/._632.jpg,Medium,matte_warm_beige,1,4.0,nude,3,soft_blush,1,black,1,natural_concealer,2,12 hrs,medium,1303,weather,normal,hot,"Apply 1 layers (~4.0 ml) of matte_warm_beige foundation, 3 layer of nude, 1 layers of soft_blush blush.",0
images/._154.jpg,Medium,warm_beige,3,4.0,coral,2,soft_blush,1,black,1,natural_concealer,1,10 hrs,high,2005,occasion,bridal,normal,"Apply 3 layers (~4.0 ml) of warm_beige foundation, 2 layer of coral, 1 layers of soft_blush blush.",0
images/._140.jpg,Medium,beige,1,5.0,coral,1,soft_blush,2,black,1,natural_concealer,1,12 hrs,medium,828,weather,normal,humid,"Apply 1 layers (~5.0 ml) of beige foundation, 1 layer of coral, 2 layers of soft_blush blush.",0
images/._626.jpg,Medium,sand,2,4.0,coral,3,soft_blush,2,black,3,natural_concealer,2,10 hrs,low,2824,weather,normal,humid,"Apply 2 layers (~4.0 ml) of sand foundation, 3 layer of coral, 2 layers of soft_blush blush.",0
images/._395.jpg,Medium,warm_beige,1,3.0,red,2,soft_blush,1,black,1,natural_concealer,1,10 hrs,high,2026,weather,normal,humid,"Apply 1 layers (~3.0 ml) of warm_beige foundation, 2 layer of red, 1 layers of soft_blush blush.",0
images/._381.jpg,Medium,warm_beige,1,3.0,coral,2,soft_blush,2,black,3,natural_concealer,2,12 hrs,high,2952,simple,normal,normal,"Apply 1 layers (~3.0 ml) of warm_beige foundation, 2 layer of coral, 2 layers of soft_blush blush.",0
images/._418.jpg,Medium,warm_beige,1,3.0,coral,1,soft_blush,2,black,2,natural_concealer,1,12 hrs,low,743,simple,normal,normal,"Apply 1 layers (~3.0 ml) of warm_beige foundation, 1 layer of coral, 2 layers of soft_blush blush.",0
images/._356.jpg,Medium,beige,3,2.0,red,3,soft_blush,1,black,3,natural_concealer,2,8 hrs,medium,1275,occasion,office,normal,"Apply 3 layers (~2.0 ml) of beige foundation, 3 layer of red, 1 layers of soft_blush blush.",0
images/._430.jpg,Medium,matte_beige,1,3.0,nude,3,soft_blush,2,black,1,natural_concealer,1,12 hrs,medium,597,weather,normal,hot,"Apply 1 layers (~3.0 ml) of matte_beige foundation, 3 layer of nude, 2 layers of soft_blush blush.",0
images/._424.jpg,Medium,warm_beige,3,4.0,coral,3,soft_blush,1,black,3,natural_concealer,2,6 hrs,high,2676,simple,normal,normal,"Apply 3 layers (~4.0 ml) of warm_beige foundation, 3 layer of coral, 1 layers of soft_blush blush.",0
images/._342.jpg,Medium,beige,1,5.0,red,3,soft_blush,2,black,2,natural_concealer,1,8 hrs,medium,2287,occasion,office,normal,"Apply 1 layers (~5.0 ml) of beige foundation, 3 layer of red, 2 layers of soft_blush blush.",0
images/._587.jpg,Medium,sand,1,3.0,coral,2,soft_blush,2,black,1,natural_concealer,2,10 hrs,low,1611,weather,normal,cold,"Apply 1 layers (~3.0 ml) of sand foundation, 2 layer of coral, 2 layers of soft_blush blush.",0
images/._593.jpg,Medium,beige,1,4.0,coral,3,soft_blush,2,black,2,natural_concealer,1,12 hrs,medium,821,occasion,bridal,normal,"Apply 1 layers (~4.0 ml) of beige foundation, 3 layer of coral, 2 layers of soft_blush blush.",0
images/._578.jpg,Medium,warm_beige,2,4.0,nude,2,soft_blush,2,black,1,natural_concealer,1,12 hrs,medium,2153,weather,normal,humid,"Apply 2 layers (~4.0 ml) of warm_beige foundation, 2 layer of nude, 2 layers of soft_blush blush.",0
images/._222.jpg,Medium,warm_beige,1,4.0,nude,1,soft_blush,1,black,3,natural_concealer,1,12 hrs,medium,1075,occasion,office,normal,"Apply 1 layers (~4.0 ml) of warm_beige foundation, 1 layer of nude, 1 layers of soft_blush blush.",0
images/._544.jpg,Medium,sand,2,2.0,red,3,soft_blush,1,black,3,natural_concealer,2,12 hrs,medium,2768,simple,normal,normal,"Apply 2 layers (~2.0 ml) of sand foundation, 3 layer of red, 1 layers of soft_blush blush.",0
images/._550.jpg,Medium,matte_sand,2,5.0,nude,1,soft_blush,1,black,3,natural_concealer,2,12 hrs,low,1341,weather,normal,hot,"Apply 2 layers (~5.0 ml) of matte_sand foundation, 1 layer of nude, 1 layers of soft_blush blush.",0
images/._236.jpg,Medium,warm_beige,1,4.0,bold_red,1,soft_blush,1,black,2,natural_concealer,2,10 hrs,high,1998,occasion,party,normal,"Apply 1 layers (~4.0 ml) of warm_beige foundation, 1 layer of bold_red, 1 layers of soft_blush blush.",0
images/._551.jpg,Medium,beige,3,2.0,bold_coral,3,soft_blush,2,black,3,natural_concealer,1,10 hrs,high,1474,occasion,party,normal,"Apply 3 layers (~2.0 ml) of beige foundation, 3 layer of bold_coral, 2 layers of soft_blush blush.",0
images/._237.jpg,Medium,sand,1,5.0,coral,2,soft_blush,2,black,1,natural_concealer,1,8 hrs,low,1433,simple,normal,normal,"Apply 1 layers (~5.0 ml) of sand foundation, 2 layer of coral, 2 layers of soft_blush blush.",0
images/._223.jpg,Medium,warm_beige,3,2.0,coral,3,soft_blush,2,black,1,natural_concealer,2,6 hrs,high,2357,occasion,daily,normal,"Apply 3 layers (~2.0 ml) of warm_beige foundation, 3 layer of coral, 2 layers of soft_blush blush.",0
images/._545.jpg,Medium,warm_beige,3,5.0,red,1,soft_blush,2,black,3,natural_concealer,2,12 hrs,high,2620,simple,normal,normal,"Apply 3 layers (~5.0 ml) of warm_beige foundation, 1 layer of red, 2 layers of soft_blush blush.",0
images/._579.jpg,Medium,beige,1,4.0,coral,2,soft_blush,1,black,1,natural_concealer,2,12 hrs,low,2997,simple,normal,normal,"Apply 1 layers (~4.0 ml) of beige foundation, 2 layer of coral, 1 layers of soft_blush blush.",0
images/._592.jpg,Medium,beige,3,4.0,red,2,soft_blush,2,black,3,natural_concealer,1,8 hrs,medium,1957,occasion,daily,normal,"Apply 3 layers (~4.0 ml) of beige foundation, 2 layer of red, 2 layers of soft_blush blush.",0
images/._586.jpg,Medium,warm_beige,2,2.0,red,2,soft_blush,1,black,3,natural_concealer,2,8 hrs,low,946,simple,normal,normal,"Apply 2 layers (~2.0 ml) of warm_beige foundation, 2 layer of red, 1 layers of soft_blush blush.",0
images/._425.jpg,Medium,warm_beige,3,4.0,nude,1,soft_blush,1,black,3,natural_concealer,2,6 hrs,medium,1985,weather,normal,cold,"Apply 3 layers (~4.0 ml) of warm_beige foundation, 1 layer of nude, 1 layers of soft_blush blush.",0
images/._343.jpg,Medium,beige,1,5.0,red,1,soft_blush,2,black,3,natural_concealer,2,10 hrs,low,2396,simple,normal,normal,"Apply 1 layers (~5.0 ml) of beige foundation, 1 layer of red, 2 layers of soft_blush blush.",0
images/._357.jpg,Medium,matte_warm_beige,2,5.0,nude,2,soft_blush,2,black,3,natural_concealer,2,10 hrs,high,1192,weather,normal,hot,"Apply 2 layers (~5.0 ml) of matte_warm_beige foundation, 2 layer of nude, 2 layers of soft_blush blush.",0
images/._431.jpg,Medium,warm_beige,3,2.0,red,1,soft_blush,2,black,2,natural_concealer,2,10 hrs,high,903,simple,normal,normal,"Apply 3 layers (~2.0 ml) of warm_beige foundation, 1 layer of red, 2 layers of soft_blush blush.",0
images/._419.jpg,Medium,beige,2,2.0,nude,1,soft_blush,1,black,3,natural_concealer,1,10 hrs,low,1772,occasion,office,normal,"Apply 2 layers (~2.0 ml) of beige foundation, 1 layer of nude, 1 layers of soft_blush blush.",0
images/._380.jpg,Medium,beige,3,3.0,red,1,soft_blush,1,black,1,natural_concealer,2,12 hrs,low,1252,weather,normal,cold,"Apply 3 layers (~3.0 ml) of beige foundation, 1 layer of red, 1 layers of soft_blush blush.",0
images/._394.jpg,Medium,warm_beige,2,5.0,nude,1,soft_blush,1,black,3,natural_concealer,2,12 hrs,high,1359,weather,normal,humid,"Apply 2 layers (~5.0 ml) of warm_beige foundation, 1 layer of nude, 1 layers of soft_blush blush.",0
images/._141.jpg,Medium,warm_beige,1,2.0,nude,2,soft_blush,2,black,1,natural_concealer,1,12 hrs,medium,2263,simple,normal,normal,"Apply 1 layers (~2.0 ml) of warm_beige foundation, 2 layer of nude, 2 layers of soft_blush blush.",0
images/._627.jpg,Medium,warm_beige,1,5.0,red,3,soft_blush,1,black,3,natural_concealer,2,6 hrs,high,1035,simple,normal,normal,"Apply 1 layers (~5.0 ml) of warm_beige foundation, 3 layer of red, 1 layers of soft_blush blush.",0
images/._633.jpg,Medium,sand,3,3.0,red,3,soft_blush,1,black,3,natural_concealer,1,12 hrs,high,606,simple,normal,normal,"Apply 3 layers (~3.0 ml) of sand foundation, 3 layer of red, 1 layers of soft_blush blush.",0
images/._155.jpg,Medium,warm_beige,2,4.0,coral,1,soft_blush,1,black,2,natural_concealer,1,12 hrs,high,1849,simple,normal,normal,"Apply 2 layers (~4.0 ml) of warm_beige foundation, 1 layer of coral, 1 layers of soft_blush blush.",0
images/._83.jpg,Medium,sand,1,5.0,nude,2,soft_blush,1,black,3,natural_concealer,2,6 hrs,low,2095,occasion,office,normal,"Apply 1 layers (~5.0 ml) of sand foundation, 2 layer of nude, 1 layers of soft_blush blush.",0
images/._97.jpg,Medium,sand,1,2.0,coral,2,soft_blush,1,black,3,natural_concealer,1,10 hrs,medium,1658,simple,normal,normal,"Apply 1 layers (~2.0 ml) of sand foundation, 2 layer of coral, 1 layers of soft_blush blush.",0
images/._169.jpg,Medium,beige,3,5.0,red,3,soft_blush,1,black,3,natural_concealer,2,6 hrs,low,2428,simple,normal,normal,"Apply 3 layers (~5.0 ml) of beige foundation, 3 layer of red, 1 layers of soft_blush blush.",0
images/._182.jpg,Medium,warm_beige,3,3.0,nude,1,soft_blush,2,black,3,natural_concealer,2,10 hrs,low,2114,simple,normal,normal,"Apply 3 layers (~3.0 ml) of warm_beige foundation, 1 layer of nude, 2 layers of soft_blush blush.",0
images/._68.jpg,Medium,beige,1,5.0,coral,2,soft_blush,2,black,3,natural_concealer,2,6 hrs,medium,858,occasion,office,normal,"Apply 1 layers (~5.0 ml) of beige foundation, 2 layer of coral, 2 layers of soft_blush blush.",0
images/._196.jpg,Medium,warm_beige,2,2.0,coral,2,soft_blush,1,black,1,natural_concealer,2,6 hrs,medium,837,occasion,office,normal,"Apply 2 layers (~2.0 ml) of warm_beige foundation, 2 layer of coral, 1 layers of soft_blush blush.",0
images/._40.jpg,Medium,beige,1,5.0,red,2,soft_blush,1,black,2,natural_concealer,2,6 hrs,high,1817,weather,normal,humid,"Apply 1 layers (~5.0 ml) of beige foundation, 2 layer of red, 1 layers of soft_blush blush.",0
images/._54.jpg,Medium,sand,2,4.0,coral,3,soft_blush,2,black,2,natural_concealer,1,8 hrs,medium,1686,simple,normal,normal,"Apply 2 layers (~4.0 ml) of sand foundation, 3 layer of coral, 2 layers of soft_blush blush.",0
images/._6.jpg,Medium,beige,3,2.0,nude,2,soft_blush,2,black,1,natural_concealer,2,6 hrs,medium,514,occasion,daily,normal,"Apply 3 layers (~2.0 ml) of beige foundation, 2 layer of nude, 2 layers of soft_blush blush.",0
images/._192.jpg,Medium,beige,1,5.0,coral,2,soft_blush,2,black,1,natural_concealer,2,10 hrs,low,1532,occasion,bridal,normal,"Apply 1 layers (~5.0 ml) of beige foundation, 2 layer of coral, 2 layers of soft_blush blush.",0
images/._78.jpg,Medium,beige,3,4.0,red,2,soft_blush,1,black,1,natural_concealer,2,6 hrs,medium,2790,weather,normal,humid,"Apply 3 layers (~4.0 ml) of beige foundation, 2 layer of red, 1 layers of soft_blush blush.",0
images/._186.jpg,Medium,beige,2,4.0,nude,3,soft_blush,2,black,1,natural_concealer,2,6 hrs,medium,717,simple,normal,normal,"Apply 2 layers (~4.0 ml) of beige foundation, 3 layer of nude, 2 layers of soft_blush blush.",0
images/._2.jpg,Medium,beige,1,3.0,nude,3,soft_blush,2,black,1,natural_concealer,2,8 hrs,high,2364,simple,normal,normal,"Apply 1 layers (~3.0 ml) of beige foundation, 3 layer of nude, 2 layers of soft_blush blush.",0
images/._50.jpg,Medium,beige,2,2.0,coral,3,soft_blush,1,black,2,natural_concealer,2,8 hrs,medium,1064,weather,normal,humid,"Apply 2 layers (~2.0 ml) of beige foundation, 3 layer of coral, 1 layers of soft_blush blush.",0
images/._44.jpg,Medium,sand,2,3.0,red,3,soft_blush,2,black,2,natural_concealer,1,8 hrs,medium,2738,simple,normal,normal,"Apply 2 layers (~3.0 ml) of sand foundation, 3 layer of red, 2 layers of soft_blush blush.",0
images/._151.jpg,Medium,warm_beige,1,2.0,nude,2,soft_blush,2,black,3,natural_concealer,1,6 hrs,high,1400,simple,normal,normal,"Apply 1 layers (~2.0 ml) of warm_beige foundation, 2 layer of nude, 2 layers of soft_blush blush.",0
images/._637.jpg,Medium,beige,3,2.0,coral,3,soft_blush,1,black,1,natural_concealer,1,12 hrs,low,1421,simple,normal,normal,"Apply 3 layers (~2.0 ml) of beige foundation, 3 layer of coral, 1 layers of soft_blush blush.",0
images/._623.jpg,Medium,warm_beige,2,3.0,coral,2,soft_blush,2,black,2,natural_concealer,2,6 hrs,medium,2524,simple,normal,normal,"Apply 2 layers (~3.0 ml) of warm_beige foundation, 2 layer of coral, 2 layers of soft_blush blush.",0
images/._145.jpg,Medium,sand,3,5.0,bold_red,2,soft_blush,2,black,2,natural_concealer,2,10 hrs,high,1367,occasion,party,normal,"Apply 3 layers (~5.0 ml) of sand foundation, 2 layer of bold_red, 2 layers of soft_blush blush.",0
images/._93.jpg,Medium,warm_beige,3,2.0,coral,3,soft_blush,1,black,2,natural_concealer,1,12 hrs,low,658,occasion,daily,normal,"Apply 3 layers (~2.0 ml) of warm_beige foundation, 3 layer of coral, 1 layers of soft_blush blush.",0
images/._87.jpg,Medium,matte_warm_beige,2,4.0,nude,1,soft_blush,2,black,3,natural_concealer,1,8 hrs,medium,1464,weather,normal,hot,"Apply 2 layers (~4.0 ml) of matte_warm_beige foundation, 1 layer of nude, 2 layers of soft_blush blush.",0
images/._179.jpg,Medium,beige,2,3.0,red,1,soft_blush,2,black,3,natural_concealer,1,8 hrs,high,877,weather,normal,cold,"Apply 2 layers (~3.0 ml) of beige foundation, 1 layer of red, 2 layers of soft_blush blush.",0
images/._390.jpg,Medium,sand,1,5.0,bold_nude,3,soft_blush,2,black,3,natural_concealer,1,12 hrs,high,1072,occasion,party,normal,"Apply 1 layers (~5.0 ml) of sand foundation, 3 layer of bold_nude, 2 layers of soft_blush blush.",0
images/._384.jpg,Medium,warm_beige,2,5.0,nude,1,soft_blush,1,black,2,natural_concealer,2,8 hrs,medium,2261,weather,normal,humid,"Apply 2 layers (~5.0 ml) of warm_beige foundation, 1 layer of nude, 1 layers of soft_blush blush.",0
images/._435.jpg,Medium,beige,3,3.0,red,3,soft_blush,2,black,1,natural_concealer,2,12 hrs,medium,1702,simple,normal,normal,"Apply 3 layers (~3.0 ml) of beige foundation, 3 layer of red, 2 layers of soft_blush blush.",0
images/._353.jpg,Medium,beige,1,4.0,bold_nude,1,soft_blush,2,black,2,natural_concealer,1,12 hrs,high,2431,occasion,party,normal,"Apply 1 layers (~4.0 ml) of beige foundation, 1 layer of bold_nude, 2 layers of soft_blush blush.",0
images/._347.jpg,Medium,warm_beige,2,4.0,nude,3,soft_blush,2,black,2,natural_concealer,1,8 hrs,high,1046,simple,normal,normal,"Apply 2 layers (~4.0 ml) of warm_beige foundation, 3 layer of nude, 2 layers of soft_blush blush.",0
images/._421.jpg,Medium,beige,3,3.0,coral,2,soft_blush,2,black,3,natural_concealer,1,10 hrs,high,790,simple,normal,normal,"Apply 3 layers (~3.0 ml) of beige foundation, 2 layer of coral, 2 layers of soft_blush blush.",0
images/._409.jpg,Medium,warm_beige,3,2.0,bold_nude,2,soft_blush,2,black,2,natural_concealer,1,12 hrs,medium,2397,occasion,party,normal,"Apply 3 layers (~2.0 ml) of warm_beige foundation, 2 layer of bold_nude, 2 layers of soft_blush blush.",0
images/._582.jpg,Medium,sand,1,2.0,coral,1,soft_blush,1,black,1,natural_concealer,1,10 hrs,medium,1766,simple,normal,normal,"Apply 1 layers (~2.0 ml) of sand foundation, 1 layer of coral, 1 layers of soft_blush blush.",0
images/._596.jpg,Medium,sand,1,5.0,red,1,soft_blush,2,black,1,natural_concealer,1,8 hrs,high,2022,weather,normal,cold,"Apply 1 layers (~5.0 ml) of sand foundation, 1 layer of red, 2 layers of soft_blush blush.",0
images/._541.jpg,Medium,matte_beige,2,3.0,nude,2,soft_blush,1,black,3,natural_concealer,1,6 hrs,low,2262,weather,normal,hot,"Apply 2 layers (~3.0 ml) of matte_beige foundation, 2 layer of nude, 1 layers of soft_blush blush.",0
images/._227.jpg,Medium,warm_beige,1,5.0,nude,2,soft_blush,2,black,2,natural_concealer,1,12 hrs,medium,2413,occasion,bridal,normal,"Apply 1 layers (~5.0 ml) of warm_beige foundation, 2 layer of nude, 2 layers of soft_blush blush.",0
images/._233.jpg,Medium,sand,2,5.0,coral,2,soft_blush,1,black,2,natural_concealer,1,8 hrs,high,2746,occasion,daily,normal,"Apply 2 layers (~5.0 ml) of sand foundation, 2 layer of coral, 1 layers of soft_blush blush.",0
images/._555.jpg,Medium,warm_beige,1,5.0,coral,2,soft_blush,1,black,2,natural_concealer,1,12 hrs,medium,1472,simple,normal,normal,"Apply 1 layers (~5.0 ml) of warm_beige foundation, 2 layer of coral, 1 layers of soft_blush blush.",0
images/._569.jpg,Medium,matte_warm_beige,3,5.0,nude,3,soft_blush,1,black,2,natural_concealer,1,6 hrs,high,2676,weather,normal,hot,"Apply 3 layers (~5.0 ml) of matte_warm_beige foundation, 3 layer of nude, 1 layers of soft_blush blush.",0
images/._568.jpg,Medium,sand,1,2.0,coral,2,soft_blush,2,black,2,natural_concealer,1,8 hrs,high,1893,occasion,bridal,normal,"Apply 1 layers (~2.0 ml) of sand foundation, 2 layer of coral, 2 layers of soft_blush blush.",0
images/._232.jpg,Medium,warm_beige,1,3.0,coral,3,soft_blush,1,black,3,natural_concealer,1,8 hrs,low,820,simple,normal,normal,"Apply 1 layers (~3.0 ml) of warm_beige foundation, 3 layer of coral, 1 layers of soft_blush blush.",0
images/._554.jpg,Medium,sand,2,5.0,nude,3,soft_blush,1,black,1,natural_concealer,2,10 hrs,medium,1981,weather,normal,cold,"Apply 2 layers (~5.0 ml) of sand foundation, 3 layer of nude, 1 layers of soft_blush blush.",0
images/._540.jpg,Medium,sand,3,3.0,coral,1,soft_blush,1,black,3,natural_concealer,2,8 hrs,medium,970,simple,normal,normal,"Apply 3 layers (~3.0 ml) of sand foundation, 1 layer of coral, 1 layers of soft_blush blush.",0
images/._226.jpg,Medium,matte_beige,3,3.0,nude,2,soft_blush,1,black,2,natural_concealer,1,6 hrs,high,1598,weather,normal,hot,"Apply 3 layers (~3.0 ml) of matte_beige foundation, 2 layer of nude, 1 layers of soft_blush blush.",0
images/._597.jpg,Medium,beige,2,4.0,coral,1,soft_blush,1,black,3,natural_concealer,1,10 hrs,medium,1435,occasion,daily,normal,"Apply 2 layers (~4.0 ml) of beige foundation, 1 layer of coral, 1 layers of soft_blush blush.",0
images/._583.jpg,Medium,warm_beige,2,2.0,coral,1,soft_blush,1,black,2,natural_concealer,1,10 hrs,low,1597,simple,normal,normal,"Apply 2 layers (~2.0 ml) of warm_beige foundation, 1 layer of coral, 1 layers of soft_blush blush.",0
images/._408.jpg,Medium,warm_beige,1,4.0,nude,2,soft_blush,1,black,3,natural_concealer,1,12 hrs,high,1444,weather,normal,cold,"Apply 1 layers (~4.0 ml) of warm_beige foundation, 2 layer of nude, 1 layers of soft_blush blush.",0
images/._346.jpg,Medium,warm_beige,3,2.0,red,1,soft_blush,1,black,3,natural_concealer,1,6 hrs,high,1806,weather,normal,humid,"Apply 3 layers (~2.0 ml) of warm_beige foundation, 1 layer of red, 1 layers of soft_blush blush.",0
images/._420.jpg,Medium,sand,1,5.0,coral,1,soft_blush,2,black,3,natural_concealer,1,12 hrs,high,2966,weather,normal,humid,"Apply 1 layers (~5.0 ml) of sand foundation, 1 layer of coral, 2 layers of soft_blush blush.",0
images/._434.jpg,Medium,warm_beige,3,5.0,coral,2,soft_blush,2,black,1,natural_concealer,2,6 hrs,low,867,occasion,office,normal,"Apply 3 layers (~5.0 ml) of warm_beige foundation, 2 layer of coral, 2 layers of soft_blush blush.",0
images/._352.jpg,Medium,beige,2,2.0,nude,3,soft_blush,1,black,3,natural_concealer,2,12 hrs,medium,1789,simple,normal,normal,"Apply 2 layers (~2.0 ml) of beige foundation, 3 layer of nude, 1 layers of soft_blush blush.",0
images/._385.jpg,Medium,beige,3,5.0,nude,1,soft_blush,1,black,2,natural_concealer,2,8 hrs,medium,2274,occasion,office,normal,"Apply 3 layers (~5.0 ml) of beige foundation, 1 layer of nude, 1 layers of soft_blush blush.",0
images/._391.jpg,Medium,sand,3,4.0,bold_nude,3,soft_blush,2,black,2,natural_concealer,1,10 hrs,low,1716,occasion,party,normal,"Apply 3 layers (~4.0 ml) of sand foundation, 3 layer of bold_nude, 2 layers of soft_blush blush.",0
images/._86.jpg,Medium,matte_sand,1,2.0,nude,2,soft_blush,2,black,3,natural_concealer,2,6 hrs,high,2514,weather,normal,hot,"Apply 1 layers (~2.0 ml) of matte_sand foundation, 2 layer of nude, 2 layers of soft_blush blush.",0
images/._178.jpg,Medium,sand,2,5.0,bold_coral,3,soft_blush,2,black,3,natural_concealer,1,6 hrs,low,2410,occasion,party,normal,"Apply 2 layers (~5.0 ml) of sand foundation, 3 layer of bold_coral, 2 layers of soft_blush blush.",0
images/._92.jpg,Medium,warm_beige,3,3.0,coral,3,soft_blush,1,black,3,natural_concealer,1,12 hrs,low,1962,simple,normal,normal,"Apply 3 layers (~3.0 ml) of warm_beige foundation, 3 layer of coral, 1 layers of soft_blush blush.",0
images/._622.jpg,Medium,warm_beige,1,3.0,bold_red,3,soft_blush,2,black,2,natural_concealer,2,12 hrs,high,2510,occasion,party,normal,"Apply 1 layers (~3.0 ml) of warm_beige foundation, 3 layer of bold_red, 2 layers of soft_blush blush.",0
images/._144.jpg,Medium,beige,2,2.0,nude,3,soft_blush,1,black,3,natural_concealer,1,10 hrs,low,1148,weather,normal,humid,"Apply 2 layers (~2.0 ml) of beige foundation, 3 layer of nude, 1 layers of soft_blush blush.",0
images/._150.jpg,Medium,beige,1,3.0,coral,2,soft_blush,2,black,1,natural_concealer,1,12 hrs,low,1295,simple,normal,normal,"Apply 1 layers (~3.0 ml) of beige foundation, 2 layer of coral, 2 layers of soft_blush blush.",0
images/._636.jpg,Medium,warm_beige,1,2.0,red,2,soft_blush,1,black,2,natural_concealer,1,6 hrs,medium,2553,simple,normal,normal,"Apply 1 layers (~2.0 ml) of warm_beige foundation, 2 layer of red, 1 layers of soft_blush blush.",0
images/._45.jpg,Medium,sand,1,3.0,nude,1,soft_blush,1,black,3,natural_concealer,1,8 hrs,high,1497,occasion,daily,normal,"Apply 1 layers (~3.0 ml) of sand foundation, 1 layer of nude, 1 layers of soft_blush blush.",0
images/._3.jpg,Medium,warm_beige,3,4.0,coral,3,soft_blush,1,black,1,natural_concealer,2,6 hrs,low,1001,occasion,bridal,normal,"Apply 3 layers (~4.0 ml) of warm_beige foundation, 3 layer of coral, 1 layers of soft_blush blush.",0
images/._51.jpg,Medium,sand,2,4.0,coral,2,soft_blush,1,black,2,natural_concealer,2,6 hrs,high,1236,weather,normal,humid,"Apply 2 layers (~4.0 ml) of sand foundation, 2 layer of coral, 1 layers of soft_blush blush.",0
images/._79.jpg,Medium,warm_beige,3,3.0,bold_nude,3,soft_blush,1,black,2,natural_concealer,2,8 hrs,low,1962,occasion,party,normal,"Apply 3 layers (~3.0 ml) of warm_beige foundation, 3 layer of bold_nude, 1 layers of soft_blush blush.",0
images/._187.jpg,Medium,sand,3,5.0,nude,2,soft_blush,1,black,2,natural_concealer,1,8 hrs,medium,1176,simple,normal,normal,"Apply 3 layers (~5.0 ml) of sand foundation, 2 layer of nude, 1 layers of soft_blush blush.",0
images/._193.jpg,Medium,sand,2,5.0,nude,2,soft_blush,2,black,2,natural_concealer,1,6 hrs,medium,1060,simple,normal,normal,"Apply 2 layers (~5.0 ml) of sand foundation, 2 layer of nude, 2 layers of soft_blush blush.",0
images/._185.jpg,Medium,sand,3,3.0,red,3,soft_blush,2,black,3,natural_concealer,2,10 hrs,low,1023,occasion,office,normal,"Apply 3 layers (~3.0 ml) of sand foundation, 3 layer of red, 2 layers of soft_blush blush.",0
images/._191.jpg,Medium,warm_beige,2,4.0,red,1,soft_blush,2,black,3,natural_concealer,2,12 hrs,high,2549,simple,normal,normal,"Apply 2 layers (~4.0 ml) of warm_beige foundation, 1 layer of red, 2 layers of soft_blush blush.",0
images/._47.jpg,Medium,warm_beige,3,5.0,red,2,soft_blush,2,black,1,natural_concealer,2,8 hrs,medium,1741,weather,normal,cold,"Apply 3 layers (~5.0 ml) of warm_beige foundation, 2 layer of red, 2 layers of soft_blush blush.",0
images/._53.jpg,Medium,warm_beige,1,2.0,red,1,soft_blush,2,black,2,natural_concealer,1,10 hrs,high,1321,occasion,bridal,normal,"Apply 1 layers (~2.0 ml) of warm_beige foundation, 1 layer of red, 2 layers of soft_blush blush.",0
images/._1.jpg,Medium,warm_beige,1,5.0,nude,1,soft_blush,1,black,3,natural_concealer,1,12 hrs,medium,1289,simple,normal,normal,"Apply 1 layers (~5.0 ml) of warm_beige foundation, 1 layer of nude, 1 layers of soft_blush blush.",0
images/._146.jpg,Medium,sand,2,4.0,red,2,soft_blush,1,black,3,natural_concealer,2,10 hrs,low,919,simple,normal,normal,"Apply 2 layers (~4.0 ml) of sand foundation, 2 layer of red, 1 layers of soft_blush blush.",0
images/._620.jpg,Medium,matte_warm_beige,3,3.0,nude,1,soft_blush,1,black,1,natural_concealer,1,6 hrs,low,2551,weather,normal,hot,"Apply 3 layers (~3.0 ml) of matte_warm_beige foundation, 1 layer of nude, 1 layers of soft_blush blush.",0
images/._634.jpg,Medium,warm_beige,1,4.0,coral,1,soft_blush,1,black,2,natural_concealer,1,12 hrs,medium,2419,weather,normal,humid,"Apply 1 layers (~4.0 ml) of warm_beige foundation, 1 layer of coral, 1 layers of soft_blush blush.",0
images/._152.jpg,Medium,beige,3,4.0,nude,1,soft_blush,1,black,2,natural_concealer,1,6 hrs,high,767,occasion,bridal,normal,"Apply 3 layers (~4.0 ml) of beige foundation, 1 layer of nude, 1 layers of soft_blush blush.",0
images/._84.jpg,Medium,sand,2,3.0,coral,3,soft_blush,2,black,1,natural_concealer,1,10 hrs,low,1097,occasion,office,normal,"Apply 2 layers (~3.0 ml) of sand foundation, 3 layer of coral, 2 layers of soft_blush blush.",0
images/._608.jpg,Medium,sand,1,2.0,coral,3,soft_blush,1,black,1,natural_concealer,2,10 hrs,low,1143,weather,normal,cold,"Apply 1 layers (~2.0 ml) of sand foundation, 3 layer of coral, 1 layers of soft_blush blush.",0
images/._90.jpg,Medium,beige,3,5.0,red,3,soft_blush,1,black,3,natural_concealer,1,6 hrs,high,2071,occasion,daily,normal,"Apply 3 layers (~5.0 ml) of beige foundation, 3 layer of red, 1 layers of soft_blush blush.",0
images/._387.jpg,Medium,beige,1,5.0,coral,3,soft_blush,2,black,1,natural_concealer,1,10 hrs,low,1207,simple,normal,normal,"Apply 1 layers (~5.0 ml) of beige foundation, 3 layer of coral, 2 layers of soft_blush blush.",0
images/._393.jpg,Medium,beige,1,5.0,nude,1,soft_blush,2,black,1,natural_concealer,1,10 hrs,low,2965,occasion,bridal,normal,"Apply 1 layers (~5.0 ml) of beige foundation, 1 layer of nude, 2 layers of soft_blush blush.",0
images/._422.jpg,Medium,sand,2,4.0,nude,1,soft_blush,1,black,2,natural_concealer,1,10 hrs,medium,1181,weather,normal,cold,"Apply 2 layers (~4.0 ml) of sand foundation, 1 layer of nude, 1 layers of soft_blush blush.",0
images/._344.jpg,Medium,warm_beige,2,3.0,nude,2,soft_blush,2,black,2,natural_concealer,2,6 hrs,low,2198,occasion,daily,normal,"Apply 2 layers (~3.0 ml) of warm_beige foundation, 2 layer of nude, 2 layers of soft_blush blush.",0
images/._350.jpg,Medium,sand,2,2.0,coral,3,soft_blush,2,black,3,natural_concealer,2,12 hrs,high,734,weather,normal,cold,"Apply 2 layers (~2.0 ml) of sand foundation, 3 layer of coral, 2 layers of soft_blush blush.",0
images/._436.jpg,Medium,sand,3,3.0,nude,1,soft_blush,1,black,3,natural_concealer,2,12 hrs,high,2900,occasion,office,normal,"Apply 3 layers (~3.0 ml) of sand foundation, 1 layer of nude, 1 layers of soft_blush blush.",0
images/._378.jpg,Medium,sand,2,5.0,coral,1,soft_blush,1,black,3,natural_concealer,1,12 hrs,low,2355,occasion,bridal,normal,"Apply 2 layers (~5.0 ml) of sand foundation, 1 layer of coral, 1 layers of soft_blush blush.",0
images/._595.jpg,Medium,beige,2,3.0,red,2,soft_blush,1,black,3,natural_concealer,1,12 hrs,medium,2628,simple,normal,normal,"Apply 2 layers (~3.0 ml) of beige foundation, 2 layer of red, 1 layers of soft_blush blush.",0
images/._581.jpg,Medium,sand,1,4.0,coral,1,soft_blush,2,black,3,natural_concealer,2,10 hrs,low,1537,occasion,bridal,normal,"Apply 1 layers (~4.0 ml) of sand foundation, 1 layer of coral, 2 layers of soft_blush blush.",0
images/._556.jpg,Medium,sand,3,2.0,nude,2,soft_blush,2,black,1,natural_concealer,2,10 hrs,low,874,weather,normal,humid,"Apply 3 layers (~2.0 ml) of sand foundation, 2 layer of nude, 2 layers of soft_blush blush.",0
images/._230.jpg,Medium,sand,1,4.0,red,1,soft_blush,2,black,3,natural_concealer,2,8 hrs,low,1746,occasion,daily,normal,"Apply 1 layers (~4.0 ml) of sand foundation, 1 layer of red, 2 layers of soft_blush blush.",0
images/._224.jpg,Medium,beige,2,3.0,nude,2,soft_blush,2,black,1,natural_concealer,1,6 hrs,high,2818,weather,normal,humid,"Apply 2 layers (~3.0 ml) of beige foundation, 2 layer of nude, 2 layers of soft_blush blush.",0
images/._542.jpg,Medium,warm_beige,1,5.0,nude,3,soft_blush,2,black,2,natural_concealer,2,10 hrs,low,1020,occasion,bridal,normal,"Apply 1 layers (~5.0 ml) of warm_beige foundation, 3 layer of nude, 2 layers of soft_blush blush.",0
images/._218.jpg,Medium,sand,1,2.0,nude,2,soft_blush,1,black,3,natural_concealer,1,12 hrs,medium,2400,occasion,office,normal,"Apply 1 layers (~2.0 ml) of sand foundation, 2 layer of nude, 1 layers of soft_blush blush.",0
images/._219.jpg,Medium,warm_beige,3,2.0,nude,3,soft_blush,2,black,3,natural_concealer,1,12 hrs,high,1601,simple,normal,normal,"Apply 3 layers (~2.0 ml) of warm_beige foundation, 3 layer of nude, 2 layers of soft_blush blush.",0
images/._225.jpg,Medium,beige,2,3.0,coral,3,soft_blush,2,black,2,natural_concealer,2,8 hrs,low,2714,weather,normal,humid,"Apply 2 layers (~3.0 ml) of beige foundation, 3 layer of coral, 2 layers of soft_blush blush.",0
images/._543.jpg,Medium,beige,3,4.0,nude,2,soft_blush,1,black,1,natural_concealer,2,10 hrs,high,1730,weather,normal,humid,"Apply 3 layers (~4.0 ml) of beige foundation, 2 layer of nude, 1 layers of soft_blush blush.",0
images/._557.jpg,Medium,beige,3,3.0,coral,1,soft_blush,2,black,3,natural_concealer,2,12 hrs,high,2787,weather,normal,humid,"Apply 3 layers (~3.0 ml) of beige foundation, 1 layer of coral, 2 layers of soft_blush blush.",0
images/._231.jpg,Medium,sand,2,3.0,red,2,soft_blush,1,black,3,natural_concealer,2,8 hrs,high,1789,simple,normal,normal,"Apply 2 layers (~3.0 ml) of sand foundation, 2 layer of red, 1 layers of soft_blush blush.",0
images/._580.jpg,Medium,beige,2,4.0,bold_nude,1,soft_blush,1,black,2,natural_concealer,1,10 hrs,high,622,occasion,party,normal,"Apply 2 layers (~4.0 ml) of beige foundation, 1 layer of bold_nude, 1 layers of soft_blush blush.",0
images/._594.jpg,Medium,warm_beige,3,4.0,coral,2,soft_blush,2,black,2,natural_concealer,1,6 hrs,high,509,simple,normal,normal,"Apply 3 layers (~4.0 ml) of warm_beige foundation, 2 layer of coral, 2 layers of soft_blush blush.",0
images/._379.jpg,Medium,beige,1,3.0,red,3,soft_blush,2,black,2,natural_concealer,2,10 hrs,high,2711,occasion,office,normal,"Apply 1 layers (~3.0 ml) of beige foundation, 3 layer of red, 2 layers of soft_blush blush.",0
images/._351.jpg,Medium,warm_beige,3,2.0,red,2,soft_blush,2,black,2,natural_concealer,2,12 hrs,low,1474,simple,normal,normal,"Apply 3 layers (~2.0 ml) of warm_beige foundation, 2 layer of red, 2 layers of soft_blush blush.",0
images/._437.jpg,Medium,warm_beige,1,5.0,coral,3,soft_blush,1,black,2,natural_concealer,2,8 hrs,high,1485,simple,normal,normal,"Apply 1 layers (~5.0 ml) of warm_beige foundation, 3 layer of coral, 1 layers of soft_blush blush.",0
images/._423.jpg,Medium,warm_beige,1,4.0,coral,2,soft_blush,2,black,1,natural_concealer,1,8 hrs,medium,2645,occasion,daily,normal,"Apply 1 layers (~4.0 ml) of warm_beige foundation, 2 layer of coral, 2 layers of soft_blush blush.",0
images/._345.jpg,Medium,warm_beige,2,5.0,red,2,soft_blush,1,black,1,natural_concealer,2,8 hrs,medium,1662,weather,normal,humid,"Apply 2 layers (~5.0 ml) of warm_beige foundation, 2 layer of red, 1 layers of soft_blush blush.",0
images/._392.jpg,Medium,warm_beige,2,4.0,red,1,soft_blush,1,black,1,natural_concealer,1,6 hrs,medium,2508,occasion,daily,normal,"Apply 2 layers (~4.0 ml) of warm_beige foundation, 1 layer of red, 1 layers of soft_blush blush.",0
images/._386.jpg,Medium,sand,2,5.0,nude,2,soft_blush,2,black,2,natural_concealer,2,6 hrs,low,2113,weather,normal,humid,"Apply 2 layers (~5.0 ml) of sand foundation, 2 layer of nude, 2 layers of soft_blush blush.",0
images/._91.jpg,Medium,beige,3,4.0,coral,1,soft_blush,2,black,3,natural_concealer,1,10 hrs,high,630,simple,normal,normal,"Apply 3 layers (~4.0 ml) of beige foundation, 1 layer of coral, 2 layers of soft_blush blush.",0
images/._609.jpg,Medium,sand,2,3.0,nude,3,soft_blush,1,black,1,natural_concealer,2,12 hrs,high,2611,simple,normal,normal,"Apply 2 layers (~3.0 ml) of sand foundation, 3 layer of nude, 1 layers of soft_blush blush.",0
images/._85.jpg,Medium,sand,1,3.0,coral,2,soft_blush,1,black,2,natural_concealer,1,6 hrs,medium,2422,occasion,daily,normal,"Apply 1 layers (~3.0 ml) of sand foundation, 2 layer of coral, 1 layers of soft_blush blush.",0
images/._635.jpg,Medium,warm_beige,1,5.0,red,1,soft_blush,1,black,3,natural_concealer,2,8 hrs,high,1137,simple,normal,normal,"Apply 1 layers (~5.0 ml) of warm_beige foundation, 1 layer of red, 1 layers of soft_blush blush.",0
images/._153.jpg,Medium,warm_beige,2,3.0,coral,1,soft_blush,1,black,2,natural_concealer,2,6 hrs,low,2970,simple,normal,normal,"Apply 2 layers (~3.0 ml) of warm_beige foundation, 1 layer of coral, 1 layers of soft_blush blush.",0
images/._147.jpg,Medium,beige,3,3.0,nude,2,soft_blush,1,black,2,natural_concealer,2,6 hrs,medium,1140,simple,normal,normal,"Apply 3 layers (~3.0 ml) of beige foundation, 2 layer of nude, 1 layers of soft_blush blush.",0
images/._621.jpg,Medium,warm_beige,3,4.0,red,3,soft_blush,1,black,3,natural_concealer,1,6 hrs,high,2391,simple,normal,normal,"Apply 3 layers (~4.0 ml) of warm_beige foundation, 3 layer of red, 1 layers of soft_blush blush.",0
images/._52.jpg,Medium,sand,1,3.0,red,1,soft_blush,1,black,1,natural_concealer,2,10 hrs,high,877,occasion,daily,normal,"Apply 1 layers (~3.0 ml) of sand foundation, 1 layer of red, 1 layers of soft_blush blush.",0
images/._46.jpg,Medium,beige,2,4.0,red,1,soft_blush,1,black,2,natural_concealer,1,10 hrs,low,2915,occasion,daily,normal,"Apply 2 layers (~4.0 ml) of beige foundation, 1 layer of red, 1 layers of soft_blush blush.",0
images/._190.jpg,Medium,sand,3,3.0,coral,3,soft_blush,1,black,1,natural_concealer,1,8 hrs,high,1219,simple,normal,normal,"Apply 3 layers (~3.0 ml) of sand foundation, 3 layer of coral, 1 layers of soft_blush blush.",0
images/._184.jpg,Medium,warm_beige,3,4.0,coral,2,soft_blush,1,black,3,natural_concealer,1,6 hrs,medium,2356,occasion,office,normal,"Apply 3 layers (~4.0 ml) of warm_beige foundation, 2 layer of coral, 1 layers of soft_blush blush.",0
images/41.jpg,Fair,matte_ivory,2,4.2,nude,1,soft_blush,2,black,1,natural_concealer,1,8 hrs,high,1534,weather,normal,hot,"Apply 2 layers (~4.0 ml) of matte_ivory foundation, 1 layer of nude, 2 layers of soft_blush blush.",0
images/359.jpg,Fair,ivory,2,4.1,bold_rose,2,soft_blush,2,black,2,natural_concealer,2,10 hrs,high,1745,occasion,party,normal,"Apply 2 layers (~4.0 ml) of ivory foundation, 2 layer of bold_rose, 2 layers of soft_blush blush.",0
images/41.jpg,Fair,matte_ivory,2,4.3,nude,1,soft_blush,2,black,1,natural_concealer,1,8 hrs,high,1525,weather,normal,hot,"Apply 2 layers (~4.0 ml) of matte_ivory foundation, 1 layer of nude, 2 layers of soft_blush blush.",0
images/41.jpg,Fair,matte_ivory,2,3.8,nude,1,soft_blush,2,black,1,natural_concealer,1,8 hrs,high,1482,weather,normal,hot,"Apply 2 layers (~4.0 ml) of matte_ivory foundation, 1 layer of nude, 2 layers of soft_blush blush.",0
images/41.jpg,Fair,matte_ivory,2,4.3,nude,1,soft_blush,2,black,1,natural_concealer,1,8 hrs,high,1518,weather,normal,hot,"Apply 2 layers (~4.0 ml) of matte_ivory foundation, 1 layer of nude, 2 layers of soft_blush blush.",0
images/167.jpg,Fair,porcelain,3,2.2,peach,1,soft_blush,1,black,2,natural_concealer,2,12 hrs,high,2452,weather,normal,cold,"Apply 3 layers (~2.0 ml) of porcelain foundation, 1 layer of peach, 1 layers of soft_blush blush.",0
images/167.jpg,Fair,porcelain,3,2.2,peach,1,soft_blush,1,black,2,natural_concealer,2,12 hrs,high,2416,weather,normal,cold,"Apply 3 layers (~2.0 ml) of porcelain foundation, 1 layer of peach, 1 layers of soft_blush blush.",0
images/gen_fair_0000.jpg,Fair,nude_ivory,1,2.4,rose,1,soft_coral_blush,1,espresso_black,3,fair_concealer,1,12 hrs,low,3161,weather,normal,humid,"Apply 1 layer (~2.4 ml) of nude_ivory foundation, 1 layer of rose lipstick, 1 layer of soft_coral_blush blush.",0
images/gen_fair_0001.jpg,Fair,alabaster,2,4.9,coral_pink,2,baby_pink_blush,1,brown,2,light_peach_concealer,2,8 hrs,high,2972,weather,daily,cold,"Apply 2 layers (~4.9 ml) of alabaster foundation, 2 layer of coral_pink lipstick, 1 layer of baby_pink_blush blush.",1
images/gen_fair_0002.jpg,Fair,shell,1,5.4,soft_berry,1,rose_blush,1,black,2,ivory_concealer,2,12 hrs,medium,2357,occasion,normal,humid,"Apply 1 layer (~5.4 ml) of shell foundation, 1 layer of soft_berry lipstick, 2 layer of rose_blush blush.",2
images/gen_fair_0003.jpg,Fair,linen,2,2.3,baby_pink,2,peach_blush,1,dark_brown,3,porcelain_concealer,2,10 hrs,high,729,weather,bridal,humid,"Apply 2 layers (~2.3 ml) of linen foundation, 1 layer of baby_pink lipstick, 2 layers of peach_blush blush.",3
images/gen_fair_0004.jpg,Fair,ivory,2,5.3,lilac_nude,1,cherry_blush,2,espresso_black,3,shell_concealer,2,8 hrs,low,2890,simple,normal,cold,"Apply 2 layers (~5.3 ml) of ivory foundation, 1 layer of lilac_nude lipstick, 2 layer of cherry_blush blush.",4
images/gen_fair_0005.jpg,Fair,matte_ivory,1,2.6,mauve,1,luminous_pink,2,espresso_black,3,porcelain_concealer,2,10 hrs,medium,956,occasion,bridal,hot,"Apply 1 layer (~2.6 ml) of matte_ivory foundation, 2 layer of mauve lipstick, 2 layer of luminous_pink blush.",5
images/gen_fair_0006.jpg,Fair,porcelain,1,2.8,blush_pink,2,cherry_blush,2,black,1,ivory_concealer,1,12 hrs,medium,1986,occasion,daily,hot,"Apply 1 layer (~2.8 ml) of porcelain foundation, 2 layer of blush_pink lipstick, 1 layer of cherry_blush blush.",6
images/gen_fair_0007.jpg,Fair,light_beige,3,5.3,dusty_rose,1,rose_blush,1,black,3,porcelain_concealer,2,10 hrs,high,2134,occasion,bridal,normal,"Apply 3 layers (~5.3 ml) of light_beige foundation, 1 layer of dusty_rose lipstick, 2 layers of rose_blush blush.",7
images/gen_fair_0008.jpg,Fair,snow_beige,1,2.5,peach,1,soft_coral_blush,1,black,2,fair_concealer,1,8 hrs,medium,2605,weather,bridal,normal,"Apply 1 layer (~2.5 ml) of snow_beige foundation, 1 layer of peach lipstick, 1 layer of soft_coral_blush blush.",8
images/gen_fair_0009.jpg,Fair,soft_porcelain,1,3.7,bold_rose,2,luminous_pink,2,black,2,fair_concealer,1,8 hrs,low,3176,simple,bridal,humid,"Apply 1 layer (~3.7 ml) of soft_porcelain foundation, 1 layer of bold_rose lipstick, 2 layers of luminous_pink blush.",9
images/gen_fair_0010.jpg,Fair,light_beige,3,2.9,blush_pink,2,soft_coral_blush,1,espresso_black,1,ivory_concealer,2,8 hrs,low,2754,weather,normal,normal,"Apply 3 layers (~2.9 ml) of light_beige foundation, 2 layer of blush_pink lipstick, 1 layers of soft_coral_blush blush.",0
images/gen_fair_0011.jpg,Fair,matte_ivory,1,5.2,coral_pink,2,luminous_pink,1,espresso_black,2,ivory_concealer,2,6 hrs,low,2363,simple,normal,normal,"Apply 1 layer (~5.2 ml) of matte_ivory foundation, 2 layer of coral_pink lipstick, 1 layer of luminous_pink blush.",1
images/gen_fair_0012.jpg,Fair,snow_beige,1,2.7,peach,1,peach_blush,1,espresso_black,3,shell_concealer,1,10 hrs,medium,1463,occasion,bridal,humid,"Apply 1 layer (~2.7 ml) of snow_beige foundation, 1 layer of peach lipstick, 1 layer of peach_blush blush.",2
images/gen_fair_0013.jpg,Fair,shell,1,1.6,blush_pink,2,cherry_blush,2,dark_brown,2,ivory_concealer,1,14 hrs,high,538,occasion,normal,hot,"Apply 1 layer (~1.6 ml) of shell foundation, 2 layer of blush_pink lipstick, 2 layer of cherry_blush blush.",3
images/gen_fair_0014.jpg,Fair,snow_beige,3,2.4,rose,1,rose_blush,2,dark_brown,3,light_peach_concealer,1,12 hrs,medium,1050,occasion,office,normal,"Apply 3 layers (~2.4 ml) of snow_beige foundation, 1 layer of rose lipstick, 2 layers of rose_blush blush.",4
images/gen_fair_0015.jpg,Fair,snow_beige,1,2.6,blush_pink,1,cherry_blush,2,dark_brown,2,shell_concealer,1,14 hrs,medium,514,occasion,normal,normal,"Apply 1 layer (~2.6 ml) of snow_beige foundation, 2 layer of blush_pink lipstick, 2 layer of cherry_blush blush.",5
images/gen_fair_0016.jpg,Fair,matte_ivory,3,4.4,baby_pink,1,peach_blush,2,dark_brown,2,shell_concealer,1,10 hrs,medium,1965,occasion,bridal,cold,"Apply 3 layers (~4.4 ml) of matte_ivory foundation, 1 layer of baby_pink lipstick, 2 layer of peach_blush blush.",6
images/gen_fair_0017.jpg,Fair,soft_porcelain,2,4.6,bold_rose,2,rose_blush,2,black,3,ivory_concealer,1,8 hrs,low,1592,simple,office,normal,"Apply 2 layers (~4.6 ml) of soft_porcelain foundation, 2 layer of bold_rose lipstick, 1 layer of rose_blush blush.",7
images/gen_fair_0018.jpg,Fair,light_beige,1,4.9,soft_berry,2,baby_pink_blush,2,dark_brown,2,ivory_concealer,1,6 hrs,low,1643,simple,normal,humid,"Apply 1 layer (~4.9 ml) of light_beige foundation, 1 layer of soft_berry lipstick, 1 layer of baby_pink_blush blush.",8
images/gen_fair_0019.jpg,Fair,matte_ivory,2,5.3,lilac_nude,2,baby_pink_blush,1,brown,2,fair_concealer,1,10 hrs,high,1543,occasion,normal,humid,"Apply 2 layers (~5.3 ml) of matte_ivory foundation, 2 layer of lilac_nude lipstick, 2 layers of baby_pink_blush blush.",9
images/gen_fair_0020.jpg,Fair,snow_beige,3,5.2,coral_pink,2,peach_blush,2,dark_brown,2,shell_concealer,2,6 hrs,low,1711,simple,party,normal,"Apply 3 layers (~5.2 ml) of snow_beige foundation, 2 layer of coral_pink lipstick, 1 layers of peach_blush blush.",0
images/gen_fair_0021.jpg,Fair,matte_ivory,3,5.3,lilac_nude,1,soft_coral_blush,2,dark_brown,3,porcelain_concealer,2,12 hrs,high,2404,weather,office,normal,"Apply 3 layers (~5.3 ml) of matte_ivory foundation, 1 layer of lilac_nude lipstick, 2 layers of soft_coral_blush blush.",1
images/gen_fair_0022.jpg,Fair,ivory,1,2.9,mauve,1,soft_coral_blush,1,dark_brown,1,fair_concealer,1,14 hrs,medium,1502,occasion,normal,hot,"Apply 1 layer (~2.9 ml) of ivory foundation, 1 layer of mauve lipstick, 2 layer of soft_coral_blush blush.",2
images/gen_fair_0023.jpg,Fair,alabaster,2,5.0,soft_berry,1,luminous_pink,1,black,3,ivory_concealer,2,14 hrs,medium,705,occasion,daily,normal,"Apply 2 layers (~5.0 ml) of alabaster foundation, 1 layer of soft_berry lipstick, 1 layers of luminous_pink blush.",3
images/gen_fair_0024.jpg,Fair,nude_ivory,1,4.7,lilac_nude,2,baby_pink_blush,2,espresso_black,2,shell_concealer,1,12 hrs,high,3111,weather,office,normal,"Apply 1 layer (~4.7 ml) of nude_ivory foundation, 2 layer of lilac_nude lipstick, 2 layer of baby_pink_blush blush.",4
images/gen_fair_0025.jpg,Fair,light_beige,2,3.3,mauve,1,baby_pink_blush,2,dark_brown,3,shell_concealer,1,14 hrs,high,1376,occasion,bridal,humid,"Apply 2 layers (~3.3 ml) of light_beige foundation, 1 layer of mauve lipstick, 1 layer of baby_pink_blush blush.",5
images/gen_fair_0026.jpg,Fair,porcelain,2,3.7,blush_pink,1,luminous_pink,2,espresso_black,2,shell_concealer,2,8 hrs,low,2216,simple,party,humid,"Apply 2 layers (~3.7 ml) of porcelain foundation, 1 layer of blush_pink lipstick, 2 layers of luminous_pink blush.",6
images/gen_fair_0027.jpg,Fair,alabaster,1,2.6,dusty_rose,2,cherry_blush,1,espresso_black,1,ivory_concealer,2,10 hrs,low,1055,weather,daily,normal,"Apply 1 layer (~2.6 ml) of alabaster foundation, 2 layer of dusty_rose lipstick, 1 layer of cherry_blush blush.",7
images/gen_fair_0028.jpg,Fair,snow_beige,2,2.8,coral_pink,1,baby_pink_blush,2,espresso_black,1,light_peach_concealer,1,12 hrs,high,3169,occasion,party,normal,"Apply 2 layers (~2.8 ml) of snow_beige foundation, 1 layer of coral_pink lipstick, 2 layer of baby_pink_blush blush.",8
images/gen_fair_0029.jpg,Fair,matte_ivory,1,2.4,soft_berry,2,cherry_blush,1,brown,3,shell_concealer,1,6 hrs,low,1170,simple,normal,hot,"Apply 1 layer (~2.4 ml) of matte_ivory foundation, 1 layer of soft_berry lipstick, 2 layers of cherry_blush blush.",9
images/gen_fair_0030.jpg,Fair,light_beige,3,4.2,rose,2,soft_coral_blush,2,black,3,fair_concealer,2,12 hrs,high,782,occasion,party,normal,"Apply 3 layers (~4.2 ml) of light_beige foundation, 2 layer of rose lipstick, 1 layer of soft_coral_blush blush.",0
images/gen_fair_0031.jpg,Fair,linen,2,1.9,bold_rose,2,luminous_pink,2,black,2,shell_concealer,1,10 hrs,high,854,weather,bridal,normal,"Apply 2 layers (~1.9 ml) of linen foundation, 2 layer of bold_rose lipstick, 2 layers of luminous_pink blush.",1
images/gen_fair_0032.jpg,Fair,snow_beige,1,2.1,bold_rose,2,luminous_pink,1,black,3,light_peach_concealer,1,10 hrs,high,850,occasion,daily,hot,"Apply 1 layer (~2.1 ml) of snow_beige foundation, 2 layer of bold_rose lipstick, 2 layers of luminous_pink blush.",2
images/gen_fair_0033.jpg,Fair,linen,3,4.5,soft_berry,2,peach_blush,2,brown,2,light_peach_concealer,2,8 hrs,low,2242,simple,party,humid,"Apply 3 layers (~4.5 ml) of linen foundation, 1 layer of soft_berry lipstick, 2 layer of peach_blush blush.",3
images/gen_fair_0034.jpg,Fair,light_beige,3,3.3,rose,1,cherry_blush,2,black,2,light_peach_concealer,2,10 hrs,medium,911,weather,daily,humid,"Apply 3 layers (~3.3 ml) of light_beige foundation, 1 layer of rose lipstick, 1 layer of cherry_blush blush.",4
images/gen_fair_0035.jpg,Fair,shell,1,1.5,peach,2,peach_blush,2,dark_brown,2,ivory_concealer,2,6 hrs,low,1895,simple,bridal,hot,"Apply 1 layer (~1.5 ml) of shell foundation, 2 layer of peach lipstick, 1 layer of peach_blush blush.",5
images/gen_fair_0036.jpg,Fair,soft_porcelain,2,4.0,peach,1,rose_blush,2,black,3,shell_concealer,1,6 hrs,low,2640,simple,normal,cold,"Apply 2 layers (~4.0 ml) of soft_porcelain foundation, 2 layer of peach lipstick, 1 layer of rose_blush blush.",6
images/gen_fair_0037.jpg,Fair,soft_porcelain,3,5.5,rose,1,rose_blush,1,black,1,light_peach_concealer,1,12 hrs,medium,2173,occasion,party,humid,"Apply 3 layers (~5.5 ml) of soft_porcelain foundation, 1 layer of rose lipstick, 1 layer of rose_blush blush.",7
images/gen_fair_0038.jpg,Fair,linen,1,2.4,rose,1,cherry_blush,1,black,2,light_peach_concealer,1,14 hrs,high,792,occasion,party,humid,"Apply 1 layer (~2.4 ml) of linen foundation, 1 layer of rose lipstick, 2 layer of cherry_blush blush.",8
images/gen_fair_0039.jpg,Fair,shell,3,4.1,coral_pink,2,baby_pink_blush,2,espresso_black,1,porcelain_concealer,1,8 hrs,low,1437,simple,office,cold,"Apply 3 layers (~4.1 ml) of shell foundation, 1 layer of coral_pink lipstick, 1 layers of baby_pink_blush blush.",9
images/gen_fair_0040.jpg,Fair,nude_ivory,3,1.7,soft_berry,2,baby_pink_blush,2,black,2,shell_concealer,2,8 hrs,medium,1815,weather,daily,humid,"Apply 3 layers (~1.7 ml) of nude_ivory foundation, 2 layer of soft_berry lipstick, 2 layer of baby_pink_blush blush.",0
images/gen_fair_0041.jpg,Fair,alabaster,2,4.3,baby_pink,1,peach_blush,2,espresso_black,3,fair_concealer,1,10 hrs,high,3193,weather,normal,humid,"Apply 2 layers (~4.3 ml) of alabaster foundation, 2 layer of baby_pink lipstick, 2 layers of peach_blush blush.",1
images/gen_fair_0042.jpg,Fair,linen,1,2.4,peach,2,rose_blush,1,dark_brown,1,shell_concealer,1,10 hrs,high,1148,weather,party,hot,"Apply 1 layer (~2.4 ml) of linen foundation, 1 layer of peach lipstick, 2 layers of rose_blush blush.",2
images/gen_fair_0043.jpg,Fair,ivory,2,1.9,bold_rose,2,luminous_pink,1,dark_brown,2,shell_concealer,1,10 hrs,high,2071,occasion,normal,normal,"Apply 2 layers (~1.9 ml) of ivory foundation, 2 layer of bold_rose lipstick, 2 layers of luminous_pink blush.",3
images/gen_fair_0044.jpg,Fair,snow_beige,1,2.7,baby_pink,2,baby_pink_blush,2,brown,2,light_peach_concealer,2,8 hrs,low,2760,simple,daily,hot,"Apply 1 layer (~2.7 ml) of snow_beige foundation, 2 layer of baby_pink lipstick, 2 layer of baby_pink_blush blush.",4
images/gen_fair_0045.jpg,Fair,alabaster,1,5.4,blush_pink,1,luminous_pink,2,brown,1,light_peach_concealer,1,8 hrs,high,2557,weather,party,humid,"Apply 1 layer (~5.4 ml) of alabaster foundation, 2 layer of blush_pink lipstick, 2 layers of luminous_pink blush.",5
images/gen_fair_0046.jpg,Fair,matte_ivory,1,3.6,coral_pink,2,cherry_blush,1,black,2,fair_concealer,2,10 hrs,low,1797,weather,bridal,normal,"Apply 1 layer (~3.6 ml) of matte_ivory foundation, 2 layer of coral_pink lipstick, 2 layers of cherry_blush blush.",6
images/gen_fair_0047.jpg,Fair,ivory,1,2.9,coral_pink,1,peach_blush,2,brown,1,porcelain_concealer,2,8 hrs,high,1968,weather,party,hot,"Apply 1 layer (~2.9 ml) of ivory foundation, 1 layer of coral_pink lipstick, 2 layer of peach_blush blush.",7
images/gen_fair_0048.jpg,Fair,matte_ivory,1,2.5,rose,1,soft_coral_blush,2,espresso_black,3,shell_concealer,2,10 hrs,medium,2382,occasion,bridal,hot,"Apply 1 layer (~2.5 ml) of matte_ivory foundation, 1 layer of rose lipstick, 2 layer of soft_coral_blush blush.",8
images/gen_fair_0049.jpg,Fair,snow_beige,3,3.7,lilac_nude,2,baby_pink_blush,2,espresso_black,1,light_peach_concealer,1,10 hrs,high,2062,occasion,party,humid,"Apply 3 layers (~3.7 ml) of snow_beige foundation, 2 layer of lilac_nude lipstick, 2 layer of baby_pink_blush blush.",9
images/gen_fair_0050.jpg,Fair,shell,1,5.4,peach,2,soft_coral_blush,1,brown,3,shell_concealer,1,12 hrs,medium,3043,weather,bridal,humid,"Apply 1 layer (~5.4 ml) of shell foundation, 2 layer of peach lipstick, 2 layer of soft_coral_blush blush.",0
images/gen_fair_0051.jpg,Fair,matte_ivory,2,4.7,rose,2,baby_pink_blush,2,dark_brown,1,porcelain_concealer,2,10 hrs,high,2473,occasion,office,normal,"Apply 2 layers (~4.7 ml) of matte_ivory foundation, 1 layer of rose lipstick, 1 layer of baby_pink_blush blush.",1
images/gen_fair_0052.jpg,Fair,nude_ivory,1,2.1,dusty_rose,2,peach_blush,2,espresso_black,3,fair_concealer,2,10 hrs,high,3115,occasion,daily,normal,"Apply 1 layer (~2.1 ml) of nude_ivory foundation, 2 layer of dusty_rose lipstick, 1 layers of peach_blush blush.",2
images/gen_fair_0053.jpg,Fair,ivory,1,2.9,soft_berry,1,cherry_blush,2,dark_brown,2,porcelain_concealer,1,12 hrs,medium,898,occasion,daily,hot,"Apply 1 layer (~2.9 ml) of ivory foundation, 1 layer of soft_berry lipstick, 1 layer of cherry_blush blush.",3
images/gen_fair_0054.jpg,Fair,soft_porcelain,1,2.5,bold_rose,2,luminous_pink,1,brown,2,porcelain_concealer,2,8 hrs,low,1467,simple,daily,hot,"Apply 1 layer (~2.5 ml) of soft_porcelain foundation, 2 layer of bold_rose lipstick, 2 layer of luminous_pink blush.",4
images/gen_fair_0055.jpg,Fair,ivory,3,3.7,blush_pink,1,cherry_blush,1,brown,3,fair_concealer,1,10 hrs,high,2901,occasion,normal,cold,"Apply 3 layers (~3.7 ml) of ivory foundation, 2 layer of blush_pink lipstick, 1 layer of cherry_blush blush.",5
images/gen_fair_0056.jpg,Fair,matte_ivory,2,3.7,baby_pink,2,baby_pink_blush,1,black,3,fair_concealer,2,6 hrs,low,564,simple,office,cold,"Apply 2 layers (~3.7 ml) of matte_ivory foundation, 1 layer of baby_pink lipstick, 1 layer of baby_pink_blush blush.",6
images/gen_fair_0057.jpg,Fair,ivory,1,4.5,soft_berry,1,luminous_pink,2,dark_brown,2,shell_concealer,1,6 hrs,low,749,simple,bridal,normal,"Apply 1 layer (~4.5 ml) of ivory foundation, 1 layer of soft_berry lipstick, 2 layer of luminous_pink blush.",7
images/gen_fair_0058.jpg,Fair,ivory,2,4.3,dusty_rose,2,soft_coral_blush,2,black,2,fair_concealer,2,12 hrs,medium,906,occasion,office,humid,"Apply 2 layers (~4.3 ml) of ivory foundation, 1 layer of dusty_rose lipstick, 2 layers of soft_coral_blush blush.",8
images/gen_fair_0059.jpg,Fair,linen,2,5.1,coral_pink,2,luminous_pink,1,brown,3,light_peach_concealer,2,10 hrs,medium,774,weather,normal,normal,"Apply 2 layers (~5.1 ml) of linen foundation, 2 layer of coral_pink lipstick, 2 layers of luminous_pink blush.",9
images/gen_fair_0060.jpg,Fair,matte_ivory,2,1.9,baby_pink,1,peach_blush,2,dark_brown,3,fair_concealer,2,8 hrs,low,1940,simple,normal,normal,"Apply 2 layers (~1.9 ml) of matte_ivory foundation, 2 layer of baby_pink lipstick, 2 layers of peach_blush blush.",0
images/gen_fair_0061.jpg,Fair,snow_beige,1,1.8,baby_pink,2,baby_pink_blush,1,brown,1,light_peach_concealer,2,6 hrs,low,1765,simple,daily,hot,"Apply 1 layer (~1.8 ml) of snow_beige foundation, 1 layer of baby_pink lipstick, 2 layer of baby_pink_blush blush.",1
images/gen_fair_0062.jpg,Fair,matte_ivory,1,3.8,peach,1,peach_blush,2,black,2,porcelain_concealer,2,12 hrs,medium,2824,occasion,bridal,normal,"Apply 1 layer (~3.8 ml) of matte_ivory foundation, 2 layer of peach lipstick, 2 layers of peach_blush blush.",2
images/gen_fair_0063.jpg,Fair,alabaster,2,4.7,soft_berry,2,soft_coral_blush,2,espresso_black,1,porcelain_concealer,2,10 hrs,medium,2929,weather,normal,cold,"Apply 2 layers (~4.7 ml) of alabaster foundation, 2 layer of soft_berry lipstick, 1 layer of soft_coral_blush blush.",3
images/gen_fair_0064.jpg,Fair,matte_ivory,2,3.0,mauve,1,baby_pink_blush,1,dark_brown,2,fair_concealer,1,12 hrs,medium,2549,occasion,office,cold,"Apply 2 layers (~3.0 ml) of matte_ivory foundation, 1 layer of mauve lipstick, 2 layers of baby_pink_blush blush.",4
images/gen_fair_0065.jpg,Fair,ivory,3,1.7,dusty_rose,1,soft_coral_blush,2,espresso_black,1,shell_concealer,2,8 hrs,medium,1203,weather,bridal,normal,"Apply 3 layers (~1.7 ml) of ivory foundation, 2 layer of dusty_rose lipstick, 2 layers of soft_coral_blush blush.",5
images/gen_fair_0066.jpg,Fair,nude_ivory,1,1.9,rose,1,luminous_pink,1,dark_brown,3,light_peach_concealer,1,12 hrs,medium,1931,weather,party,hot,"Apply 1 layer (~1.9 ml) of nude_ivory foundation, 1 layer of rose lipstick, 2 layer of luminous_pink blush.",6
images/gen_fair_0067.jpg,Fair,matte_ivory,1,1.8,soft_berry,2,luminous_pink,1,espresso_black,2,shell_concealer,2,10 hrs,medium,3086,occasion,office,hot,"Apply 1 layer (~1.8 ml) of matte_ivory foundation, 2 layer of soft_berry lipstick, 2 layer of luminous_pink blush.",7
images/gen_fair_0068.jpg,Fair,porcelain,3,1.8,peach,1,baby_pink_blush,2,dark_brown,3,fair_concealer,1,12 hrs,high,1816,occasion,party,normal,"Apply 3 layers (~1.8 ml) of porcelain foundation, 1 layer of peach lipstick, 2 layers of baby_pink_blush blush.",8
images/gen_fair_0069.jpg,Fair,ivory,1,2.8,baby_pink,1,cherry_blush,2,black,2,fair_concealer,2,10 hrs,high,2086,weather,party,hot,"Apply 1 layer (~2.8 ml) of ivory foundation, 1 layer of baby_pink lipstick, 2 layers of cherry_blush blush.",9
images/gen_fair_0070.jpg,Fair,shell,1,2.8,mauve,2,cherry_blush,2,black,1,light_peach_concealer,1,14 hrs,high,1768,occasion,party,normal,"Apply 1 layer (~2.8 ml) of shell foundation, 1 layer of mauve lipstick, 1 layers of cherry_blush blush.",0
images/gen_fair_0071.jpg,Fair,snow_beige,2,4.6,peach,1,baby_pink_blush,1,dark_brown,1,ivory_concealer,1,10 hrs,high,816,weather,party,cold,"Apply 2 layers (~4.6 ml) of snow_beige foundation, 1 layer of peach lipstick, 2 layers of baby_pink_blush blush.",1
images/gen_fair_0072.jpg,Fair,matte_ivory,3,2.0,bold_rose,1,cherry_blush,2,black,3,porcelain_concealer,2,12 hrs,medium,2338,occasion,party,normal,"Apply 3 layers (~2.0 ml) of matte_ivory foundation, 1 layer of bold_rose lipstick, 2 layers of cherry_blush blush.",2
images/gen_fair_0073.jpg,Fair,snow_beige,1,2.7,lilac_nude,1,luminous_pink,1,espresso_black,2,light_peach_concealer,1,6 hrs,low,3126,simple,daily,hot,"Apply 1 layer (~2.7 ml) of snow_beige foundation, 2 layer of lilac_nude lipstick, 2 layer of luminous_pink blush.",3
images/gen_fair_0074.jpg,Fair,linen,1,2.6,baby_pink,1,rose_blush,2,espresso_black,1,fair_concealer,2,10 hrs,high,2556,occasion,normal,normal,"Apply 1 layer (~2.6 ml) of linen foundation, 1 layer of baby_pink lipstick, 2 layers of rose_blush blush.",4
images/gen_fair_0075.jpg,Fair,snow_beige,2,2.4,bold_rose,2,rose_blush,1,brown,1,light_peach_concealer,1,12 hrs,medium,1548,occasion,office,humid,"Apply 2 layers (~2.4 ml) of snow_beige foundation, 2 layer of bold_rose lipstick, 1 layers of rose_blush blush.",5
images/gen_fair_0076.jpg,Fair,shell,1,4.6,rose,2,peach_blush,1,black,3,porcelain_concealer,1,6 hrs,low,1088,simple,office,humid,"Apply 1 layer (~4.6 ml) of shell foundation, 2 layer of rose lipstick, 1 layer of peach_blush blush.",6
images/gen_fair_0077.jpg,Fair,ivory,2,2.5,baby_pink,1,baby_pink_blush,2,brown,2,shell_concealer,2,12 hrs,medium,566,occasion,normal,normal,"Apply 2 layers (~2.5 ml) of ivory foundation, 1 layer of baby_pink lipstick, 2 layers of baby_pink_blush blush.",7
images/gen_fair_0078.jpg,Fair,matte_ivory,2,4.9,peach,1,baby_pink_blush,1,dark_brown,3,ivory_concealer,2,14 hrs,high,651,occasion,bridal,cold,"Apply 2 layers (~4.9 ml) of matte_ivory foundation, 2 layer of peach lipstick, 2 layer of baby_pink_blush blush.",8
images/gen_fair_0079.jpg,Fair,nude_ivory,1,2.8,soft_berry,2,baby_pink_blush,2,brown,1,ivory_concealer,2,12 hrs,high,2289,occasion,bridal,normal,"Apply 1 layer (~2.8 ml) of nude_ivory foundation, 2 layer of soft_berry lipstick, 2 layer of baby_pink_blush blush.",9
images/gen_fair_0080.jpg,Fair,nude_ivory,1,3.5,mauve,2,peach_blush,1,espresso_black,1,fair_concealer,2,12 hrs,high,1710,occasion,party,humid,"Apply 1 layer (~3.5 ml) of nude_ivory foundation, 2 layer of mauve lipstick, 1 layers of peach_blush blush.",0
images/gen_fair_0081.jpg,Fair,snow_beige,3,3.3,lilac_nude,1,luminous_pink,1,dark_brown,1,fair_concealer,2,12 hrs,medium,642,occasion,bridal,humid,"Apply 3 layers (~3.3 ml) of snow_beige foundation, 1 layer of lilac_nude lipstick, 2 layers of luminous_pink blush.",1
images/gen_fair_0082.jpg,Fair,soft_porcelain,1,2.1,bold_rose,1,cherry_blush,2,espresso_black,2,light_peach_concealer,2,6 hrs,low,3160,simple,normal,hot,"Apply 1 layer (~2.1 ml) of soft_porcelain foundation, 2 layer of bold_rose lipstick, 2 layer of cherry_blush blush.",2
images/gen_fair_0083.jpg,Fair,nude_ivory,3,2.2,rose,1,baby_pink_blush,1,dark_brown,1,porcelain_concealer,1,14 hrs,high,2351,occasion,office,normal,"Apply 3 layers (~2.2 ml) of nude_ivory foundation, 1 layer of rose lipstick, 2 layers of baby_pink_blush blush.",3
images/gen_fair_0084.jpg,Fair,snow_beige,3,5.4,rose,1,soft_coral_blush,1,dark_brown,1,light_peach_concealer,1,8 hrs,low,1469,simple,party,normal,"Apply 3 layers (~5.4 ml) of snow_beige foundation, 1 layer of rose lipstick, 1 layers of soft_coral_blush blush.",4
images/gen_fair_0085.jpg,Fair,shell,2,4.5,coral_pink,1,cherry_blush,2,espresso_black,3,shell_concealer,1,10 hrs,medium,2343,occasion,normal,cold,"Apply 2 layers (~4.5 ml) of shell foundation, 2 layer of coral_pink lipstick, 2 layer of cherry_blush blush.",5
images/gen_fair_0086.jpg,Fair,nude_ivory,2,4.9,peach,1,peach_blush,2,black,3,light_peach_concealer,2,10 hrs,high,823,occasion,bridal,cold,"Apply 2 layers (~4.9 ml) of nude_ivory foundation, 1 layer of peach lipstick, 1 layers of peach_blush blush.",6
images/gen_fair_0087.jpg,Fair,matte_ivory,2,4.3,lilac_nude,1,cherry_blush,2,dark_brown,3,shell_concealer,1,10 hrs,medium,2843,occasion,bridal,cold,"Apply 2 layers (~4.3 ml) of matte_ivory foundation, 1 layer of lilac_nude lipstick, 1 layer of cherry_blush blush.",7
images/gen_fair_0088.jpg,Fair,linen,3,3.7,blush_pink,1,cherry_blush,2,espresso_black,2,light_peach_concealer,2,14 hrs,high,2402,occasion,daily,normal,"Apply 3 layers (~3.7 ml) of linen foundation, 2 layer of blush_pink lipstick, 1 layer of cherry_blush blush.",8
images/gen_fair_0089.jpg,Fair,alabaster,1,2.0,bold_rose,2,baby_pink_blush,2,brown,1,light_peach_concealer,1,8 hrs,low,896,simple,bridal,hot,"Apply 1 layer (~2.0 ml) of alabaster foundation, 1 layer of bold_rose lipstick, 2 layer of baby_pink_blush blush.",9
images/gen_fair_0090.jpg,Fair,snow_beige,3,3.2,lilac_nude,2,cherry_blush,2,dark_brown,2,ivory_concealer,1,6 hrs,low,868,simple,bridal,humid,"Apply 3 layers (~3.2 ml) of snow_beige foundation, 1 layer of lilac_nude lipstick, 2 layers of cherry_blush blush.",0
images/gen_fair_0091.jpg,Fair,shell,1,3.8,soft_berry,1,soft_coral_blush,2,espresso_black,3,light_peach_concealer,2,10 hrs,medium,2151,occasion,bridal,humid,"Apply 1 layer (~3.8 ml) of shell foundation, 1 layer of soft_berry lipstick, 1 layers of soft_coral_blush blush.",1
images/gen_fair_0092.jpg,Fair,ivory,3,3.7,coral_pink,1,soft_coral_blush,2,espresso_black,2,shell_concealer,2,12 hrs,high,2784,occasion,office,humid,"Apply 3 layers (~3.7 ml) of ivory foundation, 2 layer of coral_pink lipstick, 1 layer of soft_coral_blush blush.",2
images/gen_fair_0093.jpg,Fair,snow_beige,1,1.6,soft_berry,1,soft_coral_blush,2,espresso_black,3,ivory_concealer,2,10 hrs,medium,2931,occasion,normal,hot,"Apply 1 layer (~1.6 ml) of snow_beige foundation, 1 layer of soft_berry lipstick, 2 layers of soft_coral_blush blush.",3
images/gen_fair_0094.jpg,Fair,snow_beige,2,3.4,rose,1,luminous_pink,2,dark_brown,1,fair_concealer,2,10 hrs,high,1105,occasion,normal,humid,"Apply 2 layers (~3.4 ml) of snow_beige foundation, 2 layer of rose lipstick, 2 layer of luminous_pink blush.",4
images/gen_fair_0095.jpg,Fair,light_beige,1,2.0,coral_pink,2,soft_coral_blush,2,espresso_black,2,fair_concealer,1,8 hrs,medium,2382,weather,office,hot,"Apply 1 layer (~2.0 ml) of light_beige foundation, 1 layer of coral_pink lipstick, 1 layers of soft_coral_blush blush.",5
images/gen_fair_0096.jpg,Fair,nude_ivory,3,3.4,mauve,2,rose_blush,2,dark_brown,3,light_peach_concealer,2,8 hrs,medium,1678,weather,bridal,humid,"Apply 3 layers (~3.4 ml) of nude_ivory foundation, 1 layer of mauve lipstick, 2 layers of rose_blush blush.",6
images/gen_fair_0097.jpg,Fair,shell,2,4.8,peach,1,baby_pink_blush,1,brown,3,light_peach_concealer,2,6 hrs,low,2802,simple,daily,humid,"Apply 2 layers (~4.8 ml) of shell foundation, 2 layer of peach lipstick, 2 layers of baby_pink_blush blush.",7
images/gen_fair_0098.jpg,Fair,nude_ivory,1,1.9,blush_pink,2,cherry_blush,1,black,3,fair_concealer,1,8 hrs,high,521,weather,bridal,hot,"Apply 1 layer (~1.9 ml) of nude_ivory foundation, 1 layer of blush_pink lipstick, 2 layers of cherry_blush blush.",8
images/gen_fair_0099.jpg,Fair,shell,2,4.1,peach,1,peach_blush,1,black,2,shell_concealer,2,10 hrs,medium,1263,weather,office,normal,"Apply 2 layers (~4.1 ml) of shell foundation, 1 layer of peach lipstick, 1 layers of peach_blush blush.",9
images/gen_fair_0100.jpg,Fair,linen,1,1.7,baby_pink,1,soft_coral_blush,2,espresso_black,1,ivory_concealer,2,10 hrs,medium,3155,weather,bridal,hot,"Apply 1 layer (~1.7 ml) of linen foundation, 2 layer of baby_pink lipstick, 2 layer of soft_coral_blush blush.",0
images/gen_fair_0101.jpg,Fair,soft_porcelain,2,3.8,coral_pink,1,luminous_pink,2,dark_brown,2,fair_concealer,1,10 hrs,medium,527,occasion,party,normal,"Apply 2 layers (~3.8 ml) of soft_porcelain foundation, 2 layer of coral_pink lipstick, 1 layer of luminous_pink blush.",1
images/gen_fair_0102.jpg,Fair,shell,1,2.0,dusty_rose,1,cherry_blush,2,black,3,fair_concealer,2,14 hrs,medium,980,occasion,daily,hot,"Apply 1 layer (~2.0 ml) of shell foundation, 1 layer of dusty_rose lipstick, 2 layers of cherry_blush blush.",2
images/gen_fair_0103.jpg,Fair,snow_beige,3,3.4,coral_pink,2,cherry_blush,2,espresso_black,1,shell_concealer,1,12 hrs,high,752,weather,bridal,cold,"Apply 3 layers (~3.4 ml) of snow_beige foundation, 1 layer of coral_pink lipstick, 1 layer of cherry_blush blush.",3
images/gen_fair_0104.jpg,Fair,soft_porcelain,3,3.3,soft_berry,2,peach_blush,1,espresso_black,3,fair_concealer,2,8 hrs,high,1762,weather,daily,cold,"Apply 3 layers (~3.3 ml) of soft_porcelain foundation, 2 layer of soft_berry lipstick, 1 layers of peach_blush blush.",4
images/gen_fair_0105.jpg,Fair,porcelain,1,4.5,coral_pink,1,baby_pink_blush,2,brown,2,shell_concealer,1,12 hrs,low,1054,weather,normal,humid,"Apply 1 layer (~4.5 ml) of porcelain foundation, 1 layer of coral_pink lipstick, 1 layers of baby_pink_blush blush.",5
images/gen_fair_0106.jpg,Fair,ivory,2,5.0,baby_pink,1,rose_blush,1,dark_brown,1,fair_concealer,2,10 hrs,medium,2396,weather,party,normal,"Apply 2 layers (~5.0 ml) of ivory foundation, 1 layer of baby_pink lipstick, 2 layer of rose_blush blush.",6
images/gen_fair_0107.jpg,Fair,shell,1,2.5,blush_pink,1,cherry_blush,1,brown,1,fair_concealer,1,10 hrs,low,2328,weather,daily,normal,"Apply 1 layer (~2.5 ml) of shell foundation, 2 layer of blush_pink lipstick, 1 layer of cherry_blush blush.",7
images/gen_fair_0108.jpg,Fair,nude_ivory,1,2.3,mauve,1,rose_blush,1,dark_brown,2,shell_concealer,2,8 hrs,low,1627,weather,normal,hot,"Apply 1 layer (~2.3 ml) of nude_ivory foundation, 2 layer of mauve lipstick, 1 layers of rose_blush blush.",8
images/gen_fair_0109.jpg,Fair,snow_beige,1,2.3,coral_pink,2,soft_coral_blush,1,dark_brown,3,porcelain_concealer,2,6 hrs,low,1487,simple,daily,hot,"Apply 1 layer (~2.3 ml) of snow_beige foundation, 2 layer of coral_pink lipstick, 1 layers of soft_coral_blush blush.",9
images/gen_fair_0110.jpg,Fair,nude_ivory,1,2.3,baby_pink,1,rose_blush,2,espresso_black,2,ivory_concealer,1,8 hrs,low,2693,simple,bridal,hot,"Apply 1 layer (~2.3 ml) of nude_ivory foundation, 2 layer of baby_pink lipstick, 1 layers of rose_blush blush.",0
images/gen_fair_0111.jpg,Fair,ivory,2,4.2,blush_pink,1,soft_coral_blush,1,black,1,porcelain_concealer,1,12 hrs,low,2461,weather,office,humid,"Apply 2 layers (~4.2 ml) of ivory foundation, 1 layer of blush_pink lipstick, 2 layers of soft_coral_blush blush.",1
images/gen_fair_0112.jpg,Fair,alabaster,1,2.3,soft_berry,2,soft_coral_blush,1,dark_brown,3,light_peach_concealer,2,8 hrs,low,1811,simple,daily,hot,"Apply 1 layer (~2.3 ml) of alabaster foundation, 2 layer of soft_berry lipstick, 2 layers of soft_coral_blush blush.",2
images/gen_fair_0113.jpg,Fair,shell,2,4.9,baby_pink,1,soft_coral_blush,2,espresso_black,3,light_peach_concealer,1,6 hrs,low,2545,simple,bridal,cold,"Apply 2 layers (~4.9 ml) of shell foundation, 1 layer of baby_pink lipstick, 1 layers of soft_coral_blush blush.",3
images/gen_fair_0114.jpg,Fair,matte_ivory,3,4.1,dusty_rose,1,rose_blush,1,black,3,shell_concealer,1,10 hrs,medium,526,weather,bridal,normal,"Apply 3 layers (~4.1 ml) of matte_ivory foundation, 2 layer of dusty_rose lipstick, 1 layer of rose_blush blush.",4
images/gen_fair_0115.jpg,Fair,porcelain,1,1.8,lilac_nude,1,cherry_blush,1,espresso_black,3,porcelain_concealer,2,12 hrs,high,2694,occasion,office,hot,"Apply 1 layer (~1.8 ml) of porcelain foundation, 1 layer of lilac_nude lipstick, 1 layers of cherry_blush blush.",5
images/gen_fair_0116.jpg,Fair,light_beige,1,5.2,blush_pink,2,soft_coral_blush,2,dark_brown,2,light_peach_concealer,1,14 hrs,medium,1425,occasion,bridal,humid,"Apply 1 layer (~5.2 ml) of light_beige foundation, 2 layer of blush_pink lipstick, 2 layer of soft_coral_blush blush.",6
images/gen_fair_0117.jpg,Fair,porcelain,2,3.0,peach,1,cherry_blush,1,black,1,fair_concealer,1,14 hrs,high,2821,occasion,office,normal,"Apply 2 layers (~3.0 ml) of porcelain foundation, 2 layer of peach lipstick, 2 layers of cherry_blush blush.",7
images/gen_fair_0118.jpg,Fair,matte_ivory,3,5.2,dusty_rose,2,peach_blush,1,black,3,shell_concealer,1,14 hrs,medium,2821,occasion,office,normal,"Apply 3 layers (~5.2 ml) of matte_ivory foundation, 1 layer of dusty_rose lipstick, 2 layer of peach_blush blush.",8
images/gen_fair_0119.jpg,Fair,ivory,2,4.3,coral_pink,2,rose_blush,2,brown,2,light_peach_concealer,1,12 hrs,medium,1957,occasion,daily,cold,"Apply 2 layers (~4.3 ml) of ivory foundation, 2 layer of coral_pink lipstick, 2 layer of rose_blush blush.",9
images/gen_fair_0120.jpg,Fair,light_beige,3,3.2,rose,2,peach_blush,2,dark_brown,1,ivory_concealer,1,12 hrs,medium,521,weather,party,cold,"Apply 3 layers (~3.2 ml) of light_beige foundation, 2 layer of rose lipstick, 1 layers of peach_blush blush.",0
images/gen_fair_0121.jpg,Fair,ivory,2,4.1,peach,1,peach_blush,2,dark_brown,2,shell_concealer,2,14 hrs,high,846,occasion,party,cold,"Apply 2 layers (~4.1 ml) of ivory foundation, 1 layer of peach lipstick, 2 layers of peach_blush blush.",1
images/gen_fair_0122.jpg,Fair,matte_ivory,2,3.7,rose,1,rose_blush,2,espresso_black,2,light_peach_concealer,1,10 hrs,medium,3060,weather,daily,cold,"Apply 2 layers (~3.7 ml) of matte_ivory foundation, 2 layer of rose lipstick, 2 layers of rose_blush blush.",2
images/gen_fair_0123.jpg,Fair,soft_porcelain,1,1.5,coral_pink,2,baby_pink_blush,1,espresso_black,2,light_peach_concealer,2,12 hrs,high,1227,occasion,daily,hot,"Apply 1 layer (~1.5 ml) of soft_porcelain foundation, 2 layer of coral_pink lipstick, 1 layers of baby_pink_blush blush.",3
images/gen_fair_0124.jpg,Fair,ivory,3,3.9,lilac_nude,2,rose_blush,2,black,3,shell_concealer,1,12 hrs,high,2175,occasion,daily,cold,"Apply 3 layers (~3.9 ml) of ivory foundation, 1 layer of lilac_nude lipstick, 2 layer of rose_blush blush.",4
images/gen_fair_0125.jpg,Fair,alabaster,1,2.5,coral_pink,1,peach_blush,2,espresso_black,3,shell_concealer,1,8 hrs,high,947,weather,party,humid,"Apply 1 layer (~2.5 ml) of alabaster foundation, 2 layer of coral_pink lipstick, 2 layers of peach_blush blush.",5
images/gen_fair_0126.jpg,Fair,snow_beige,1,2.3,coral_pink,2,peach_blush,2,brown,2,fair_concealer,2,8 hrs,low,2910,simple,bridal,hot,"Apply 1 layer (~2.3 ml) of snow_beige foundation, 2 layer of coral_pink lipstick, 1 layer of peach_blush blush.",6
images/gen_fair_0127.jpg,Fair,ivory,1,3.4,rose,1,cherry_blush,2,black,2,light_peach_concealer,2,10 hrs,medium,899,weather,daily,humid,"Apply 1 layer (~3.4 ml) of ivory foundation, 2 layer of rose lipstick, 2 layers of cherry_blush blush.",7
images/gen_fair_0128.jpg,Fair,matte_ivory,2,3.1,blush_pink,2,soft_coral_blush,1,black,2,shell_concealer,1,12 hrs,medium,1263,occasion,office,cold,"Apply 2 layers (~3.1 ml) of matte_ivory foundation, 1 layer of blush_pink lipstick, 2 layers of soft_coral_blush blush.",8
images/gen_fair_0129.jpg,Fair,alabaster,1,1.8,peach,1,cherry_blush,2,black,2,ivory_concealer,1,12 hrs,medium,2374,weather,party,hot,"Apply 1 layer (~1.8 ml) of alabaster foundation, 2 layer of peach lipstick, 1 layer of cherry_blush blush.",9
images/gen_fair_0130.jpg,Fair,soft_porcelain,3,5.4,coral_pink,2,soft_coral_blush,1,espresso_black,3,shell_concealer,2,8 hrs,low,3016,simple,bridal,humid,"Apply 3 layers (~5.4 ml) of soft_porcelain foundation, 1 layer of coral_pink lipstick, 2 layers of soft_coral_blush blush.",0
images/gen_fair_0131.jpg,Fair,snow_beige,1,2.5,bold_rose,1,soft_coral_blush,2,espresso_black,3,porcelain_concealer,1,8 hrs,low,2772,weather,normal,humid,"Apply 1 layer (~2.5 ml) of snow_beige foundation, 1 layer of bold_rose lipstick, 2 layers of soft_coral_blush blush.",1
images/gen_fair_0132.jpg,Fair,porcelain,3,4.5,soft_berry,2,rose_blush,2,black,2,porcelain_concealer,1,8 hrs,low,838,simple,party,cold,"Apply 3 layers (~4.5 ml) of porcelain foundation, 2 layer of soft_berry lipstick, 2 layers of rose_blush blush.",2
images/gen_fair_0133.jpg,Fair,matte_ivory,1,2.6,soft_berry,2,soft_coral_blush,1,espresso_black,3,shell_concealer,2,12 hrs,medium,2737,weather,normal,humid,"Apply 1 layer (~2.6 ml) of matte_ivory foundation, 1 layer of soft_berry lipstick, 1 layers of soft_coral_blush blush.",3
images/gen_fair_0134.jpg,Fair,shell,3,4.8,peach,1,luminous_pink,1,dark_brown,3,light_peach_concealer,2,6 hrs,low,2999,simple,party,normal,"Apply 3 layers (~4.8 ml) of shell foundation, 1 layer of peach lipstick, 2 layer of luminous_pink blush.",4
images/gen_fair_0135.jpg,Fair,soft_porcelain,2,4.4,baby_pink,1,rose_blush,2,dark_brown,1,light_peach_concealer,2,12 hrs,medium,3186,weather,party,cold,"Apply 2 layers (~4.4 ml) of soft_porcelain foundation, 2 layer of baby_pink lipstick, 2 layer of rose_blush blush.",5
images/gen_fair_0136.jpg,Fair,linen,1,2.7,bold_rose,1,soft_coral_blush,2,dark_brown,3,porcelain_concealer,2,8 hrs,low,2011,simple,office,hot,"Apply 1 layer (~2.7 ml) of linen foundation, 2 layer of bold_rose lipstick, 2 layer of soft_coral_blush blush.",6
images/gen_fair_0137.jpg,Fair,ivory,2,4.8,baby_pink,2,luminous_pink,2,black,2,porcelain_concealer,1,12 hrs,high,2818,occasion,normal,cold,"Apply 2 layers (~4.8 ml) of ivory foundation, 1 layer of baby_pink lipstick, 2 layers of luminous_pink blush.",7
images/gen_fair_0138.jpg,Fair,ivory,1,4.0,bold_rose,2,luminous_pink,1,espresso_black,2,fair_concealer,1,12 hrs,medium,3181,occasion,office,normal,"Apply 1 layer (~4.0 ml) of ivory foundation, 2 layer of bold_rose lipstick, 1 layer of luminous_pink blush.",8
images/gen_fair_0139.jpg,Fair,alabaster,3,5.1,mauve,1,cherry_blush,2,black,1,porcelain_concealer,1,10 hrs,medium,2931,occasion,party,normal,"Apply 3 layers (~5.1 ml) of alabaster foundation, 1 layer of mauve lipstick, 1 layer of cherry_blush blush.",9
images/gen_fair_0140.jpg,Fair,ivory,1,1.5,coral_pink,1,cherry_blush,1,black,1,porcelain_concealer,2,8 hrs,low,2005,simple,daily,humid,"Apply 1 layer (~1.5 ml) of ivory foundation, 1 layer of coral_pink lipstick, 1 layers of cherry_blush blush.",0
images/gen_fair_0141.jpg,Fair,nude_ivory,3,5.5,lilac_nude,2,peach_blush,2,black,1,porcelain_concealer,1,10 hrs,medium,911,occasion,bridal,humid,"Apply 3 layers (~5.5 ml) of nude_ivory foundation, 2 layer of lilac_nude lipstick, 1 layer of peach_blush blush.",1
images/gen_fair_0142.jpg,Fair,matte_ivory,2,5.4,blush_pink,1,baby_pink_blush,1,brown,3,ivory_concealer,2,8 hrs,low,1710,simple,normal,humid,"Apply 2 layers (~5.4 ml) of matte_ivory foundation, 2 layer of blush_pink lipstick, 1 layers of baby_pink_blush blush.",2
images/gen_fair_0143.jpg,Fair,soft_porcelain,2,2.0,rose,2,soft_coral_blush,2,brown,3,light_peach_concealer,1,10 hrs,high,2429,weather,normal,normal,"Apply 2 layers (~2.0 ml) of soft_porcelain foundation, 2 layer of rose lipstick, 1 layers of soft_coral_blush blush.",3
images/gen_fair_0144.jpg,Fair,porcelain,1,2.5,coral_pink,1,soft_coral_blush,1,dark_brown,2,shell_concealer,1,6 hrs,low,1769,simple,normal,normal,"Apply 1 layer (~2.5 ml) of porcelain foundation, 2 layer of coral_pink lipstick, 2 layers of soft_coral_blush blush.",4
images/gen_fair_0145.jpg,Fair,shell,1,2.1,coral_pink,1,cherry_blush,2,black,3,fair_concealer,1,6 hrs,low,1766,simple,daily,hot,"Apply 1 layer (~2.1 ml) of shell foundation, 1 layer of coral_pink lipstick, 1 layers of cherry_blush blush.",5
images/gen_fair_0146.jpg,Fair,nude_ivory,1,1.5,baby_pink,1,cherry_blush,1,dark_brown,2,ivory_concealer,2,10 hrs,medium,1614,weather,office,hot,"Apply 1 layer (~1.5 ml) of nude_ivory foundation, 2 layer of baby_pink lipstick, 1 layers of cherry_blush blush.",6
images/gen_fair_0147.jpg,Fair,matte_ivory,1,2.0,dusty_rose,1,rose_blush,1,dark_brown,1,fair_concealer,1,10 hrs,high,2432,weather,normal,hot,"Apply 1 layer (~2.0 ml) of matte_ivory foundation, 1 layer of dusty_rose lipstick, 1 layer of rose_blush blush.",7
images/gen_fair_0148.jpg,Fair,light_beige,1,2.9,dusty_rose,1,rose_blush,1,espresso_black,1,light_peach_concealer,1,14 hrs,high,2612,occasion,bridal,hot,"Apply 1 layer (~2.9 ml) of light_beige foundation, 2 layer of dusty_rose lipstick, 1 layers of rose_blush blush.",8
images/gen_fair_0149.jpg,Fair,snow_beige,2,5.0,rose,2,soft_coral_blush,1,espresso_black,2,fair_concealer,2,8 hrs,low,2923,simple,party,normal,"Apply 2 layers (~5.0 ml) of snow_beige foundation, 2 layer of rose lipstick, 1 layers of soft_coral_blush blush.",9
images/gen_fair_0150.jpg,Fair,porcelain,1,1.5,dusty_rose,2,peach_blush,2,espresso_black,1,light_peach_concealer,1,14 hrs,high,1646,occasion,bridal,hot,"Apply 1 layer (~1.5 ml) of porcelain foundation, 1 layer of dusty_rose lipstick, 1 layer of peach_blush blush.",0
images/gen_fair_0151.jpg,Fair,ivory,1,2.8,lilac_nude,1,peach_blush,1,black,2,porcelain_concealer,2,8 hrs,low,1790,simple,normal,hot,"Apply 1 layer (~2.8 ml) of ivory foundation, 1 layer of lilac_nude lipstick, 1 layers of peach_blush blush.",1
images/gen_fair_0152.jpg,Fair,matte_ivory,2,3.3,rose,2,rose_blush,1,espresso_black,2,porcelain_concealer,2,14 hrs,medium,2397,occasion,daily,cold,"Apply 2 layers (~3.3 ml) of matte_ivory foundation, 2 layer of rose lipstick, 2 layer of rose_blush blush.",2
images/gen_fair_0153.jpg,Fair,light_beige,3,2.7,dusty_rose,2,rose_blush,2,brown,1,ivory_concealer,1,14 hrs,medium,2156,occasion,bridal,normal,"Apply 3 layers (~2.7 ml) of light_beige foundation, 2 layer of dusty_rose lipstick, 2 layer of rose_blush blush.",3
images/gen_fair_0154.jpg,Fair,porcelain,1,2.7,blush_pink,1,rose_blush,1,black,1,porcelain_concealer,1,10 hrs,medium,3145,occasion,office,hot,"Apply 1 layer (~2.7 ml) of porcelain foundation, 2 layer of blush_pink lipstick, 1 layers of rose_blush blush.",4
images/gen_fair_0155.jpg,Fair,matte_ivory,1,1.7,lilac_nude,1,luminous_pink,2,espresso_black,1,porcelain_concealer,1,12 hrs,medium,1626,occasion,party,normal,"Apply 1 layer (~1.7 ml) of matte_ivory foundation, 1 layer of lilac_nude lipstick, 2 layers of luminous_pink blush.",5
images/gen_fair_0156.jpg,Fair,alabaster,1,1.9,baby_pink,2,luminous_pink,1,brown,3,fair_concealer,1,12 hrs,high,3083,occasion,office,hot,"Apply 1 layer (~1.9 ml) of alabaster foundation, 2 layer of baby_pink lipstick, 2 layer of luminous_pink blush.",6
images/gen_fair_0157.jpg,Fair,soft_porcelain,2,3.7,baby_pink,1,baby_pink_blush,1,espresso_black,2,light_peach_concealer,1,10 hrs,medium,2432,weather,normal,humid,"Apply 2 layers (~3.7 ml) of soft_porcelain foundation, 1 layer of baby_pink lipstick, 1 layers of baby_pink_blush blush.",7
images/gen_fair_0158.jpg,Fair,light_beige,2,3.7,lilac_nude,2,luminous_pink,1,dark_brown,3,ivory_concealer,2,12 hrs,low,2825,weather,bridal,cold,"Apply 2 layers (~3.7 ml) of light_beige foundation, 1 layer of lilac_nude lipstick, 1 layers of luminous_pink blush.",8
images/gen_fair_0159.jpg,Fair,ivory,3,2.7,peach,1,rose_blush,1,black,2,fair_concealer,1,10 hrs,low,1825,weather,office,normal,"Apply 3 layers (~2.7 ml) of ivory foundation, 2 layer of peach lipstick, 1 layers of rose_blush blush.",9
images/gen_fair_0160.jpg,Fair,nude_ivory,1,1.7,dusty_rose,2,peach_blush,1,dark_brown,1,porcelain_concealer,2,6 hrs,low,3118,simple,normal,hot,"Apply 1 layer (~1.7 ml) of nude_ivory foundation, 1 layer of dusty_rose lipstick, 2 layers of peach_blush blush.",0
images/gen_fair_0161.jpg,Fair,soft_porcelain,1,2.4,bold_rose,2,luminous_pink,1,dark_brown,1,light_peach_concealer,2,12 hrs,medium,3004,occasion,normal,hot,"Apply 1 layer (~2.4 ml) of soft_porcelain foundation, 1 layer of bold_rose lipstick, 1 layer of luminous_pink blush.",1
images/gen_fair_0162.jpg,Fair,light_beige,2,2.1,dusty_rose,2,baby_pink_blush,1,black,1,fair_concealer,1,6 hrs,low,1935,simple,daily,normal,"Apply 2 layers (~2.1 ml) of light_beige foundation, 2 layer of dusty_rose lipstick, 2 layer of baby_pink_blush blush.",2
images/gen_fair_0163.jpg,Fair,alabaster,2,3.3,soft_berry,1,luminous_pink,1,dark_brown,2,shell_concealer,1,12 hrs,medium,636,occasion,office,normal,"Apply 2 layers (~3.3 ml) of alabaster foundation, 2 layer of soft_berry lipstick, 1 layers of luminous_pink blush.",3
images/gen_fair_0164.jpg,Fair,nude_ivory,2,5.2,rose,1,baby_pink_blush,1,espresso_black,1,fair_concealer,2,10 hrs,medium,1341,occasion,party,cold,"Apply 2 layers (~5.2 ml) of nude_ivory foundation, 2 layer of rose lipstick, 1 layers of baby_pink_blush blush.",4
images/gen_fair_0165.jpg,Fair,soft_porcelain,2,3.2,baby_pink,1,luminous_pink,2,black,3,fair_concealer,2,8 hrs,low,1317,simple,party,cold,"Apply 2 layers (~3.2 ml) of soft_porcelain foundation, 2 layer of baby_pink lipstick, 1 layers of luminous_pink blush.",5
images/gen_fair_0166.jpg,Fair,ivory,1,3.0,mauve,1,luminous_pink,2,espresso_black,2,porcelain_concealer,2,8 hrs,low,1264,simple,normal,hot,"Apply 1 layer (~3.0 ml) of ivory foundation, 2 layer of mauve lipstick, 1 layers of luminous_pink blush.",6
images/gen_fair_0167.jpg,Fair,ivory,3,4.4,dusty_rose,2,soft_coral_blush,2,espresso_black,3,shell_concealer,1,10 hrs,medium,2450,occasion,daily,cold,"Apply 3 layers (~4.4 ml) of ivory foundation, 1 layer of dusty_rose lipstick, 1 layers of soft_coral_blush blush.",7
images/gen_fair_0168.jpg,Fair,ivory,3,3.8,soft_berry,2,rose_blush,1,black,3,ivory_concealer,2,14 hrs,medium,1327,occasion,office,humid,"Apply 3 layers (~3.8 ml) of ivory foundation, 1 layer of soft_berry lipstick, 1 layer of rose_blush blush.",8
images/gen_fair_0169.jpg,Fair,alabaster,3,5.2,baby_pink,1,luminous_pink,2,dark_brown,1,light_peach_concealer,1,8 hrs,low,2820,weather,office,humid,"Apply 3 layers (~5.2 ml) of alabaster foundation, 2 layer of baby_pink lipstick, 1 layers of luminous_pink blush.",9
images/gen_fair_0170.jpg,Fair,alabaster,1,2.7,mauve,2,luminous_pink,2,espresso_black,1,shell_concealer,2,12 hrs,medium,658,weather,daily,hot,"Apply 1 layer (~2.7 ml) of alabaster foundation, 2 layer of mauve lipstick, 1 layer of luminous_pink blush.",0
images/gen_fair_0171.jpg,Fair,snow_beige,1,1.9,mauve,2,baby_pink_blush,2,dark_brown,2,porcelain_concealer,2,12 hrs,medium,2207,occasion,office,hot,"Apply 1 layer (~1.9 ml) of snow_beige foundation, 1 layer of mauve lipstick, 1 layer of baby_pink_blush blush.",1
images/gen_fair_0172.jpg,Fair,linen,1,5.2,baby_pink,2,baby_pink_blush,1,brown,3,shell_concealer,1,10 hrs,high,1211,weather,normal,normal,"Apply 1 layer (~5.2 ml) of linen foundation, 1 layer of baby_pink lipstick, 1 layers of baby_pink_blush blush.",2
images/gen_fair_0173.jpg,Fair,snow_beige,1,1.6,blush_pink,1,baby_pink_blush,2,dark_brown,2,porcelain_concealer,2,6 hrs,low,1227,simple,office,normal,"Apply 1 layer (~1.6 ml) of snow_beige foundation, 2 layer of blush_pink lipstick, 1 layer of baby_pink_blush blush.",3
images/gen_fair_0174.jpg,Fair,shell,3,4.9,peach,1,luminous_pink,2,brown,3,ivory_concealer,2,14 hrs,medium,2602,occasion,party,cold,"Apply 3 layers (~4.9 ml) of shell foundation, 1 layer of peach lipstick, 1 layer of luminous_pink blush.",4
images/gen_fair_0175.jpg,Fair,light_beige,1,4.1,mauve,2,soft_coral_blush,2,dark_brown,1,light_peach_concealer,2,6 hrs,low,1737,simple,normal,humid,"Apply 1 layer (~4.1 ml) of light_beige foundation, 2 layer of mauve lipstick, 2 layers of soft_coral_blush blush.",5
images/gen_fair_0176.jpg,Fair,soft_porcelain,1,2.5,lilac_nude,2,baby_pink_blush,2,dark_brown,2,fair_concealer,2,10 hrs,high,3187,weather,daily,hot,"Apply 1 layer (~2.5 ml) of soft_porcelain foundation, 2 layer of lilac_nude lipstick, 1 layers of baby_pink_blush blush.",6
images/gen_fair_0177.jpg,Fair,snow_beige,2,5.0,bold_rose,2,cherry_blush,2,brown,3,porcelain_concealer,1,12 hrs,medium,2888,weather,bridal,cold,"Apply 2 layers (~5.0 ml) of snow_beige foundation, 2 layer of bold_rose lipstick, 2 layers of cherry_blush blush.",7
images/gen_fair_0178.jpg,Fair,linen,3,4.4,dusty_rose,2,soft_coral_blush,1,dark_brown,3,ivory_concealer,2,12 hrs,high,2789,weather,daily,humid,"Apply 3 layers (~4.4 ml) of linen foundation, 1 layer of dusty_rose lipstick, 2 layer of soft_coral_blush blush.",8
images/gen_fair_0179.jpg,Fair,alabaster,1,2.9,dusty_rose,2,baby_pink_blush,1,dark_brown,3,shell_concealer,1,8 hrs,low,2434,simple,bridal,normal,"Apply 1 layer (~2.9 ml) of alabaster foundation, 2 layer of dusty_rose lipstick, 2 layer of baby_pink_blush blush.",9
images/gen_fair_0180.jpg,Fair,alabaster,3,3.0,peach,1,rose_blush,2,black,3,ivory_concealer,1,8 hrs,low,831,simple,daily,normal,"Apply 3 layers (~3.0 ml) of alabaster foundation, 2 layer of peach lipstick, 2 layers of rose_blush blush.",0
images/gen_fair_0181.jpg,Fair,soft_porcelain,1,2.2,bold_rose,2,luminous_pink,2,brown,2,ivory_concealer,1,10 hrs,medium,654,occasion,party,hot,"Apply 1 layer (~2.2 ml) of soft_porcelain foundation, 2 layer of bold_rose lipstick, 2 layers of luminous_pink blush.",1
images/gen_fair_0182.jpg,Fair,porcelain,1,2.3,blush_pink,2,rose_blush,1,dark_brown,1,light_peach_concealer,1,8 hrs,high,1721,weather,office,hot,"Apply 1 layer (~2.3 ml) of porcelain foundation, 1 layer of blush_pink lipstick, 1 layers of rose_blush blush.",2
images/gen_fair_0183.jpg,Fair,light_beige,3,5.5,bold_rose,1,luminous_pink,1,brown,1,ivory_concealer,2,12 hrs,high,3164,occasion,daily,cold,"Apply 3 layers (~5.5 ml) of light_beige foundation, 1 layer of bold_rose lipstick, 1 layer of luminous_pink blush.",3
images/gen_fair_0184.jpg,Fair,porcelain,2,4.7,rose,1,luminous_pink,1,espresso_black,3,porcelain_concealer,1,6 hrs,low,1733,simple,party,cold,"Apply 2 layers (~4.7 ml) of porcelain foundation, 1 layer of rose lipstick, 2 layers of luminous_pink blush.",4
images/gen_fair_0185.jpg,Fair,shell,3,5.1,rose,2,peach_blush,2,espresso_black,2,ivory_concealer,1,10 hrs,medium,661,occasion,normal,cold,"Apply 3 layers (~5.1 ml) of shell foundation, 1 layer of rose lipstick, 2 layer of peach_blush blush.",5
images/gen_fair_0186.jpg,Fair,ivory,2,2.4,rose,2,soft_coral_blush,1,espresso_black,2,ivory_concealer,2,8 hrs,high,1581,weather,party,normal,"Apply 2 layers (~2.4 ml) of ivory foundation, 1 layer of rose lipstick, 1 layer of soft_coral_blush blush.",6
images/gen_fair_0187.jpg,Fair,alabaster,1,4.9,rose,2,peach_blush,2,brown,3,fair_concealer,2,12 hrs,high,880,occasion,bridal,normal,"Apply 1 layer (~4.9 ml) of alabaster foundation, 1 layer of rose lipstick, 1 layers of peach_blush blush.",7
images/gen_fair_0188.jpg,Fair,alabaster,1,2.2,bold_rose,2,peach_blush,2,black,1,fair_concealer,2,12 hrs,high,1968,occasion,office,hot,"Apply 1 layer (~2.2 ml) of alabaster foundation, 1 layer of bold_rose lipstick, 1 layers of peach_blush blush.",8
images/gen_fair_0189.jpg,Fair,porcelain,2,2.0,rose,2,baby_pink_blush,1,dark_brown,2,fair_concealer,2,10 hrs,medium,3127,weather,normal,normal,"Apply 2 layers (~2.0 ml) of porcelain foundation, 1 layer of rose lipstick, 2 layer of baby_pink_blush blush.",9
images/gen_fair_0190.jpg,Fair,linen,3,5.2,bold_rose,1,peach_blush,1,espresso_black,3,light_peach_concealer,2,14 hrs,high,2151,occasion,office,normal,"Apply 3 layers (~5.2 ml) of linen foundation, 1 layer of bold_rose lipstick, 2 layers of peach_blush blush.",0
images/gen_fair_0191.jpg,Fair,ivory,2,4.7,soft_berry,2,luminous_pink,2,dark_brown,1,fair_concealer,1,8 hrs,low,872,simple,normal,humid,"Apply 2 layers (~4.7 ml) of ivory foundation, 2 layer of soft_berry lipstick, 1 layer of luminous_pink blush.",1
images/gen_fair_0192.jpg,Fair,linen,3,3.9,dusty_rose,1,soft_coral_blush,1,espresso_black,2,light_peach_concealer,2,8 hrs,low,3095,weather,daily,cold,"Apply 3 layers (~3.9 ml) of linen foundation, 2 layer of dusty_rose lipstick, 1 layer of soft_coral_blush blush.",2
images/gen_fair_0193.jpg,Fair,ivory,3,3.4,mauve,2,soft_coral_blush,1,black,3,ivory_concealer,2,14 hrs,high,941,occasion,office,cold,"Apply 3 layers (~3.4 ml) of ivory foundation, 1 layer of mauve lipstick, 2 layer of soft_coral_blush blush.",3
images/gen_fair_0194.jpg,Fair,linen,2,4.1,peach,1,soft_coral_blush,1,brown,1,shell_concealer,2,14 hrs,medium,3193,occasion,daily,normal,"Apply 2 layers (~4.1 ml) of linen foundation, 2 layer of peach lipstick, 2 layer of soft_coral_blush blush.",4
images/gen_fair_0195.jpg,Fair,shell,2,5.4,coral_pink,2,baby_pink_blush,2,dark_brown,3,porcelain_concealer,1,12 hrs,low,1322,weather,daily,normal,"Apply 2 layers (~5.4 ml) of shell foundation, 1 layer of coral_pink lipstick, 1 layers of baby_pink_blush blush.",5
images/gen_fair_0196.jpg,Fair,nude_ivory,2,5.5,baby_pink,2,cherry_blush,2,dark_brown,1,fair_concealer,1,6 hrs,low,603,simple,daily,cold,"Apply 2 layers (~5.5 ml) of nude_ivory foundation, 2 layer of baby_pink lipstick, 2 layers of cherry_blush blush.",6
images/gen_fair_0197.jpg,Fair,shell,1,2.6,bold_rose,1,peach_blush,1,dark_brown,3,ivory_concealer,2,10 hrs,high,1473,occasion,office,normal,"Apply 1 layer (~2.6 ml) of shell foundation, 1 layer of bold_rose lipstick, 2 layers of peach_blush blush.",7
images/gen_fair_0198.jpg,Fair,nude_ivory,2,3.2,peach,1,peach_blush,1,dark_brown,2,ivory_concealer,2,12 hrs,medium,1226,weather,bridal,normal,"Apply 2 layers (~3.2 ml) of nude_ivory foundation, 2 layer of peach lipstick, 1 layers of peach_blush blush.",8
images/gen_fair_0199.jpg,Fair,shell,3,3.1,bold_rose,1,rose_blush,1,dark_brown,2,fair_concealer,1,10 hrs,high,3061,weather,normal,cold,"Apply 3 layers (~3.1 ml) of shell foundation, 2 layer of bold_rose lipstick, 2 layer of rose_blush blush.",9
images/gen_medium_0000.jpg,Medium,matte_sand,1,4.6,red,1,golden_blush,2,black,1,sand_concealer,1,10 hrs,high,1859,weather,bridal,humid,"Apply 1 layer (~4.6 ml) of matte_sand foundation, 1 layer of red lipstick, 2 layers of golden_blush blush.",0
images/gen_medium_0001.jpg,Medium,matte_beige,2,3.3,burnt_sienna,2,terra_blush,2,brown_black,3,natural_concealer,2,12 hrs,high,601,occasion,bridal,cold,"Apply 2 layers (~3.3 ml) of matte_beige foundation, 2 layer of burnt_sienna lipstick, 2 layer of terra_blush blush.",1
images/gen_medium_0002.jpg,Medium,honey_beige,1,2.7,warm_coral,1,soft_blush,2,dark_espresso,1,medium_beige_concealer,1,12 hrs,low,2702,weather,bridal,normal,"Apply 1 layer (~2.7 ml) of honey_beige foundation, 1 layer of warm_coral lipstick, 1 layer of soft_blush blush.",2
images/gen_medium_0003.jpg,Medium,warm_beige,3,3.1,bold_coral,2,peach_blush,2,dark_espresso,2,warm_concealer,2,8 hrs,low,569,weather,party,cold,"Apply 3 layers (~3.1 ml) of warm_beige foundation, 2 layer of bold_coral lipstick, 2 layers of peach_blush blush.",3
images/gen_medium_0004.jpg,Medium,beige,1,4.5,brick_red,2,apricot_blush,2,black,2,golden_concealer,1,14 hrs,medium,2441,occasion,normal,normal,"Apply 1 layer (~4.5 ml) of beige foundation, 2 layer of brick_red lipstick, 1 layers of apricot_blush blush.",4
images/gen_medium_0005.jpg,Medium,toasted_almond,1,2.7,bold_red,1,coral_blush,1,dark_espresso,3,warm_concealer,2,8 hrs,low,2700,simple,daily,hot,"Apply 1 layer (~2.7 ml) of toasted_almond foundation, 1 layer of bold_red lipstick, 1 layer of coral_blush blush.",5
images/gen_medium_0006.jpg,Medium,matte_warm_beige,3,3.5,coral,1,warm_rose_blush,1,black,3,sand_concealer,2,12 hrs,high,3140,weather,normal,cold,"Apply 3 layers (~3.5 ml) of matte_warm_beige foundation, 2 layer of coral lipstick, 1 layer of warm_rose_blush blush.",6
images/gen_medium_0007.jpg,Medium,natural_beige,1,2.6,bold_nude,1,terra_blush,2,dark_espresso,2,medium_beige_concealer,2,10 hrs,medium,1844,weather,normal,hot,"Apply 1 layer (~2.6 ml) of natural_beige foundation, 1 layer of bold_nude lipstick, 2 layer of terra_blush blush.",7
images/gen_medium_0008.jpg,Medium,satin_sand,2,5.3,terracotta,2,apricot_blush,2,black,2,golden_concealer,2,8 hrs,low,1969,weather,bridal,humid,"Apply 2 layers (~5.3 ml) of satin_sand foundation, 2 layer of terracotta lipstick, 2 layer of apricot_blush blush.",8
images/gen_medium_0009.jpg,Medium,champagne_beige,3,3.9,rose_nude,2,warm_rose_blush,1,dark_espresso,1,natural_concealer,2,12 hrs,medium,2726,occasion,bridal,normal,"Apply 3 layers (~3.9 ml) of champagne_beige foundation, 1 layer of rose_nude lipstick, 1 layer of warm_rose_blush blush.",9
images/gen_medium_0010.jpg,Medium,golden_beige,2,2.4,nude,1,coral_blush,1,dark_espresso,3,sand_concealer,1,12 hrs,high,2605,weather,party,humid,"Apply 2 layers (~2.4 ml) of golden_beige foundation, 1 layer of nude lipstick, 2 layers of coral_blush blush.",0
images/gen_medium_0011.jpg,Medium,sand,1,2.3,dusty_coral,2,soft_blush,1,black,1,golden_concealer,1,6 hrs,low,2621,simple,party,hot,"Apply 1 layer (~2.3 ml) of sand foundation, 1 layer of dusty_coral lipstick, 1 layers of soft_blush blush.",1
images/gen_medium_0012.jpg,Medium,beige,1,1.7,peach_nude,2,apricot_blush,1,dark_espresso,3,warm_concealer,2,14 hrs,high,2041,occasion,daily,humid,"Apply 1 layer (~1.7 ml) of beige foundation, 1 layer of peach_nude lipstick, 2 layers of apricot_blush blush.",2
images/gen_medium_0013.jpg,Medium,honey_beige,2,4.8,dusty_coral,1,coral_blush,1,dark_espresso,3,natural_concealer,2,8 hrs,low,1366,simple,daily,humid,"Apply 2 layers (~4.8 ml) of honey_beige foundation, 1 layer of dusty_coral lipstick, 2 layer of coral_blush blush.",3
images/gen_medium_0014.jpg,Medium,golden_beige,1,2.7,dusty_coral,1,warm_rose_blush,1,dark_espresso,3,natural_concealer,2,6 hrs,low,591,simple,office,hot,"Apply 1 layer (~2.7 ml) of golden_beige foundation, 2 layer of dusty_coral lipstick, 2 layers of warm_rose_blush blush.",4
images/gen_medium_0015.jpg,Medium,satin_sand,1,1.7,red,2,soft_blush,1,black,1,warm_concealer,2,6 hrs,low,2984,simple,normal,hot,"Apply 1 layer (~1.7 ml) of satin_sand foundation, 1 layer of red lipstick, 2 layer of soft_blush blush.",5
images/gen_medium_0016.jpg,Medium,warm_beige,1,2.7,burnt_sienna,2,terra_blush,1,brown_black,1,golden_concealer,1,10 hrs,high,1328,occasion,bridal,hot,"Apply 1 layer (~2.7 ml) of warm_beige foundation, 1 layer of burnt_sienna lipstick, 1 layers of terra_blush blush.",6
images/gen_medium_0017.jpg,Medium,natural_beige,3,5.3,rose_nude,2,apricot_blush,2,black,2,natural_concealer,1,12 hrs,low,2670,weather,daily,cold,"Apply 3 layers (~5.3 ml) of natural_beige foundation, 2 layer of rose_nude lipstick, 1 layer of apricot_blush blush.",7
images/gen_medium_0018.jpg,Medium,golden_beige,2,3.9,red,2,warm_rose_blush,1,brown_black,1,medium_beige_concealer,1,14 hrs,medium,2867,occasion,daily,humid,"Apply 2 layers (~3.9 ml) of golden_beige foundation, 1 layer of red lipstick, 2 layers of warm_rose_blush blush.",8
images/gen_medium_0019.jpg,Medium,matte_warm_beige,3,2.3,coral,2,peach_blush,2,brown_black,3,sand_concealer,2,10 hrs,medium,1334,weather,normal,normal,"Apply 3 layers (~2.3 ml) of matte_warm_beige foundation, 2 layer of coral lipstick, 2 layers of peach_blush blush.",9
images/gen_medium_0020.jpg,Medium,matte_beige,2,3.7,warm_coral,2,warm_rose_blush,1,dark_espresso,1,golden_concealer,1,12 hrs,high,2582,occasion,bridal,humid,"Apply 2 layers (~3.7 ml) of matte_beige foundation, 1 layer of warm_coral lipstick, 1 layer of warm_rose_blush blush.",0
images/gen_medium_0021.jpg,Medium,warm_beige,2,5.4,brick_red,2,golden_blush,1,brown_black,3,natural_concealer,1,10 hrs,medium,2074,occasion,bridal,normal,"Apply 2 layers (~5.4 ml) of warm_beige foundation, 1 layer of brick_red lipstick, 2 layer of golden_blush blush.",1
images/gen_medium_0022.jpg,Medium,matte_sand,2,4.6,peach_nude,1,apricot_blush,1,dark_espresso,2,warm_concealer,1,12 hrs,medium,3182,occasion,normal,cold,"Apply 2 layers (~4.6 ml) of matte_sand foundation, 1 layer of peach_nude lipstick, 1 layer of apricot_blush blush.",2
images/gen_medium_0023.jpg,Medium,toasted_almond,2,4.6,terracotta,2,coral_blush,2,dark_espresso,2,medium_beige_concealer,2,8 hrs,low,1426,simple,office,normal,"Apply 2 layers (~4.6 ml) of toasted_almond foundation, 1 layer of terracotta lipstick, 1 layer of coral_blush blush.",3
images/gen_medium_0024.jpg,Medium,natural_beige,3,1.5,coral,2,golden_blush,2,black,3,sand_concealer,2,8 hrs,medium,2044,weather,office,normal,"Apply 3 layers (~1.5 ml) of natural_beige foundation, 2 layer of coral lipstick, 2 layer of golden_blush blush.",4
images/gen_medium_0025.jpg,Medium,honey_beige,2,4.2,coral,2,warm_rose_blush,2,black,3,golden_concealer,1,12 hrs,low,1578,weather,party,humid,"Apply 2 layers (~4.2 ml) of honey_beige foundation, 1 layer of coral lipstick, 1 layers of warm_rose_blush blush.",5
images/gen_medium_0026.jpg,Medium,beige,2,4.2,rose_nude,1,peach_blush,1,brown_black,2,warm_concealer,1,8 hrs,low,1461,simple,bridal,normal,"Apply 2 layers (~4.2 ml) of beige foundation, 2 layer of rose_nude lipstick, 1 layers of peach_blush blush.",6
images/gen_medium_0027.jpg,Medium,beige,2,5.1,coral,2,soft_blush,2,dark_espresso,2,golden_concealer,2,10 hrs,low,2510,weather,office,cold,"Apply 2 layers (~5.1 ml) of beige foundation, 1 layer of coral lipstick, 1 layers of soft_blush blush.",7
images/gen_medium_0028.jpg,Medium,honey_beige,2,3.1,rose_nude,1,soft_blush,2,dark_espresso,2,warm_concealer,1,8 hrs,low,548,simple,daily,cold,"Apply 2 layers (~3.1 ml) of honey_beige foundation, 2 layer of rose_nude lipstick, 1 layers of soft_blush blush.",8
images/gen_medium_0029.jpg,Medium,matte_beige,1,2.8,bold_red,2,warm_rose_blush,2,brown_black,1,sand_concealer,2,8 hrs,high,2024,weather,office,hot,"Apply 1 layer (~2.8 ml) of matte_beige foundation, 2 layer of bold_red lipstick, 2 layer of warm_rose_blush blush.",9
images/gen_medium_0030.jpg,Medium,matte_sand,2,5.0,rose_nude,1,coral_blush,1,brown_black,2,medium_beige_concealer,2,14 hrs,high,1050,occasion,daily,cold,"Apply 2 layers (~5.0 ml) of matte_sand foundation, 1 layer of rose_nude lipstick, 1 layers of coral_blush blush.",0
images/gen_medium_0031.jpg,Medium,golden_beige,2,2.5,coral,1,terra_blush,2,black,3,natural_concealer,2,12 hrs,low,1564,weather,daily,normal,"Apply 2 layers (~2.5 ml) of golden_beige foundation, 1 layer of coral lipstick, 2 layers of terra_blush blush.",1
images/gen_medium_0032.jpg,Medium,satin_sand,3,5.2,warm_coral,2,terra_blush,2,dark_espresso,3,sand_concealer,2,14 hrs,medium,821,occasion,party,cold,"Apply 3 layers (~5.2 ml) of satin_sand foundation, 1 layer of warm_coral lipstick, 2 layers of terra_blush blush.",2
images/gen_medium_0033.jpg,Medium,toasted_almond,2,4.6,warm_coral,1,golden_blush,2,brown_black,2,natural_concealer,2,12 hrs,high,1595,occasion,daily,cold,"Apply 2 layers (~4.6 ml) of toasted_almond foundation, 1 layer of warm_coral lipstick, 1 layers of golden_blush blush.",3
images/gen_medium_0034.jpg,Medium,golden_beige,2,4.5,red,1,peach_blush,1,black,2,medium_beige_concealer,1,12 hrs,medium,891,weather,party,normal,"Apply 2 layers (~4.5 ml) of golden_beige foundation, 1 layer of red lipstick, 2 layer of peach_blush blush.",4
images/gen_medium_0035.jpg,Medium,beige,1,4.6,bold_nude,1,golden_blush,2,black,2,natural_concealer,1,6 hrs,low,1037,simple,party,normal,"Apply 1 layer (~4.6 ml) of beige foundation, 2 layer of bold_nude lipstick, 2 layer of golden_blush blush.",5
images/gen_medium_0036.jpg,Medium,natural_beige,1,2.9,bold_nude,2,golden_blush,2,brown_black,2,medium_beige_concealer,1,10 hrs,medium,866,weather,office,hot,"Apply 1 layer (~2.9 ml) of natural_beige foundation, 1 layer of bold_nude lipstick, 2 layers of golden_blush blush.",6
images/gen_medium_0037.jpg,Medium,matte_beige,2,3.0,brick_red,2,golden_blush,2,black,3,golden_concealer,1,10 hrs,high,529,occasion,daily,cold,"Apply 2 layers (~3.0 ml) of matte_beige foundation, 2 layer of brick_red lipstick, 2 layer of golden_blush blush.",7
images/gen_medium_0038.jpg,Medium,champagne_beige,3,3.2,burnt_sienna,2,terra_blush,1,brown_black,3,golden_concealer,2,8 hrs,low,1666,weather,bridal,normal,"Apply 3 layers (~3.2 ml) of champagne_beige foundation, 1 layer of burnt_sienna lipstick, 2 layer of terra_blush blush.",8
images/gen_medium_0039.jpg,Medium,matte_beige,1,4.9,coral,1,terra_blush,2,brown_black,1,sand_concealer,1,8 hrs,low,703,weather,daily,normal,"Apply 1 layer (~4.9 ml) of matte_beige foundation, 2 layer of coral lipstick, 2 layers of terra_blush blush.",9
images/gen_medium_0040.jpg,Medium,matte_sand,1,2.6,coral,2,peach_blush,2,black,2,golden_concealer,2,12 hrs,low,629,weather,normal,hot,"Apply 1 layer (~2.6 ml) of matte_sand foundation, 1 layer of coral lipstick, 2 layers of peach_blush blush.",0
images/gen_medium_0041.jpg,Medium,matte_sand,1,1.6,bold_nude,2,apricot_blush,1,brown_black,3,natural_concealer,1,12 hrs,medium,1315,occasion,office,hot,"Apply 1 layer (~1.6 ml) of matte_sand foundation, 1 layer of bold_nude lipstick, 1 layers of apricot_blush blush.",1
images/gen_medium_0042.jpg,Medium,toasted_almond,1,2.0,burnt_sienna,2,soft_blush,1,dark_espresso,2,sand_concealer,1,12 hrs,medium,1392,occasion,daily,hot,"Apply 1 layer (~2.0 ml) of toasted_almond foundation, 1 layer of burnt_sienna lipstick, 2 layers of soft_blush blush.",2
images/gen_medium_0043.jpg,Medium,satin_sand,2,1.6,coral,2,coral_blush,1,black,1,natural_concealer,1,8 hrs,low,2547,simple,office,humid,"Apply 2 layers (~1.6 ml) of satin_sand foundation, 1 layer of coral lipstick, 2 layer of coral_blush blush.",3
images/gen_medium_0044.jpg,Medium,warm_beige,3,4.6,brick_red,1,peach_blush,2,brown_black,2,sand_concealer,1,6 hrs,low,1526,simple,daily,cold,"Apply 3 layers (~4.6 ml) of warm_beige foundation, 2 layer of brick_red lipstick, 2 layer of peach_blush blush.",4
images/gen_medium_0045.jpg,Medium,matte_sand,3,2.7,warm_coral,1,peach_blush,1,dark_espresso,3,warm_concealer,1,8 hrs,low,2340,simple,party,humid,"Apply 3 layers (~2.7 ml) of matte_sand foundation, 2 layer of warm_coral lipstick, 2 layers of peach_blush blush.",5
images/gen_medium_0046.jpg,Medium,satin_sand,3,4.8,bold_red,1,warm_rose_blush,2,dark_espresso,2,natural_concealer,2,10 hrs,high,3125,occasion,daily,cold,"Apply 3 layers (~4.8 ml) of satin_sand foundation, 2 layer of bold_red lipstick, 1 layers of warm_rose_blush blush.",6
images/gen_medium_0047.jpg,Medium,sand,3,1.8,bold_red,2,soft_blush,2,brown_black,1,medium_beige_concealer,2,10 hrs,medium,1404,occasion,normal,normal,"Apply 3 layers (~1.8 ml) of sand foundation, 1 layer of bold_red lipstick, 1 layers of soft_blush blush.",7
images/gen_medium_0048.jpg,Medium,matte_warm_beige,2,4.2,rose_nude,1,terra_blush,2,brown_black,1,warm_concealer,1,12 hrs,low,2627,weather,normal,cold,"Apply 2 layers (~4.2 ml) of matte_warm_beige foundation, 1 layer of rose_nude lipstick, 2 layer of terra_blush blush.",8
images/gen_medium_0049.jpg,Medium,satin_sand,1,1.8,peach_nude,2,peach_blush,2,dark_espresso,1,sand_concealer,1,6 hrs,low,1238,simple,normal,hot,"Apply 1 layer (~1.8 ml) of satin_sand foundation, 2 layer of peach_nude lipstick, 1 layers of peach_blush blush.",9
images/gen_medium_0050.jpg,Medium,matte_warm_beige,3,5.3,bold_coral,2,coral_blush,2,dark_espresso,2,golden_concealer,2,10 hrs,high,2332,weather,party,cold,"Apply 3 layers (~5.3 ml) of matte_warm_beige foundation, 2 layer of bold_coral lipstick, 1 layer of coral_blush blush.",0
images/gen_medium_0051.jpg,Medium,sand,3,1.6,bold_nude,1,peach_blush,1,black,2,warm_concealer,2,10 hrs,high,1139,occasion,party,normal,"Apply 3 layers (~1.6 ml) of sand foundation, 1 layer of bold_nude lipstick, 2 layer of peach_blush blush.",1
images/gen_medium_0052.jpg,Medium,satin_sand,3,5.0,terracotta,2,golden_blush,1,black,3,natural_concealer,2,6 hrs,low,653,simple,bridal,cold,"Apply 3 layers (~5.0 ml) of satin_sand foundation, 2 layer of terracotta lipstick, 2 layer of golden_blush blush.",2
images/gen_medium_0053.jpg,Medium,beige,1,2.0,dusty_coral,2,peach_blush,1,dark_espresso,2,sand_concealer,1,10 hrs,medium,1838,weather,daily,hot,"Apply 1 layer (~2.0 ml) of beige foundation, 1 layer of dusty_coral lipstick, 2 layer of peach_blush blush.",3
images/gen_medium_0054.jpg,Medium,satin_sand,1,2.1,rose_nude,1,soft_blush,2,black,1,golden_concealer,2,10 hrs,high,2840,weather,office,hot,"Apply 1 layer (~2.1 ml) of satin_sand foundation, 2 layer of rose_nude lipstick, 2 layer of soft_blush blush.",4
images/gen_medium_0055.jpg,Medium,warm_beige,1,3.1,dusty_coral,1,peach_blush,1,brown_black,1,sand_concealer,1,10 hrs,high,1590,weather,normal,humid,"Apply 1 layer (~3.1 ml) of warm_beige foundation, 1 layer of dusty_coral lipstick, 2 layers of peach_blush blush.",5
images/gen_medium_0056.jpg,Medium,matte_sand,3,3.2,bold_coral,2,warm_rose_blush,1,dark_espresso,2,natural_concealer,1,12 hrs,high,1456,occasion,office,normal,"Apply 3 layers (~3.2 ml) of matte_sand foundation, 2 layer of bold_coral lipstick, 1 layers of warm_rose_blush blush.",6
images/gen_medium_0057.jpg,Medium,matte_sand,1,1.7,warm_coral,2,peach_blush,2,brown_black,1,natural_concealer,2,6 hrs,low,1356,simple,bridal,hot,"Apply 1 layer (~1.7 ml) of matte_sand foundation, 2 layer of warm_coral lipstick, 1 layers of peach_blush blush.",7
images/gen_medium_0058.jpg,Medium,warm_beige,3,4.4,burnt_sienna,1,terra_blush,1,dark_espresso,2,natural_concealer,1,12 hrs,high,3031,weather,daily,cold,"Apply 3 layers (~4.4 ml) of warm_beige foundation, 2 layer of burnt_sienna lipstick, 1 layers of terra_blush blush.",8
images/gen_medium_0059.jpg,Medium,beige,1,3.1,nude,2,warm_rose_blush,2,dark_espresso,3,golden_concealer,1,12 hrs,high,1263,occasion,office,humid,"Apply 1 layer (~3.1 ml) of beige foundation, 1 layer of nude lipstick, 2 layer of warm_rose_blush blush.",9
images/gen_medium_0060.jpg,Medium,sand,3,5.2,bold_red,1,golden_blush,2,brown_black,3,warm_concealer,2,6 hrs,low,1955,simple,daily,humid,"Apply 3 layers (~5.2 ml) of sand foundation, 2 layer of bold_red lipstick, 2 layer of golden_blush blush.",0
images/gen_medium_0061.jpg,Medium,natural_beige,1,4.0,bold_nude,2,peach_blush,1,black,2,warm_concealer,1,10 hrs,low,2846,weather,bridal,humid,"Apply 1 layer (~4.0 ml) of natural_beige foundation, 2 layer of bold_nude lipstick, 1 layer of peach_blush blush.",1
images/gen_medium_0062.jpg,Medium,satin_sand,2,3.5,rose_nude,1,terra_blush,1,black,2,medium_beige_concealer,1,6 hrs,low,2782,simple,party,cold,"Apply 2 layers (~3.5 ml) of satin_sand foundation, 2 layer of rose_nude lipstick, 1 layers of terra_blush blush.",2
images/gen_medium_0063.jpg,Medium,golden_beige,1,4.4,bold_nude,1,coral_blush,1,dark_espresso,1,warm_concealer,2,10 hrs,medium,2980,weather,normal,humid,"Apply 1 layer (~4.4 ml) of golden_beige foundation, 1 layer of bold_nude lipstick, 1 layer of coral_blush blush.",3
images/gen_medium_0064.jpg,Medium,natural_beige,3,3.2,warm_coral,2,coral_blush,1,dark_espresso,1,warm_concealer,1,10 hrs,low,1426,weather,daily,cold,"Apply 3 layers (~3.2 ml) of natural_beige foundation, 1 layer of warm_coral lipstick, 2 layers of coral_blush blush.",4
images/gen_medium_0065.jpg,Medium,champagne_beige,2,5.3,peach_nude,2,peach_blush,2,black,1,natural_concealer,2,6 hrs,low,2158,simple,party,normal,"Apply 2 layers (~5.3 ml) of champagne_beige foundation, 1 layer of peach_nude lipstick, 2 layers of peach_blush blush.",5
images/gen_medium_0066.jpg,Medium,natural_beige,3,2.8,coral,2,coral_blush,1,brown_black,1,natural_concealer,2,6 hrs,low,2300,simple,daily,humid,"Apply 3 layers (~2.8 ml) of natural_beige foundation, 1 layer of coral lipstick, 2 layer of coral_blush blush.",6
images/gen_medium_0067.jpg,Medium,toasted_almond,2,4.7,brick_red,2,soft_blush,2,dark_espresso,2,sand_concealer,2,10 hrs,high,602,occasion,daily,cold,"Apply 2 layers (~4.7 ml) of toasted_almond foundation, 1 layer of brick_red lipstick, 1 layer of soft_blush blush.",7
images/gen_medium_0068.jpg,Medium,champagne_beige,1,2.0,burnt_sienna,2,soft_blush,1,black,2,natural_concealer,2,6 hrs,low,679,simple,party,hot,"Apply 1 layer (~2.0 ml) of champagne_beige foundation, 2 layer of burnt_sienna lipstick, 2 layer of soft_blush blush.",8
images/gen_medium_0069.jpg,Medium,golden_beige,1,1.8,bold_nude,1,warm_rose_blush,1,dark_espresso,1,golden_concealer,2,6 hrs,low,550,simple,bridal,hot,"Apply 1 layer (~1.8 ml) of golden_beige foundation, 2 layer of bold_nude lipstick, 1 layer of warm_rose_blush blush.",9
images/gen_medium_0070.jpg,Medium,matte_sand,1,3.9,warm_coral,1,terra_blush,1,brown_black,3,golden_concealer,2,12 hrs,medium,3038,occasion,normal,humid,"Apply 1 layer (~3.9 ml) of matte_sand foundation, 2 layer of warm_coral lipstick, 2 layer of terra_blush blush.",0
images/gen_medium_0071.jpg,Medium,sand,1,2.5,peach_nude,1,golden_blush,2,dark_espresso,1,warm_concealer,1,8 hrs,low,1664,weather,daily,hot,"Apply 1 layer (~2.5 ml) of sand foundation, 2 layer of peach_nude lipstick, 1 layer of golden_blush blush.",1
images/gen_medium_0072.jpg,Medium,matte_beige,3,3.8,bold_coral,2,warm_rose_blush,1,brown_black,1,natural_concealer,2,8 hrs,low,1848,weather,daily,normal,"Apply 3 layers (~3.8 ml) of matte_beige foundation, 2 layer of bold_coral lipstick, 1 layers of warm_rose_blush blush.",2
images/gen_medium_0073.jpg,Medium,champagne_beige,2,4.2,bold_nude,2,coral_blush,2,dark_espresso,2,warm_concealer,1,12 hrs,high,2996,weather,party,cold,"Apply 2 layers (~4.2 ml) of champagne_beige foundation, 2 layer of bold_nude lipstick, 2 layer of coral_blush blush.",3
images/gen_medium_0074.jpg,Medium,champagne_beige,1,2.2,bold_red,2,apricot_blush,1,dark_espresso,1,golden_concealer,1,6 hrs,low,1653,simple,bridal,hot,"Apply 1 layer (~2.2 ml) of champagne_beige foundation, 2 layer of bold_red lipstick, 1 layers of apricot_blush blush.",4
images/gen_medium_0075.jpg,Medium,golden_beige,2,3.3,burnt_sienna,2,golden_blush,2,dark_espresso,2,natural_concealer,1,12 hrs,high,3144,occasion,party,cold,"Apply 2 layers (~3.3 ml) of golden_beige foundation, 1 layer of burnt_sienna lipstick, 1 layers of golden_blush blush.",5
images/gen_medium_0076.jpg,Medium,honey_beige,1,2.8,dusty_coral,1,apricot_blush,2,brown_black,2,natural_concealer,1,8 hrs,low,1111,simple,party,hot,"Apply 1 layer (~2.8 ml) of honey_beige foundation, 2 layer of dusty_coral lipstick, 2 layer of apricot_blush blush.",6
images/gen_medium_0077.jpg,Medium,satin_sand,2,4.4,coral,1,apricot_blush,2,brown_black,1,warm_concealer,2,12 hrs,medium,2351,occasion,daily,cold,"Apply 2 layers (~4.4 ml) of satin_sand foundation, 1 layer of coral lipstick, 2 layers of apricot_blush blush.",7
images/gen_medium_0078.jpg,Medium,natural_beige,2,4.9,nude,2,apricot_blush,2,brown_black,2,sand_concealer,1,10 hrs,high,902,occasion,bridal,cold,"Apply 2 layers (~4.9 ml) of natural_beige foundation, 1 layer of nude lipstick, 1 layers of apricot_blush blush.",8
images/gen_medium_0079.jpg,Medium,matte_beige,1,2.8,nude,1,terra_blush,2,dark_espresso,1,natural_concealer,2,8 hrs,low,3116,weather,office,hot,"Apply 1 layer (~2.8 ml) of matte_beige foundation, 2 layer of nude lipstick, 2 layer of terra_blush blush.",9
images/gen_medium_0080.jpg,Medium,toasted_almond,1,2.3,coral,1,warm_rose_blush,1,black,3,medium_beige_concealer,2,8 hrs,low,2750,simple,bridal,hot,"Apply 1 layer (~2.3 ml) of toasted_almond foundation, 2 layer of coral lipstick, 1 layer of warm_rose_blush blush.",0
images/gen_medium_0081.jpg,Medium,natural_beige,1,1.6,brick_red,2,soft_blush,1,black,1,natural_concealer,2,14 hrs,high,2105,occasion,party,hot,"Apply 1 layer (~1.6 ml) of natural_beige foundation, 2 layer of brick_red lipstick, 1 layer of soft_blush blush.",1
images/gen_medium_0082.jpg,Medium,matte_sand,3,2.9,burnt_sienna,1,apricot_blush,2,dark_espresso,1,sand_concealer,2,8 hrs,low,1771,simple,daily,humid,"Apply 3 layers (~2.9 ml) of matte_sand foundation, 1 layer of burnt_sienna lipstick, 2 layer of apricot_blush blush.",2
images/gen_medium_0083.jpg,Medium,champagne_beige,3,5.3,peach_nude,2,warm_rose_blush,1,brown_black,2,golden_concealer,2,10 hrs,low,2389,weather,party,cold,"Apply 3 layers (~5.3 ml) of champagne_beige foundation, 2 layer of peach_nude lipstick, 1 layer of warm_rose_blush blush.",3
images/gen_medium_0084.jpg,Medium,matte_warm_beige,2,4.0,rose_nude,1,terra_blush,1,black,3,warm_concealer,1,6 hrs,low,2475,simple,bridal,cold,"Apply 2 layers (~4.0 ml) of matte_warm_beige foundation, 2 layer of rose_nude lipstick, 2 layers of terra_blush blush.",4
images/gen_medium_0085.jpg,Medium,warm_beige,3,4.4,peach_nude,2,terra_blush,1,black,2,sand_concealer,1,12 hrs,medium,1761,occasion,bridal,cold,"Apply 3 layers (~4.4 ml) of warm_beige foundation, 2 layer of peach_nude lipstick, 1 layers of terra_blush blush.",5
images/gen_medium_0086.jpg,Medium,beige,2,2.8,bold_red,2,apricot_blush,2,black,2,sand_concealer,2,14 hrs,medium,1301,occasion,normal,normal,"Apply 2 layers (~2.8 ml) of beige foundation, 1 layer of bold_red lipstick, 1 layer of apricot_blush blush.",6
images/gen_medium_0087.jpg,Medium,champagne_beige,3,5.3,bold_coral,1,soft_blush,2,dark_espresso,3,natural_concealer,1,8 hrs,low,503,simple,bridal,cold,"Apply 3 layers (~5.3 ml) of champagne_beige foundation, 2 layer of bold_coral lipstick, 1 layers of soft_blush blush.",7
images/gen_medium_0088.jpg,Medium,golden_beige,1,1.9,peach_nude,1,warm_rose_blush,1,dark_espresso,2,golden_concealer,1,12 hrs,high,1270,weather,daily,hot,"Apply 1 layer (~1.9 ml) of golden_beige foundation, 2 layer of peach_nude lipstick, 2 layers of warm_rose_blush blush.",8
images/gen_medium_0089.jpg,Medium,warm_beige,1,2.7,nude,1,soft_blush,1,dark_espresso,1,natural_concealer,2,12 hrs,low,2367,weather,party,normal,"Apply 1 layer (~2.7 ml) of warm_beige foundation, 1 layer of nude lipstick, 2 layers of soft_blush blush.",9
images/gen_medium_0090.jpg,Medium,golden_beige,3,4.0,warm_coral,2,soft_blush,1,dark_espresso,1,golden_concealer,2,8 hrs,low,2009,weather,daily,cold,"Apply 3 layers (~4.0 ml) of golden_beige foundation, 1 layer of warm_coral lipstick, 2 layers of soft_blush blush.",0
images/gen_medium_0091.jpg,Medium,honey_beige,3,1.8,rose_nude,1,soft_blush,2,dark_espresso,3,sand_concealer,1,8 hrs,low,1907,simple,daily,humid,"Apply 3 layers (~1.8 ml) of honey_beige foundation, 1 layer of rose_nude lipstick, 1 layers of soft_blush blush.",1
images/gen_medium_0092.jpg,Medium,matte_warm_beige,3,5.1,terracotta,2,warm_rose_blush,1,brown_black,3,warm_concealer,2,12 hrs,high,2868,weather,normal,normal,"Apply 3 layers (~5.1 ml) of matte_warm_beige foundation, 1 layer of terracotta lipstick, 1 layers of warm_rose_blush blush.",2
images/gen_medium_0093.jpg,Medium,matte_beige,3,5.5,brick_red,1,soft_blush,2,black,2,sand_concealer,2,6 hrs,low,558,simple,daily,normal,"Apply 3 layers (~5.5 ml) of matte_beige foundation, 1 layer of brick_red lipstick, 2 layers of soft_blush blush.",3
images/gen_medium_0094.jpg,Medium,honey_beige,2,3.7,red,1,apricot_blush,2,dark_espresso,2,natural_concealer,2,12 hrs,low,1474,weather,normal,cold,"Apply 2 layers (~3.7 ml) of honey_beige foundation, 2 layer of red lipstick, 1 layer of apricot_blush blush.",4
images/gen_medium_0095.jpg,Medium,sand,3,3.1,red,2,coral_blush,2,brown_black,2,golden_concealer,2,10 hrs,low,1094,weather,party,cold,"Apply 3 layers (~3.1 ml) of sand foundation, 2 layer of red lipstick, 2 layer of coral_blush blush.",5
images/gen_medium_0096.jpg,Medium,toasted_almond,2,3.0,nude,2,soft_blush,2,dark_espresso,1,warm_concealer,2,10 hrs,high,3180,weather,party,humid,"Apply 2 layers (~3.0 ml) of toasted_almond foundation, 2 layer of nude lipstick, 2 layers of soft_blush blush.",6
images/gen_medium_0097.jpg,Medium,warm_beige,2,4.3,bold_coral,1,golden_blush,1,black,3,natural_concealer,2,12 hrs,high,1939,weather,party,cold,"Apply 2 layers (~4.3 ml) of warm_beige foundation, 1 layer of bold_coral lipstick, 1 layers of golden_blush blush.",7
images/gen_medium_0098.jpg,Medium,satin_sand,2,3.1,peach_nude,1,soft_blush,1,dark_espresso,3,natural_concealer,1,6 hrs,low,1537,simple,bridal,cold,"Apply 2 layers (~3.1 ml) of satin_sand foundation, 1 layer of peach_nude lipstick, 1 layers of soft_blush blush.",8
images/gen_medium_0099.jpg,Medium,matte_beige,2,4.6,red,2,apricot_blush,1,black,2,warm_concealer,2,14 hrs,high,1228,occasion,daily,normal,"Apply 2 layers (~4.6 ml) of matte_beige foundation, 1 layer of red lipstick, 2 layers of apricot_blush blush.",9
images/gen_medium_0100.jpg,Medium,beige,3,3.1,red,1,golden_blush,1,brown_black,1,medium_beige_concealer,1,14 hrs,high,2840,occasion,bridal,humid,"Apply 3 layers (~3.1 ml) of beige foundation, 1 layer of red lipstick, 2 layers of golden_blush blush.",0
images/gen_medium_0101.jpg,Medium,golden_beige,1,2.5,bold_nude,2,peach_blush,2,dark_espresso,2,warm_concealer,1,8 hrs,high,2712,weather,bridal,hot,"Apply 1 layer (~2.5 ml) of golden_beige foundation, 2 layer of bold_nude lipstick, 1 layers of peach_blush blush.",1
images/gen_medium_0102.jpg,Medium,beige,3,4.8,warm_coral,1,golden_blush,2,brown_black,3,warm_concealer,2,8 hrs,low,829,simple,normal,humid,"Apply 3 layers (~4.8 ml) of beige foundation, 2 layer of warm_coral lipstick, 2 layer of golden_blush blush.",2
images/gen_medium_0103.jpg,Medium,champagne_beige,1,2.1,terracotta,1,soft_blush,1,dark_espresso,1,warm_concealer,1,10 hrs,high,603,occasion,bridal,hot,"Apply 1 layer (~2.1 ml) of champagne_beige foundation, 2 layer of terracotta lipstick, 1 layers of soft_blush blush.",3
images/gen_medium_0104.jpg,Medium,matte_beige,2,1.8,brick_red,2,golden_blush,1,brown_black,2,natural_concealer,1,12 hrs,high,1367,weather,daily,normal,"Apply 2 layers (~1.8 ml) of matte_beige foundation, 1 layer of brick_red lipstick, 2 layer of golden_blush blush.",4
images/gen_medium_0105.jpg,Medium,toasted_almond,2,3.1,nude,1,coral_blush,1,dark_espresso,2,natural_concealer,1,8 hrs,medium,2368,weather,daily,cold,"Apply 2 layers (~3.1 ml) of toasted_almond foundation, 1 layer of nude lipstick, 1 layer of coral_blush blush.",5
images/gen_medium_0106.jpg,Medium,matte_sand,1,2.7,terracotta,2,warm_rose_blush,1,dark_espresso,1,golden_concealer,1,8 hrs,low,1874,weather,office,hot,"Apply 1 layer (~2.7 ml) of matte_sand foundation, 2 layer of terracotta lipstick, 1 layer of warm_rose_blush blush.",6
images/gen_medium_0107.jpg,Medium,honey_beige,2,4.7,bold_red,1,golden_blush,2,black,1,medium_beige_concealer,1,6 hrs,low,529,simple,normal,cold,"Apply 2 layers (~4.7 ml) of honey_beige foundation, 1 layer of bold_red lipstick, 2 layer of golden_blush blush.",7
images/gen_medium_0108.jpg,Medium,warm_beige,3,4.7,peach_nude,1,warm_rose_blush,1,dark_espresso,3,golden_concealer,2,6 hrs,low,3006,simple,normal,cold,"Apply 3 layers (~4.7 ml) of warm_beige foundation, 2 layer of peach_nude lipstick, 1 layer of warm_rose_blush blush.",8
images/gen_medium_0109.jpg,Medium,satin_sand,2,3.5,bold_coral,2,apricot_blush,1,dark_espresso,1,sand_concealer,1,6 hrs,low,1111,simple,bridal,cold,"Apply 2 layers (~3.5 ml) of satin_sand foundation, 1 layer of bold_coral lipstick, 2 layer of apricot_blush blush.",9
images/gen_medium_0110.jpg,Medium,matte_sand,2,3.1,terracotta,1,warm_rose_blush,1,brown_black,1,sand_concealer,1,10 hrs,medium,2486,weather,party,cold,"Apply 2 layers (~3.1 ml) of matte_sand foundation, 2 layer of terracotta lipstick, 1 layer of warm_rose_blush blush.",0
images/gen_medium_0111.jpg,Medium,matte_warm_beige,3,4.0,bold_red,2,apricot_blush,1,black,2,warm_concealer,1,12 hrs,high,801,weather,normal,cold,"Apply 3 layers (~4.0 ml) of matte_warm_beige foundation, 1 layer of bold_red lipstick, 1 layer of apricot_blush blush.",1
images/gen_medium_0112.jpg,Medium,warm_beige,2,2.1,terracotta,1,warm_rose_blush,2,black,1,golden_concealer,1,14 hrs,high,2829,occasion,office,humid,"Apply 2 layers (~2.1 ml) of warm_beige foundation, 1 layer of terracotta lipstick, 2 layers of warm_rose_blush blush.",2
images/gen_medium_0113.jpg,Medium,matte_warm_beige,1,2.2,bold_red,2,warm_rose_blush,2,dark_espresso,1,medium_beige_concealer,2,6 hrs,low,2395,simple,bridal,hot,"Apply 1 layer (~2.2 ml) of matte_warm_beige foundation, 1 layer of bold_red lipstick, 1 layer of warm_rose_blush blush.",3
images/gen_medium_0114.jpg,Medium,satin_sand,1,2.8,red,1,golden_blush,2,black,3,golden_concealer,2,14 hrs,medium,2463,occasion,bridal,humid,"Apply 1 layer (~2.8 ml) of satin_sand foundation, 1 layer of red lipstick, 1 layers of golden_blush blush.",4
images/gen_medium_0115.jpg,Medium,champagne_beige,1,1.8,terracotta,1,peach_blush,2,black,3,warm_concealer,2,8 hrs,high,1162,weather,normal,normal,"Apply 1 layer (~1.8 ml) of champagne_beige foundation, 2 layer of terracotta lipstick, 1 layer of peach_blush blush.",5
images/gen_medium_0116.jpg,Medium,warm_beige,2,4.6,dusty_coral,2,apricot_blush,1,brown_black,2,golden_concealer,2,12 hrs,medium,1605,weather,party,normal,"Apply 2 layers (~4.6 ml) of warm_beige foundation, 1 layer of dusty_coral lipstick, 1 layers of apricot_blush blush.",6
images/gen_medium_0117.jpg,Medium,toasted_almond,1,2.6,bold_coral,2,soft_blush,2,black,1,golden_concealer,1,8 hrs,high,2796,weather,daily,hot,"Apply 1 layer (~2.6 ml) of toasted_almond foundation, 2 layer of bold_coral lipstick, 2 layer of soft_blush blush.",7
images/gen_medium_0118.jpg,Medium,champagne_beige,1,3.7,dusty_coral,2,golden_blush,2,dark_espresso,2,medium_beige_concealer,1,12 hrs,medium,759,weather,office,humid,"Apply 1 layer (~3.7 ml) of champagne_beige foundation, 1 layer of dusty_coral lipstick, 2 layers of golden_blush blush.",8
images/gen_medium_0119.jpg,Medium,champagne_beige,3,3.6,rose_nude,1,terra_blush,2,dark_espresso,1,warm_concealer,1,10 hrs,high,2100,occasion,daily,humid,"Apply 3 layers (~3.6 ml) of champagne_beige foundation, 2 layer of rose_nude lipstick, 2 layer of terra_blush blush.",9
images/gen_medium_0120.jpg,Medium,champagne_beige,1,2.2,red,1,coral_blush,2,black,2,medium_beige_concealer,2,6 hrs,low,2318,simple,bridal,normal,"Apply 1 layer (~2.2 ml) of champagne_beige foundation, 1 layer of red lipstick, 2 layers of coral_blush blush.",0
images/gen_medium_0121.jpg,Medium,matte_warm_beige,2,5.1,terracotta,2,golden_blush,1,brown_black,2,warm_concealer,1,12 hrs,high,1564,weather,normal,cold,"Apply 2 layers (~5.1 ml) of matte_warm_beige foundation, 2 layer of terracotta lipstick, 2 layers of golden_blush blush.",1
images/gen_medium_0122.jpg,Medium,honey_beige,2,3.4,red,1,golden_blush,1,black,1,sand_concealer,1,8 hrs,low,668,simple,party,cold,"Apply 2 layers (~3.4 ml) of honey_beige foundation, 2 layer of red lipstick, 1 layer of golden_blush blush.",2
images/gen_medium_0123.jpg,Medium,toasted_almond,1,1.8,bold_coral,1,warm_rose_blush,1,black,2,warm_concealer,2,14 hrs,medium,1095,occasion,daily,hot,"Apply 1 layer (~1.8 ml) of toasted_almond foundation, 2 layer of bold_coral lipstick, 1 layers of warm_rose_blush blush.",3
images/gen_medium_0124.jpg,Medium,honey_beige,1,2.3,bold_nude,2,apricot_blush,1,dark_espresso,1,medium_beige_concealer,1,14 hrs,high,1761,occasion,office,hot,"Apply 1 layer (~2.3 ml) of honey_beige foundation, 2 layer of bold_nude lipstick, 2 layer of apricot_blush blush.",4
images/gen_medium_0125.jpg,Medium,satin_sand,1,2.0,rose_nude,1,peach_blush,2,brown_black,1,medium_beige_concealer,2,6 hrs,low,1801,simple,party,hot,"Apply 1 layer (~2.0 ml) of satin_sand foundation, 1 layer of rose_nude lipstick, 1 layers of peach_blush blush.",5
images/gen_medium_0126.jpg,Medium,golden_beige,2,2.1,bold_coral,1,soft_blush,1,brown_black,3,warm_concealer,2,10 hrs,medium,2202,weather,daily,humid,"Apply 2 layers (~2.1 ml) of golden_beige foundation, 2 layer of bold_coral lipstick, 2 layers of soft_blush blush.",6
images/gen_medium_0127.jpg,Medium,warm_beige,1,1.7,bold_red,1,warm_rose_blush,1,brown_black,2,sand_concealer,2,14 hrs,medium,2197,occasion,daily,hot,"Apply 1 layer (~1.7 ml) of warm_beige foundation, 2 layer of bold_red lipstick, 1 layers of warm_rose_blush blush.",7
images/gen_medium_0128.jpg,Medium,matte_sand,3,3.8,red,2,apricot_blush,2,brown_black,3,warm_concealer,2,6 hrs,low,1419,simple,daily,humid,"Apply 3 layers (~3.8 ml) of matte_sand foundation, 2 layer of red lipstick, 1 layers of apricot_blush blush.",8
images/gen_medium_0129.jpg,Medium,beige,1,2.5,peach_nude,1,terra_blush,1,brown_black,2,golden_concealer,2,8 hrs,low,773,simple,normal,hot,"Apply 1 layer (~2.5 ml) of beige foundation, 1 layer of peach_nude lipstick, 2 layer of terra_blush blush.",9
images/gen_medium_0130.jpg,Medium,beige,2,4.0,bold_coral,1,golden_blush,1,dark_espresso,2,sand_concealer,2,10 hrs,high,1054,weather,bridal,normal,"Apply 2 layers (~4.0 ml) of beige foundation, 1 layer of bold_coral lipstick, 2 layer of golden_blush blush.",0
images/gen_medium_0131.jpg,Medium,matte_beige,2,3.2,bold_nude,1,golden_blush,2,dark_espresso,2,natural_concealer,2,12 hrs,medium,1611,occasion,party,normal,"Apply 2 layers (~3.2 ml) of matte_beige foundation, 1 layer of bold_nude lipstick, 1 layer of golden_blush blush.",1
images/gen_medium_0132.jpg,Medium,matte_warm_beige,1,1.6,dusty_coral,1,coral_blush,1,brown_black,1,warm_concealer,1,12 hrs,medium,2209,weather,bridal,humid,"Apply 1 layer (~1.6 ml) of matte_warm_beige foundation, 1 layer of dusty_coral lipstick, 1 layer of coral_blush blush.",2
images/gen_medium_0133.jpg,Medium,warm_beige,1,3.4,brick_red,1,golden_blush,1,dark_espresso,1,warm_concealer,1,12 hrs,high,1428,occasion,bridal,normal,"Apply 1 layer (~3.4 ml) of warm_beige foundation, 1 layer of brick_red lipstick, 2 layer of golden_blush blush.",3
images/gen_medium_0134.jpg,Medium,sand,1,2.6,dusty_coral,1,coral_blush,2,brown_black,1,natural_concealer,2,10 hrs,medium,677,occasion,bridal,hot,"Apply 1 layer (~2.6 ml) of sand foundation, 1 layer of dusty_coral lipstick, 1 layer of coral_blush blush.",4
images/gen_medium_0135.jpg,Medium,satin_sand,1,4.6,bold_red,2,peach_blush,2,dark_espresso,2,warm_concealer,1,6 hrs,low,2550,simple,bridal,normal,"Apply 1 layer (~4.6 ml) of satin_sand foundation, 1 layer of bold_red lipstick, 1 layer of peach_blush blush.",5
images/gen_medium_0136.jpg,Medium,champagne_beige,1,2.6,bold_red,2,warm_rose_blush,2,black,3,sand_concealer,1,12 hrs,low,2300,weather,daily,hot,"Apply 1 layer (~2.6 ml) of champagne_beige foundation, 1 layer of bold_red lipstick, 1 layer of warm_rose_blush blush.",6
images/gen_medium_0137.jpg,Medium,golden_beige,2,3.2,coral,2,apricot_blush,2,brown_black,3,natural_concealer,2,12 hrs,low,2782,weather,normal,humid,"Apply 2 layers (~3.2 ml) of golden_beige foundation, 2 layer of coral lipstick, 1 layer of apricot_blush blush.",7
images/gen_medium_0138.jpg,Medium,satin_sand,2,2.0,burnt_sienna,2,warm_rose_blush,1,dark_espresso,1,golden_concealer,2,10 hrs,medium,2005,weather,normal,humid,"Apply 2 layers (~2.0 ml) of satin_sand foundation, 1 layer of burnt_sienna lipstick, 2 layers of warm_rose_blush blush.",8
images/gen_medium_0139.jpg,Medium,natural_beige,3,1.9,peach_nude,1,terra_blush,1,black,1,natural_concealer,2,8 hrs,low,1315,simple,normal,humid,"Apply 3 layers (~1.9 ml) of natural_beige foundation, 1 layer of peach_nude lipstick, 2 layers of terra_blush blush.",9
images/gen_medium_0140.jpg,Medium,matte_beige,1,4.9,dusty_coral,2,terra_blush,2,dark_espresso,2,sand_concealer,2,14 hrs,high,1103,occasion,office,humid,"Apply 1 layer (~4.9 ml) of matte_beige foundation, 2 layer of dusty_coral lipstick, 2 layers of terra_blush blush.",0
images/gen_medium_0141.jpg,Medium,sand,2,3.5,coral,2,terra_blush,2,black,1,natural_concealer,2,14 hrs,medium,3047,occasion,party,normal,"Apply 2 layers (~3.5 ml) of sand foundation, 2 layer of coral lipstick, 1 layer of terra_blush blush.",1
images/gen_medium_0142.jpg,Medium,honey_beige,2,2.3,rose_nude,1,warm_rose_blush,2,dark_espresso,2,warm_concealer,2,12 hrs,medium,2041,weather,normal,normal,"Apply 2 layers (~2.3 ml) of honey_beige foundation, 1 layer of rose_nude lipstick, 1 layers of warm_rose_blush blush.",2
images/gen_medium_0143.jpg,Medium,honey_beige,1,3.7,terracotta,2,peach_blush,2,brown_black,3,golden_concealer,1,12 hrs,medium,2575,occasion,office,normal,"Apply 1 layer (~3.7 ml) of honey_beige foundation, 2 layer of terracotta lipstick, 1 layers of peach_blush blush.",3
images/gen_medium_0144.jpg,Medium,matte_beige,3,4.5,bold_coral,2,soft_blush,1,black,3,sand_concealer,2,8 hrs,low,2058,simple,party,cold,"Apply 3 layers (~4.5 ml) of matte_beige foundation, 1 layer of bold_coral lipstick, 1 layers of soft_blush blush.",4
images/gen_medium_0145.jpg,Medium,matte_sand,2,4.7,peach_nude,2,warm_rose_blush,1,dark_espresso,1,natural_concealer,2,6 hrs,low,653,simple,party,cold,"Apply 2 layers (~4.7 ml) of matte_sand foundation, 1 layer of peach_nude lipstick, 2 layer of warm_rose_blush blush.",5
images/gen_medium_0146.jpg,Medium,matte_warm_beige,1,4.3,terracotta,1,golden_blush,2,brown_black,2,warm_concealer,2,14 hrs,medium,1182,occasion,party,humid,"Apply 1 layer (~4.3 ml) of matte_warm_beige foundation, 1 layer of terracotta lipstick, 2 layer of golden_blush blush.",6
images/gen_medium_0147.jpg,Medium,matte_sand,1,3.5,bold_nude,1,warm_rose_blush,2,black,2,warm_concealer,1,8 hrs,high,2820,weather,bridal,normal,"Apply 1 layer (~3.5 ml) of matte_sand foundation, 2 layer of bold_nude lipstick, 1 layer of warm_rose_blush blush.",7
images/gen_medium_0148.jpg,Medium,toasted_almond,3,4.3,rose_nude,1,warm_rose_blush,1,black,3,golden_concealer,1,10 hrs,medium,2862,weather,party,cold,"Apply 3 layers (~4.3 ml) of toasted_almond foundation, 2 layer of rose_nude lipstick, 2 layers of warm_rose_blush blush.",8
images/gen_medium_0149.jpg,Medium,satin_sand,3,3.6,burnt_sienna,1,terra_blush,1,black,1,sand_concealer,2,14 hrs,high,2283,occasion,party,humid,"Apply 3 layers (~3.6 ml) of satin_sand foundation, 1 layer of burnt_sienna lipstick, 2 layers of terra_blush blush.",9
images/gen_medium_0150.jpg,Medium,matte_beige,2,2.6,peach_nude,1,golden_blush,1,black,1,golden_concealer,2,12 hrs,medium,2401,occasion,bridal,normal,"Apply 2 layers (~2.6 ml) of matte_beige foundation, 1 layer of peach_nude lipstick, 1 layer of golden_blush blush.",0
images/gen_medium_0151.jpg,Medium,matte_beige,3,5.1,red,1,soft_blush,1,brown_black,1,warm_concealer,2,10 hrs,medium,2964,occasion,daily,humid,"Apply 3 layers (~5.1 ml) of matte_beige foundation, 1 layer of red lipstick, 1 layers of soft_blush blush.",1
images/gen_medium_0152.jpg,Medium,champagne_beige,3,4.1,red,1,peach_blush,1,black,3,sand_concealer,1,10 hrs,high,1783,occasion,party,humid,"Apply 3 layers (~4.1 ml) of champagne_beige foundation, 1 layer of red lipstick, 2 layers of peach_blush blush.",2
images/gen_medium_0153.jpg,Medium,matte_sand,2,2.4,bold_nude,1,coral_blush,2,brown_black,3,warm_concealer,2,10 hrs,medium,2445,occasion,bridal,humid,"Apply 2 layers (~2.4 ml) of matte_sand foundation, 1 layer of bold_nude lipstick, 2 layers of coral_blush blush.",3
images/gen_medium_0154.jpg,Medium,satin_sand,3,5.1,nude,2,apricot_blush,2,dark_espresso,3,natural_concealer,1,8 hrs,high,2690,weather,office,cold,"Apply 3 layers (~5.1 ml) of satin_sand foundation, 1 layer of nude lipstick, 2 layers of apricot_blush blush.",4
images/gen_medium_0155.jpg,Medium,matte_beige,1,5.1,bold_nude,2,soft_blush,2,black,1,warm_concealer,2,8 hrs,low,828,simple,party,humid,"Apply 1 layer (~5.1 ml) of matte_beige foundation, 1 layer of bold_nude lipstick, 1 layers of soft_blush blush.",5
images/gen_medium_0156.jpg,Medium,champagne_beige,3,3.2,bold_nude,1,golden_blush,1,black,3,warm_concealer,1,10 hrs,medium,3081,occasion,party,humid,"Apply 3 layers (~3.2 ml) of champagne_beige foundation, 2 layer of bold_nude lipstick, 2 layers of golden_blush blush.",6
images/gen_medium_0157.jpg,Medium,beige,1,4.0,red,2,peach_blush,1,dark_espresso,2,medium_beige_concealer,1,12 hrs,medium,2929,occasion,daily,normal,"Apply 1 layer (~4.0 ml) of beige foundation, 2 layer of red lipstick, 2 layers of peach_blush blush.",7
images/gen_medium_0158.jpg,Medium,sand,1,2.1,nude,1,golden_blush,2,dark_espresso,3,sand_concealer,1,12 hrs,medium,703,occasion,office,hot,"Apply 1 layer (~2.1 ml) of sand foundation, 1 layer of nude lipstick, 1 layers of golden_blush blush.",8
images/gen_medium_0159.jpg,Medium,satin_sand,2,2.1,coral,1,soft_blush,1,dark_espresso,3,sand_concealer,1,12 hrs,medium,1280,occasion,normal,humid,"Apply 2 layers (~2.1 ml) of satin_sand foundation, 2 layer of coral lipstick, 2 layers of soft_blush blush.",9
images/gen_medium_0160.jpg,Medium,matte_beige,1,3.2,burnt_sienna,1,terra_blush,2,black,2,golden_concealer,1,10 hrs,medium,3030,occasion,daily,humid,"Apply 1 layer (~3.2 ml) of matte_beige foundation, 1 layer of burnt_sienna lipstick, 2 layer of terra_blush blush.",0
images/gen_medium_0161.jpg,Medium,champagne_beige,2,3.0,terracotta,1,terra_blush,1,black,1,golden_concealer,2,10 hrs,high,1461,occasion,normal,cold,"Apply 2 layers (~3.0 ml) of champagne_beige foundation, 2 layer of terracotta lipstick, 2 layer of terra_blush blush.",1
images/gen_medium_0162.jpg,Medium,golden_beige,2,3.5,peach_nude,1,warm_rose_blush,2,black,2,sand_concealer,2,12 hrs,high,1040,occasion,office,normal,"Apply 2 layers (~3.5 ml) of golden_beige foundation, 1 layer of peach_nude lipstick, 1 layers of warm_rose_blush blush.",2
images/gen_medium_0163.jpg,Medium,sand,1,2.5,red,2,coral_blush,2,brown_black,2,warm_concealer,1,8 hrs,low,1792,simple,bridal,humid,"Apply 1 layer (~2.5 ml) of sand foundation, 2 layer of red lipstick, 2 layers of coral_blush blush.",3
images/gen_medium_0164.jpg,Medium,warm_beige,1,2.3,nude,2,coral_blush,1,brown_black,2,medium_beige_concealer,2,8 hrs,low,2797,weather,party,normal,"Apply 1 layer (~2.3 ml) of warm_beige foundation, 2 layer of nude lipstick, 2 layer of coral_blush blush.",4
images/gen_medium_0165.jpg,Medium,beige,3,5.0,bold_red,1,apricot_blush,1,brown_black,2,medium_beige_concealer,1,10 hrs,high,1508,occasion,office,humid,"Apply 3 layers (~5.0 ml) of beige foundation, 1 layer of bold_red lipstick, 2 layer of apricot_blush blush.",5
images/gen_medium_0166.jpg,Medium,matte_warm_beige,2,4.0,red,1,soft_blush,2,black,1,golden_concealer,2,14 hrs,medium,1830,occasion,office,cold,"Apply 2 layers (~4.0 ml) of matte_warm_beige foundation, 2 layer of red lipstick, 2 layers of soft_blush blush.",6
images/gen_medium_0167.jpg,Medium,beige,3,3.8,rose_nude,1,golden_blush,2,brown_black,1,natural_concealer,1,8 hrs,high,1352,weather,daily,cold,"Apply 3 layers (~3.8 ml) of beige foundation, 2 layer of rose_nude lipstick, 2 layer of golden_blush blush.",7
images/gen_medium_0168.jpg,Medium,beige,2,4.1,bold_nude,2,coral_blush,1,brown_black,2,warm_concealer,2,6 hrs,low,2089,simple,party,humid,"Apply 2 layers (~4.1 ml) of beige foundation, 1 layer of bold_nude lipstick, 2 layer of coral_blush blush.",8
images/gen_medium_0169.jpg,Medium,golden_beige,2,4.7,peach_nude,1,coral_blush,2,black,3,natural_concealer,1,14 hrs,medium,1690,occasion,office,humid,"Apply 2 layers (~4.7 ml) of golden_beige foundation, 2 layer of peach_nude lipstick, 2 layer of coral_blush blush.",9
images/gen_medium_0170.jpg,Medium,matte_sand,2,2.1,rose_nude,1,coral_blush,2,brown_black,2,sand_concealer,1,10 hrs,high,2403,occasion,daily,normal,"Apply 2 layers (~2.1 ml) of matte_sand foundation, 1 layer of rose_nude lipstick, 1 layer of coral_blush blush.",0
images/gen_medium_0171.jpg,Medium,beige,2,3.8,burnt_sienna,1,terra_blush,2,brown_black,3,medium_beige_concealer,2,12 hrs,low,1785,weather,daily,humid,"Apply 2 layers (~3.8 ml) of beige foundation, 1 layer of burnt_sienna lipstick, 2 layer of terra_blush blush.",1
images/gen_medium_0172.jpg,Medium,warm_beige,2,5.4,coral,1,terra_blush,2,dark_espresso,1,warm_concealer,1,8 hrs,low,1203,weather,party,humid,"Apply 2 layers (~5.4 ml) of warm_beige foundation, 1 layer of coral lipstick, 2 layer of terra_blush blush.",2
images/gen_medium_0173.jpg,Medium,honey_beige,3,5.4,bold_nude,1,golden_blush,1,dark_espresso,1,warm_concealer,1,12 hrs,high,958,weather,party,normal,"Apply 3 layers (~5.4 ml) of honey_beige foundation, 2 layer of bold_nude lipstick, 2 layer of golden_blush blush.",3
images/gen_medium_0174.jpg,Medium,toasted_almond,1,3.4,bold_red,2,coral_blush,1,dark_espresso,2,sand_concealer,2,6 hrs,low,589,simple,office,normal,"Apply 1 layer (~3.4 ml) of toasted_almond foundation, 1 layer of bold_red lipstick, 1 layers of coral_blush blush.",4
images/gen_medium_0175.jpg,Medium,sand,1,2.9,brick_red,2,golden_blush,1,black,1,medium_beige_concealer,2,8 hrs,low,2202,simple,office,hot,"Apply 1 layer (~2.9 ml) of sand foundation, 2 layer of brick_red lipstick, 2 layer of golden_blush blush.",5
images/gen_medium_0176.jpg,Medium,golden_beige,3,3.6,warm_coral,1,warm_rose_blush,2,dark_espresso,3,natural_concealer,2,10 hrs,medium,2336,occasion,office,cold,"Apply 3 layers (~3.6 ml) of golden_beige foundation, 2 layer of warm_coral lipstick, 2 layers of warm_rose_blush blush.",6
images/gen_medium_0177.jpg,Medium,matte_sand,3,3.9,warm_coral,2,terra_blush,2,brown_black,3,sand_concealer,2,8 hrs,high,2434,weather,party,cold,"Apply 3 layers (~3.9 ml) of matte_sand foundation, 2 layer of warm_coral lipstick, 1 layers of terra_blush blush.",7
images/gen_medium_0178.jpg,Medium,warm_beige,1,1.6,red,2,peach_blush,2,black,1,sand_concealer,1,8 hrs,low,2780,simple,daily,hot,"Apply 1 layer (~1.6 ml) of warm_beige foundation, 2 layer of red lipstick, 1 layers of peach_blush blush.",8
images/gen_medium_0179.jpg,Medium,beige,2,3.4,bold_coral,2,coral_blush,2,black,2,sand_concealer,2,6 hrs,low,691,simple,normal,cold,"Apply 2 layers (~3.4 ml) of beige foundation, 1 layer of bold_coral lipstick, 1 layer of coral_blush blush.",9
images/gen_medium_0180.jpg,Medium,beige,1,2.9,dusty_coral,1,golden_blush,1,dark_espresso,2,natural_concealer,1,10 hrs,low,1696,weather,bridal,hot,"Apply 1 layer (~2.9 ml) of beige foundation, 1 layer of dusty_coral lipstick, 1 layer of golden_blush blush.",0
images/gen_medium_0181.jpg,Medium,matte_sand,1,2.0,brick_red,1,coral_blush,1,black,2,medium_beige_concealer,2,8 hrs,low,2199,weather,party,hot,"Apply 1 layer (~2.0 ml) of matte_sand foundation, 2 layer of brick_red lipstick, 2 layers of coral_blush blush.",1
images/gen_medium_0182.jpg,Medium,golden_beige,1,1.7,brick_red,1,apricot_blush,1,dark_espresso,1,warm_concealer,2,12 hrs,high,1789,occasion,normal,hot,"Apply 1 layer (~1.7 ml) of golden_beige foundation, 1 layer of brick_red lipstick, 2 layer of apricot_blush blush.",2
images/gen_medium_0183.jpg,Medium,satin_sand,2,4.5,nude,2,terra_blush,2,dark_espresso,2,sand_concealer,1,14 hrs,medium,1645,occasion,office,humid,"Apply 2 layers (~4.5 ml) of satin_sand foundation, 2 layer of nude lipstick, 2 layers of terra_blush blush.",3
images/gen_medium_0184.jpg,Medium,satin_sand,2,4.1,peach_nude,1,coral_blush,1,dark_espresso,3,warm_concealer,2,12 hrs,high,2097,weather,daily,normal,"Apply 2 layers (~4.1 ml) of satin_sand foundation, 2 layer of peach_nude lipstick, 1 layers of coral_blush blush.",4
images/gen_medium_0185.jpg,Medium,sand,3,4.3,nude,2,apricot_blush,1,dark_espresso,3,sand_concealer,1,12 hrs,low,2027,weather,office,cold,"Apply 3 layers (~4.3 ml) of sand foundation, 2 layer of nude lipstick, 1 layers of apricot_blush blush.",5
images/gen_medium_0186.jpg,Medium,honey_beige,2,4.1,bold_coral,2,peach_blush,1,dark_espresso,3,sand_concealer,2,14 hrs,medium,2628,occasion,office,cold,"Apply 2 layers (~4.1 ml) of honey_beige foundation, 1 layer of bold_coral lipstick, 2 layers of peach_blush blush.",6
images/gen_medium_0187.jpg,Medium,beige,3,3.8,red,2,terra_blush,1,brown_black,2,golden_concealer,1,10 hrs,medium,2327,weather,office,humid,"Apply 3 layers (~3.8 ml) of beige foundation, 1 layer of red lipstick, 1 layer of terra_blush blush.",7
images/gen_medium_0188.jpg,Medium,matte_beige,3,3.7,warm_coral,1,coral_blush,1,dark_espresso,3,golden_concealer,1,8 hrs,low,2485,simple,bridal,humid,"Apply 3 layers (~3.7 ml) of matte_beige foundation, 2 layer of warm_coral lipstick, 2 layers of coral_blush blush.",8
images/gen_medium_0189.jpg,Medium,natural_beige,1,2.2,bold_coral,2,soft_blush,1,dark_espresso,3,golden_concealer,1,12 hrs,low,982,weather,party,hot,"Apply 1 layer (~2.2 ml) of natural_beige foundation, 1 layer of bold_coral lipstick, 1 layers of soft_blush blush.",9
images/gen_medium_0190.jpg,Medium,sand,2,3.4,bold_nude,2,warm_rose_blush,1,black,1,medium_beige_concealer,2,14 hrs,high,2470,occasion,party,cold,"Apply 2 layers (~3.4 ml) of sand foundation, 2 layer of bold_nude lipstick, 1 layer of warm_rose_blush blush.",0
images/gen_medium_0191.jpg,Medium,warm_beige,2,3.4,dusty_coral,2,peach_blush,1,dark_espresso,3,golden_concealer,2,12 hrs,high,2086,weather,bridal,humid,"Apply 2 layers (~3.4 ml) of warm_beige foundation, 2 layer of dusty_coral lipstick, 2 layer of peach_blush blush.",1
images/gen_medium_0192.jpg,Medium,warm_beige,3,4.8,burnt_sienna,1,soft_blush,1,dark_espresso,2,warm_concealer,1,6 hrs,low,992,simple,party,cold,"Apply 3 layers (~4.8 ml) of warm_beige foundation, 1 layer of burnt_sienna lipstick, 1 layer of soft_blush blush.",2
images/gen_medium_0193.jpg,Medium,honey_beige,1,1.9,coral,2,apricot_blush,1,dark_espresso,2,sand_concealer,2,12 hrs,high,1239,weather,daily,hot,"Apply 1 layer (~1.9 ml) of honey_beige foundation, 2 layer of coral lipstick, 2 layer of apricot_blush blush.",3
images/gen_medium_0194.jpg,Medium,warm_beige,2,4.4,bold_nude,1,apricot_blush,2,black,1,medium_beige_concealer,1,12 hrs,medium,739,occasion,daily,cold,"Apply 2 layers (~4.4 ml) of warm_beige foundation, 2 layer of bold_nude lipstick, 2 layer of apricot_blush blush.",4
images/gen_medium_0195.jpg,Medium,golden_beige,1,3.2,coral,1,soft_blush,2,black,1,medium_beige_concealer,2,12 hrs,high,2403,occasion,party,normal,"Apply 1 layer (~3.2 ml) of golden_beige foundation, 1 layer of coral lipstick, 2 layers of soft_blush blush.",5
images/gen_medium_0196.jpg,Medium,matte_beige,1,3.1,rose_nude,2,golden_blush,2,dark_espresso,1,natural_concealer,1,8 hrs,low,1083,weather,party,normal,"Apply 1 layer (~3.1 ml) of matte_beige foundation, 1 layer of rose_nude lipstick, 1 layers of golden_blush blush.",6
images/gen_medium_0197.jpg,Medium,sand,1,2.9,nude,1,apricot_blush,2,brown_black,2,sand_concealer,2,14 hrs,high,2057,occasion,bridal,hot,"Apply 1 layer (~2.9 ml) of sand foundation, 2 layer of nude lipstick, 1 layer of apricot_blush blush.",7
images/gen_medium_0198.jpg,Medium,warm_beige,2,3.8,burnt_sienna,2,golden_blush,2,brown_black,2,golden_concealer,1,12 hrs,medium,1817,occasion,office,cold,"Apply 2 layers (~3.8 ml) of warm_beige foundation, 1 layer of burnt_sienna lipstick, 2 layers of golden_blush blush.",8
images/gen_medium_0199.jpg,Medium,toasted_almond,2,1.6,nude,2,golden_blush,2,brown_black,3,natural_concealer,1,14 hrs,medium,3158,occasion,normal,humid,"Apply 2 layers (~1.6 ml) of toasted_almond foundation, 1 layer of nude lipstick, 1 layers of golden_blush blush.",9
images/gen_medium_0200.jpg,Medium,matte_warm_beige,3,2.0,terracotta,1,peach_blush,2,dark_espresso,1,natural_concealer,1,10 hrs,high,581,weather,normal,normal,"Apply 3 layers (~2.0 ml) of matte_warm_beige foundation, 1 layer of terracotta lipstick, 2 layers of peach_blush blush.",0
images/gen_medium_0201.jpg,Medium,honey_beige,1,2.7,bold_coral,2,soft_blush,1,brown_black,2,golden_concealer,2,10 hrs,medium,1198,occasion,office,hot,"Apply 1 layer (~2.7 ml) of honey_beige foundation, 1 layer of bold_coral lipstick, 1 layer of soft_blush blush.",1
images/gen_medium_0202.jpg,Medium,matte_sand,1,1.6,rose_nude,1,terra_blush,2,brown_black,3,medium_beige_concealer,1,10 hrs,high,1823,weather,office,hot,"Apply 1 layer (~1.6 ml) of matte_sand foundation, 1 layer of rose_nude lipstick, 2 layers of terra_blush blush.",2
images/gen_medium_0203.jpg,Medium,sand,3,3.9,bold_nude,1,coral_blush,2,dark_espresso,1,golden_concealer,1,10 hrs,medium,1424,occasion,office,cold,"Apply 3 layers (~3.9 ml) of sand foundation, 2 layer of bold_nude lipstick, 1 layers of coral_blush blush.",3
images/gen_medium_0204.jpg,Medium,sand,3,3.2,brick_red,1,coral_blush,2,black,1,sand_concealer,2,12 hrs,low,722,weather,party,cold,"Apply 3 layers (~3.2 ml) of sand foundation, 2 layer of brick_red lipstick, 2 layer of coral_blush blush.",4
images/gen_medium_0205.jpg,Medium,satin_sand,1,2.6,coral,1,soft_blush,1,black,2,natural_concealer,1,14 hrs,high,1734,occasion,office,hot,"Apply 1 layer (~2.6 ml) of satin_sand foundation, 2 layer of coral lipstick, 2 layer of soft_blush blush.",5
images/gen_medium_0206.jpg,Medium,beige,1,1.6,warm_coral,2,apricot_blush,2,brown_black,3,medium_beige_concealer,1,10 hrs,medium,1891,weather,party,hot,"Apply 1 layer (~1.6 ml) of beige foundation, 1 layer of warm_coral lipstick, 2 layers of apricot_blush blush.",6
images/gen_medium_0207.jpg,Medium,satin_sand,3,2.3,burnt_sienna,2,soft_blush,2,dark_espresso,3,medium_beige_concealer,2,8 hrs,low,1261,weather,normal,humid,"Apply 3 layers (~2.3 ml) of satin_sand foundation, 1 layer of burnt_sienna lipstick, 2 layers of soft_blush blush.",7
images/gen_medium_0208.jpg,Medium,natural_beige,1,2.0,peach_nude,2,apricot_blush,2,brown_black,2,warm_concealer,2,8 hrs,low,533,simple,office,normal,"Apply 1 layer (~2.0 ml) of natural_beige foundation, 1 layer of peach_nude lipstick, 1 layers of apricot_blush blush.",8
images/gen_medium_0209.jpg,Medium,matte_warm_beige,1,2.8,bold_red,2,peach_blush,2,dark_espresso,3,medium_beige_concealer,2,8 hrs,medium,2869,weather,daily,hot,"Apply 1 layer (~2.8 ml) of matte_warm_beige foundation, 1 layer of bold_red lipstick, 2 layer of peach_blush blush.",9
images/gen_medium_0210.jpg,Medium,honey_beige,2,2.1,bold_red,1,soft_blush,2,dark_espresso,3,medium_beige_concealer,2,10 hrs,low,2039,weather,bridal,normal,"Apply 2 layers (~2.1 ml) of honey_beige foundation, 1 layer of bold_red lipstick, 2 layer of soft_blush blush.",0
images/gen_medium_0211.jpg,Medium,natural_beige,1,1.6,coral,1,peach_blush,1,brown_black,1,golden_concealer,2,6 hrs,low,1213,simple,party,hot,"Apply 1 layer (~1.6 ml) of natural_beige foundation, 1 layer of coral lipstick, 2 layer of peach_blush blush.",1
images/gen_medium_0212.jpg,Medium,sand,1,1.9,red,1,apricot_blush,2,brown_black,1,natural_concealer,2,6 hrs,low,2368,simple,bridal,hot,"Apply 1 layer (~1.9 ml) of sand foundation, 1 layer of red lipstick, 1 layers of apricot_blush blush.",2
images/gen_medium_0213.jpg,Medium,beige,3,5.2,red,2,peach_blush,1,black,1,medium_beige_concealer,1,6 hrs,low,2693,simple,bridal,cold,"Apply 3 layers (~5.2 ml) of beige foundation, 2 layer of red lipstick, 2 layers of peach_blush blush.",3
images/gen_medium_0214.jpg,Medium,matte_sand,3,5.2,burnt_sienna,2,soft_blush,2,brown_black,3,sand_concealer,2,14 hrs,high,1233,occasion,bridal,cold,"Apply 3 layers (~5.2 ml) of matte_sand foundation, 1 layer of burnt_sienna lipstick, 1 layers of soft_blush blush.",4
images/gen_medium_0215.jpg,Medium,matte_sand,2,2.6,bold_red,2,peach_blush,2,brown_black,3,medium_beige_concealer,1,12 hrs,medium,2032,occasion,daily,humid,"Apply 2 layers (~2.6 ml) of matte_sand foundation, 2 layer of bold_red lipstick, 1 layers of peach_blush blush.",5
images/gen_medium_0216.jpg,Medium,matte_sand,1,2.7,warm_coral,2,soft_blush,2,brown_black,2,sand_concealer,2,14 hrs,high,2537,occasion,bridal,normal,"Apply 1 layer (~2.7 ml) of matte_sand foundation, 2 layer of warm_coral lipstick, 2 layers of soft_blush blush.",6
images/gen_medium_0217.jpg,Medium,matte_warm_beige,1,3.3,coral,1,warm_rose_blush,1,dark_espresso,1,sand_concealer,2,12 hrs,medium,656,occasion,office,humid,"Apply 1 layer (~3.3 ml) of matte_warm_beige foundation, 1 layer of coral lipstick, 2 layer of warm_rose_blush blush.",7
images/gen_medium_0218.jpg,Medium,matte_sand,3,4.9,burnt_sienna,2,golden_blush,2,black,2,sand_concealer,2,12 hrs,medium,2875,weather,office,cold,"Apply 3 layers (~4.9 ml) of matte_sand foundation, 2 layer of burnt_sienna lipstick, 1 layers of golden_blush blush.",8
images/gen_medium_0219.jpg,Medium,natural_beige,2,4.2,dusty_coral,1,coral_blush,2,dark_espresso,3,golden_concealer,2,12 hrs,high,1358,weather,normal,cold,"Apply 2 layers (~4.2 ml) of natural_beige foundation, 2 layer of dusty_coral lipstick, 1 layers of coral_blush blush.",9
images/gen_medium_0220.jpg,Medium,champagne_beige,1,3.8,nude,2,coral_blush,2,dark_espresso,3,warm_concealer,2,10 hrs,high,1835,occasion,party,normal,"Apply 1 layer (~3.8 ml) of champagne_beige foundation, 2 layer of nude lipstick, 1 layers of coral_blush blush.",0
images/gen_medium_0221.jpg,Medium,satin_sand,3,4.4,terracotta,2,coral_blush,1,black,2,golden_concealer,2,12 hrs,high,3117,weather,normal,cold,"Apply 3 layers (~4.4 ml) of satin_sand foundation, 1 layer of terracotta lipstick, 2 layer of coral_blush blush.",1
images/gen_medium_0222.jpg,Medium,sand,1,1.5,red,2,peach_blush,1,black,2,golden_concealer,1,14 hrs,high,2009,occasion,office,hot,"Apply 1 layer (~1.5 ml) of sand foundation, 2 layer of red lipstick, 1 layer of peach_blush blush.",2
images/gen_medium_0223.jpg,Medium,natural_beige,2,3.1,terracotta,1,coral_blush,2,dark_espresso,2,natural_concealer,2,8 hrs,low,1150,weather,normal,humid,"Apply 2 layers (~3.1 ml) of natural_beige foundation, 2 layer of terracotta lipstick, 1 layer of coral_blush blush.",3
images/gen_medium_0224.jpg,Medium,honey_beige,3,3.7,coral,2,apricot_blush,2,brown_black,3,sand_concealer,1,8 hrs,low,873,weather,daily,cold,"Apply 3 layers (~3.7 ml) of honey_beige foundation, 1 layer of coral lipstick, 2 layers of apricot_blush blush.",4
images/gen_medium_0225.jpg,Medium,honey_beige,2,4.0,terracotta,1,terra_blush,1,black,2,sand_concealer,2,10 hrs,high,773,occasion,party,cold,"Apply 2 layers (~4.0 ml) of honey_beige foundation, 1 layer of terracotta lipstick, 2 layer of terra_blush blush.",5
images/gen_medium_0226.jpg,Medium,beige,3,2.0,rose_nude,1,apricot_blush,1,brown_black,2,golden_concealer,1,10 hrs,low,799,weather,office,normal,"Apply 3 layers (~2.0 ml) of beige foundation, 2 layer of rose_nude lipstick, 1 layers of apricot_blush blush.",6
images/gen_medium_0227.jpg,Medium,sand,3,3.1,nude,2,warm_rose_blush,1,black,1,medium_beige_concealer,1,8 hrs,medium,2292,weather,party,humid,"Apply 3 layers (~3.1 ml) of sand foundation, 2 layer of nude lipstick, 2 layers of warm_rose_blush blush.",7
images/gen_medium_0228.jpg,Medium,matte_beige,2,4.5,coral,2,golden_blush,1,dark_espresso,2,golden_concealer,2,6 hrs,low,1228,simple,party,cold,"Apply 2 layers (~4.5 ml) of matte_beige foundation, 1 layer of coral lipstick, 1 layer of golden_blush blush.",8
images/gen_medium_0229.jpg,Medium,golden_beige,1,2.8,burnt_sienna,1,warm_rose_blush,1,brown_black,2,natural_concealer,1,6 hrs,low,1319,simple,normal,hot,"Apply 1 layer (~2.8 ml) of golden_beige foundation, 1 layer of burnt_sienna lipstick, 1 layers of warm_rose_blush blush.",9
images/gen_medium_0230.jpg,Medium,matte_sand,1,5.5,peach_nude,1,terra_blush,2,black,3,medium_beige_concealer,1,8 hrs,low,1839,simple,normal,humid,"Apply 1 layer (~5.5 ml) of matte_sand foundation, 1 layer of peach_nude lipstick, 1 layer of terra_blush blush.",0
images/gen_medium_0231.jpg,Medium,matte_sand,1,2.1,bold_red,2,soft_blush,1,brown_black,2,warm_concealer,1,12 hrs,medium,2379,occasion,normal,hot,"Apply 1 layer (~2.1 ml) of matte_sand foundation, 1 layer of bold_red lipstick, 1 layers of soft_blush blush.",1
images/gen_medium_0232.jpg,Medium,golden_beige,2,3.2,bold_nude,1,apricot_blush,2,dark_espresso,3,golden_concealer,2,6 hrs,low,1044,simple,normal,cold,"Apply 2 layers (~3.2 ml) of golden_beige foundation, 1 layer of bold_nude lipstick, 1 layers of apricot_blush blush.",2
images/gen_medium_0233.jpg,Medium,natural_beige,3,4.0,warm_coral,1,terra_blush,2,black,1,medium_beige_concealer,1,14 hrs,medium,745,occasion,daily,cold,"Apply 3 layers (~4.0 ml) of natural_beige foundation, 1 layer of warm_coral lipstick, 1 layers of terra_blush blush.",3
images/gen_medium_0234.jpg,Medium,matte_sand,2,2.3,peach_nude,2,soft_blush,2,black,3,sand_concealer,1,8 hrs,low,2633,simple,bridal,humid,"Apply 2 layers (~2.3 ml) of matte_sand foundation, 2 layer of peach_nude lipstick, 2 layer of soft_blush blush.",4
images/gen_medium_0235.jpg,Medium,natural_beige,3,2.8,nude,2,terra_blush,1,black,1,medium_beige_concealer,2,10 hrs,medium,786,occasion,bridal,normal,"Apply 3 layers (~2.8 ml) of natural_beige foundation, 2 layer of nude lipstick, 2 layer of terra_blush blush.",5
images/gen_medium_0236.jpg,Medium,matte_sand,1,1.8,rose_nude,1,soft_blush,2,brown_black,1,golden_concealer,1,6 hrs,low,1741,simple,normal,hot,"Apply 1 layer (~1.8 ml) of matte_sand foundation, 2 layer of rose_nude lipstick, 1 layer of soft_blush blush.",6
images/gen_medium_0237.jpg,Medium,matte_warm_beige,2,4.9,terracotta,1,coral_blush,2,black,1,golden_concealer,2,12 hrs,medium,2250,occasion,bridal,humid,"Apply 2 layers (~4.9 ml) of matte_warm_beige foundation, 2 layer of terracotta lipstick, 2 layers of coral_blush blush.",7
images/gen_medium_0238.jpg,Medium,matte_beige,1,1.9,brick_red,1,warm_rose_blush,2,brown_black,1,sand_concealer,1,8 hrs,low,1276,simple,bridal,hot,"Apply 1 layer (~1.9 ml) of matte_beige foundation, 2 layer of brick_red lipstick, 1 layers of warm_rose_blush blush.",8
images/gen_medium_0239.jpg,Medium,golden_beige,3,5.4,brick_red,1,warm_rose_blush,2,dark_espresso,3,sand_concealer,1,8 hrs,low,1295,simple,normal,cold,"Apply 3 layers (~5.4 ml) of golden_beige foundation, 1 layer of brick_red lipstick, 2 layer of warm_rose_blush blush.",9
images/gen_medium_0240.jpg,Medium,golden_beige,3,4.7,burnt_sienna,1,peach_blush,2,black,3,golden_concealer,2,14 hrs,high,1103,occasion,normal,cold,"Apply 3 layers (~4.7 ml) of golden_beige foundation, 1 layer of burnt_sienna lipstick, 2 layer of peach_blush blush.",0
images/gen_medium_0241.jpg,Medium,champagne_beige,1,2.5,warm_coral,2,soft_blush,2,dark_espresso,3,medium_beige_concealer,2,12 hrs,high,2900,occasion,office,hot,"Apply 1 layer (~2.5 ml) of champagne_beige foundation, 2 layer of warm_coral lipstick, 1 layers of soft_blush blush.",1
images/gen_medium_0242.jpg,Medium,matte_beige,3,3.8,burnt_sienna,2,peach_blush,1,dark_espresso,1,golden_concealer,1,12 hrs,medium,2211,occasion,office,normal,"Apply 3 layers (~3.8 ml) of matte_beige foundation, 2 layer of burnt_sienna lipstick, 1 layer of peach_blush blush.",2
images/gen_medium_0243.jpg,Medium,warm_beige,1,2.2,bold_red,1,coral_blush,1,black,1,sand_concealer,1,8 hrs,high,1285,weather,party,normal,"Apply 1 layer (~2.2 ml) of warm_beige foundation, 1 layer of bold_red lipstick, 2 layer of coral_blush blush.",3
images/gen_medium_0244.jpg,Medium,matte_beige,1,5.0,coral,1,coral_blush,2,black,2,warm_concealer,1,10 hrs,medium,538,occasion,normal,humid,"Apply 1 layer (~5.0 ml) of matte_beige foundation, 1 layer of coral lipstick, 2 layer of coral_blush blush.",4
images/gen_medium_0245.jpg,Medium,beige,3,3.8,bold_red,2,golden_blush,2,black,2,golden_concealer,2,6 hrs,low,1905,simple,bridal,normal,"Apply 3 layers (~3.8 ml) of beige foundation, 2 layer of bold_red lipstick, 2 layers of golden_blush blush.",5
images/gen_medium_0246.jpg,Medium,honey_beige,3,5.2,burnt_sienna,1,coral_blush,2,dark_espresso,2,medium_beige_concealer,2,10 hrs,medium,2609,occasion,daily,cold,"Apply 3 layers (~5.2 ml) of honey_beige foundation, 1 layer of burnt_sienna lipstick, 1 layers of coral_blush blush.",6
images/gen_medium_0247.jpg,Medium,toasted_almond,1,4.0,brick_red,2,peach_blush,2,dark_espresso,3,golden_concealer,1,10 hrs,high,2076,occasion,party,normal,"Apply 1 layer (~4.0 ml) of toasted_almond foundation, 2 layer of brick_red lipstick, 1 layers of peach_blush blush.",7
images/gen_medium_0248.jpg,Medium,warm_beige,1,2.7,brick_red,1,apricot_blush,2,black,3,warm_concealer,1,14 hrs,medium,1496,occasion,bridal,hot,"Apply 1 layer (~2.7 ml) of warm_beige foundation, 2 layer of brick_red lipstick, 1 layers of apricot_blush blush.",8
images/gen_medium_0249.jpg,Medium,warm_beige,1,3.2,bold_coral,1,coral_blush,2,brown_black,1,medium_beige_concealer,2,6 hrs,low,1416,simple,office,normal,"Apply 1 layer (~3.2 ml) of warm_beige foundation, 2 layer of bold_coral lipstick, 2 layer of coral_blush blush.",9
images/gen_medium_0250.jpg,Medium,champagne_beige,2,5.1,terracotta,2,terra_blush,1,dark_espresso,2,sand_concealer,1,12 hrs,high,956,weather,daily,humid,"Apply 2 layers (~5.1 ml) of champagne_beige foundation, 2 layer of terracotta lipstick, 1 layer of terra_blush blush.",0
images/gen_medium_0251.jpg,Medium,matte_warm_beige,1,2.4,terracotta,2,golden_blush,2,dark_espresso,2,natural_concealer,2,6 hrs,low,1017,simple,bridal,hot,"Apply 1 layer (~2.4 ml) of matte_warm_beige foundation, 2 layer of terracotta lipstick, 1 layer of golden_blush blush.",1
images/gen_medium_0252.jpg,Medium,matte_beige,1,2.8,bold_red,1,coral_blush,2,dark_espresso,2,golden_concealer,1,10 hrs,low,1620,weather,daily,hot,"Apply 1 layer (~2.8 ml) of matte_beige foundation, 1 layer of bold_red lipstick, 2 layer of coral_blush blush.",2
images/gen_medium_0253.jpg,Medium,champagne_beige,3,3.1,bold_red,2,apricot_blush,2,dark_espresso,3,medium_beige_concealer,1,10 hrs,low,588,weather,daily,cold,"Apply 3 layers (~3.1 ml) of champagne_beige foundation, 1 layer of bold_red lipstick, 1 layers of apricot_blush blush.",3
images/gen_medium_0254.jpg,Medium,golden_beige,3,3.4,coral,1,golden_blush,1,dark_espresso,2,warm_concealer,1,10 hrs,medium,1745,weather,party,normal,"Apply 3 layers (~3.4 ml) of golden_beige foundation, 2 layer of coral lipstick, 1 layers of golden_blush blush.",4
images/gen_medium_0255.jpg,Medium,champagne_beige,1,2.8,bold_red,2,terra_blush,2,dark_espresso,3,natural_concealer,1,10 hrs,medium,730,occasion,daily,hot,"Apply 1 layer (~2.8 ml) of champagne_beige foundation, 2 layer of bold_red lipstick, 1 layer of terra_blush blush.",5
images/gen_medium_0256.jpg,Medium,natural_beige,1,5.3,peach_nude,1,warm_rose_blush,1,dark_espresso,1,golden_concealer,2,6 hrs,low,2501,simple,bridal,humid,"Apply 1 layer (~5.3 ml) of natural_beige foundation, 1 layer of peach_nude lipstick, 2 layer of warm_rose_blush blush.",6
images/gen_medium_0257.jpg,Medium,toasted_almond,1,2.5,terracotta,1,warm_rose_blush,1,dark_espresso,1,golden_concealer,2,10 hrs,high,3127,occasion,daily,hot,"Apply 1 layer (~2.5 ml) of toasted_almond foundation, 2 layer of terracotta lipstick, 1 layer of warm_rose_blush blush.",7
images/gen_medium_0258.jpg,Medium,champagne_beige,1,2.4,coral,2,apricot_blush,1,dark_espresso,1,medium_beige_concealer,2,10 hrs,high,760,weather,daily,hot,"Apply 1 layer (~2.4 ml) of champagne_beige foundation, 2 layer of coral lipstick, 2 layers of apricot_blush blush.",8
images/gen_medium_0259.jpg,Medium,natural_beige,3,1.6,brick_red,1,soft_blush,1,dark_espresso,1,sand_concealer,2,12 hrs,high,1787,weather,daily,normal,"Apply 3 layers (~1.6 ml) of natural_beige foundation, 1 layer of brick_red lipstick, 1 layer of soft_blush blush.",9
images/gen_medium_0260.jpg,Medium,sand,1,1.7,coral,1,soft_blush,1,dark_espresso,2,warm_concealer,1,8 hrs,low,2627,simple,normal,hot,"Apply 1 layer (~1.7 ml) of sand foundation, 2 layer of coral lipstick, 1 layers of soft_blush blush.",0
images/gen_medium_0261.jpg,Medium,satin_sand,3,3.5,rose_nude,1,golden_blush,1,black,2,natural_concealer,1,12 hrs,high,1049,occasion,bridal,humid,"Apply 3 layers (~3.5 ml) of satin_sand foundation, 1 layer of rose_nude lipstick, 1 layer of golden_blush blush.",1
images/gen_medium_0262.jpg,Medium,beige,2,2.0,rose_nude,1,warm_rose_blush,2,brown_black,3,golden_concealer,2,12 hrs,medium,1086,weather,daily,humid,"Apply 2 layers (~2.0 ml) of beige foundation, 1 layer of rose_nude lipstick, 2 layers of warm_rose_blush blush.",2
images/gen_medium_0263.jpg,Medium,matte_warm_beige,3,4.3,warm_coral,2,terra_blush,2,dark_espresso,2,sand_concealer,1,8 hrs,high,2972,weather,office,humid,"Apply 3 layers (~4.3 ml) of matte_warm_beige foundation, 1 layer of warm_coral lipstick, 2 layer of terra_blush blush.",3
images/gen_medium_0264.jpg,Medium,matte_warm_beige,3,3.2,bold_coral,1,apricot_blush,2,brown_black,1,medium_beige_concealer,2,6 hrs,low,930,simple,normal,cold,"Apply 3 layers (~3.2 ml) of matte_warm_beige foundation, 1 layer of bold_coral lipstick, 2 layer of apricot_blush blush.",4
images/gen_medium_0265.jpg,Medium,champagne_beige,3,3.2,warm_coral,1,apricot_blush,2,brown_black,2,sand_concealer,1,8 hrs,low,1913,simple,office,cold,"Apply 3 layers (~3.2 ml) of champagne_beige foundation, 2 layer of warm_coral lipstick, 1 layer of apricot_blush blush.",5
images/gen_medium_0266.jpg,Medium,natural_beige,3,2.0,burnt_sienna,1,peach_blush,2,dark_espresso,3,medium_beige_concealer,1,8 hrs,high,2993,weather,daily,normal,"Apply 3 layers (~2.0 ml) of natural_beige foundation, 1 layer of burnt_sienna lipstick, 2 layers of peach_blush blush.",6
images/gen_medium_0267.jpg,Medium,natural_beige,1,2.3,burnt_sienna,2,apricot_blush,1,black,3,warm_concealer,1,12 hrs,high,814,occasion,daily,hot,"Apply 1 layer (~2.3 ml) of natural_beige foundation, 1 layer of burnt_sienna lipstick, 2 layers of apricot_blush blush.",7
images/gen_medium_0268.jpg,Medium,golden_beige,3,4.4,peach_nude,2,golden_blush,1,dark_espresso,3,medium_beige_concealer,1,10 hrs,low,529,weather,office,cold,"Apply 3 layers (~4.4 ml) of golden_beige foundation, 2 layer of peach_nude lipstick, 2 layer of golden_blush blush.",8
images/gen_medium_0269.jpg,Medium,natural_beige,2,4.5,bold_red,2,peach_blush,2,black,2,warm_concealer,1,8 hrs,high,2028,weather,party,cold,"Apply 2 layers (~4.5 ml) of natural_beige foundation, 1 layer of bold_red lipstick, 2 layer of peach_blush blush.",9
images/gen_medium_0270.jpg,Medium,matte_beige,1,2.8,brick_red,2,warm_rose_blush,1,brown_black,2,medium_beige_concealer,2,8 hrs,low,735,simple,bridal,hot,"Apply 1 layer (~2.8 ml) of matte_beige foundation, 1 layer of brick_red lipstick, 2 layer of warm_rose_blush blush.",0
images/gen_medium_0271.jpg,Medium,champagne_beige,2,2.9,red,1,coral_blush,1,brown_black,3,natural_concealer,1,10 hrs,high,2182,occasion,party,humid,"Apply 2 layers (~2.9 ml) of champagne_beige foundation, 1 layer of red lipstick, 2 layers of coral_blush blush.",1
images/gen_medium_0272.jpg,Medium,matte_sand,1,4.6,brick_red,2,coral_blush,1,brown_black,2,warm_concealer,2,8 hrs,low,1162,simple,party,normal,"Apply 1 layer (~4.6 ml) of matte_sand foundation, 2 layer of brick_red lipstick, 2 layer of coral_blush blush.",2
images/gen_medium_0273.jpg,Medium,beige,1,2.9,bold_red,1,warm_rose_blush,1,black,3,medium_beige_concealer,1,6 hrs,low,2463,simple,bridal,humid,"Apply 1 layer (~2.9 ml) of beige foundation, 2 layer of bold_red lipstick, 2 layers of warm_rose_blush blush.",3
images/gen_medium_0274.jpg,Medium,warm_beige,2,3.7,bold_coral,1,apricot_blush,1,brown_black,1,sand_concealer,1,12 hrs,high,1909,weather,bridal,normal,"Apply 2 layers (~3.7 ml) of warm_beige foundation, 2 layer of bold_coral lipstick, 1 layer of apricot_blush blush.",4
images/gen_medium_0275.jpg,Medium,sand,1,2.1,terracotta,1,coral_blush,1,brown_black,3,warm_concealer,1,12 hrs,high,1521,weather,normal,hot,"Apply 1 layer (~2.1 ml) of sand foundation, 2 layer of terracotta lipstick, 1 layers of coral_blush blush.",5
images/gen_medium_0276.jpg,Medium,matte_sand,2,4.2,warm_coral,2,terra_blush,1,dark_espresso,2,medium_beige_concealer,1,10 hrs,medium,1098,occasion,bridal,cold,"Apply 2 layers (~4.2 ml) of matte_sand foundation, 1 layer of warm_coral lipstick, 1 layer of terra_blush blush.",6
images/gen_medium_0277.jpg,Medium,matte_sand,1,2.3,bold_coral,1,coral_blush,2,brown_black,2,natural_concealer,2,14 hrs,medium,1937,occasion,office,hot,"Apply 1 layer (~2.3 ml) of matte_sand foundation, 2 layer of bold_coral lipstick, 1 layers of coral_blush blush.",7
images/gen_medium_0278.jpg,Medium,toasted_almond,1,2.2,burnt_sienna,2,warm_rose_blush,1,black,2,warm_concealer,2,8 hrs,low,1989,weather,party,humid,"Apply 1 layer (~2.2 ml) of toasted_almond foundation, 2 layer of burnt_sienna lipstick, 2 layer of warm_rose_blush blush.",8
images/gen_medium_0279.jpg,Medium,matte_warm_beige,3,1.6,bold_coral,1,terra_blush,2,brown_black,1,sand_concealer,1,14 hrs,medium,1034,occasion,office,normal,"Apply 3 layers (~1.6 ml) of matte_warm_beige foundation, 2 layer of bold_coral lipstick, 1 layers of terra_blush blush.",9
images/gen_medium_0280.jpg,Medium,champagne_beige,1,2.8,brick_red,1,soft_blush,1,black,1,sand_concealer,1,8 hrs,low,1285,weather,daily,hot,"Apply 1 layer (~2.8 ml) of champagne_beige foundation, 2 layer of brick_red lipstick, 2 layers of soft_blush blush.",0
images/gen_medium_0281.jpg,Medium,beige,3,4.6,brick_red,1,coral_blush,2,dark_espresso,1,sand_concealer,1,10 hrs,high,1279,occasion,normal,cold,"Apply 3 layers (~4.6 ml) of beige foundation, 1 layer of brick_red lipstick, 1 layers of coral_blush blush.",1
images/gen_medium_0282.jpg,Medium,golden_beige,1,2.3,warm_coral,1,warm_rose_blush,2,black,3,medium_beige_concealer,2,12 hrs,medium,1742,weather,party,hot,"Apply 1 layer (~2.3 ml) of golden_beige foundation, 1 layer of warm_coral lipstick, 1 layer of warm_rose_blush blush.",2
images/gen_medium_0283.jpg,Medium,matte_beige,2,3.1,nude,1,terra_blush,1,black,3,warm_concealer,1,6 hrs,low,505,simple,bridal,cold,"Apply 2 layers (~3.1 ml) of matte_beige foundation, 1 layer of nude lipstick, 2 layer of terra_blush blush.",3
images/gen_medium_0284.jpg,Medium,champagne_beige,1,5.3,red,2,coral_blush,1,dark_espresso,3,warm_concealer,2,12 hrs,medium,1223,weather,bridal,humid,"Apply 1 layer (~5.3 ml) of champagne_beige foundation, 2 layer of red lipstick, 1 layer of coral_blush blush.",4
images/gen_medium_0285.jpg,Medium,honey_beige,3,2.5,bold_red,1,warm_rose_blush,2,brown_black,2,medium_beige_concealer,1,14 hrs,medium,2462,occasion,daily,normal,"Apply 3 layers (~2.5 ml) of honey_beige foundation, 2 layer of bold_red lipstick, 1 layers of warm_rose_blush blush.",5
images/gen_medium_0286.jpg,Medium,satin_sand,1,2.8,brick_red,1,terra_blush,2,black,3,warm_concealer,1,6 hrs,low,784,simple,party,hot,"Apply 1 layer (~2.8 ml) of satin_sand foundation, 1 layer of brick_red lipstick, 2 layer of terra_blush blush.",6
images/gen_medium_0287.jpg,Medium,beige,1,3.3,burnt_sienna,1,golden_blush,1,black,1,natural_concealer,1,8 hrs,low,1041,simple,normal,humid,"Apply 1 layer (~3.3 ml) of beige foundation, 1 layer of burnt_sienna lipstick, 2 layers of golden_blush blush.",7
images/gen_medium_0288.jpg,Medium,beige,2,5.0,rose_nude,2,terra_blush,1,brown_black,2,natural_concealer,2,6 hrs,low,2461,simple,normal,cold,"Apply 2 layers (~5.0 ml) of beige foundation, 1 layer of rose_nude lipstick, 1 layers of terra_blush blush.",8
images/gen_medium_0289.jpg,Medium,sand,3,4.3,nude,1,soft_blush,1,dark_espresso,1,warm_concealer,1,6 hrs,low,2249,simple,office,normal,"Apply 3 layers (~4.3 ml) of sand foundation, 1 layer of nude lipstick, 2 layer of soft_blush blush.",9
images/gen_medium_0290.jpg,Medium,honey_beige,3,4.7,red,2,soft_blush,1,black,2,natural_concealer,1,14 hrs,medium,677,occasion,party,cold,"Apply 3 layers (~4.7 ml) of honey_beige foundation, 2 layer of red lipstick, 2 layer of soft_blush blush.",0
images/gen_medium_0291.jpg,Medium,golden_beige,3,2.8,red,2,terra_blush,2,dark_espresso,3,warm_concealer,2,8 hrs,high,1587,weather,office,normal,"Apply 3 layers (~2.8 ml) of golden_beige foundation, 2 layer of red lipstick, 2 layer of terra_blush blush.",1
images/gen_medium_0292.jpg,Medium,beige,2,4.0,coral,1,golden_blush,1,brown_black,2,warm_concealer,2,12 hrs,medium,1807,weather,normal,cold,"Apply 2 layers (~4.0 ml) of beige foundation, 1 layer of coral lipstick, 1 layers of golden_blush blush.",2
images/gen_medium_0293.jpg,Medium,toasted_almond,3,4.7,bold_red,2,coral_blush,1,brown_black,3,sand_concealer,2,12 hrs,medium,2658,occasion,daily,humid,"Apply 3 layers (~4.7 ml) of toasted_almond foundation, 2 layer of bold_red lipstick, 2 layer of coral_blush blush.",3
images/gen_medium_0294.jpg,Medium,beige,2,3.9,nude,2,warm_rose_blush,1,brown_black,1,medium_beige_concealer,1,10 hrs,low,728,weather,office,cold,"Apply 2 layers (~3.9 ml) of beige foundation, 2 layer of nude lipstick, 2 layer of warm_rose_blush blush.",4
images/gen_medium_0295.jpg,Medium,toasted_almond,3,3.9,warm_coral,2,soft_blush,1,brown_black,1,sand_concealer,1,12 hrs,low,815,weather,office,cold,"Apply 3 layers (~3.9 ml) of toasted_almond foundation, 1 layer of warm_coral lipstick, 1 layer of soft_blush blush.",5
images/gen_medium_0296.jpg,Medium,champagne_beige,1,4.6,red,2,terra_blush,1,dark_espresso,2,warm_concealer,1,8 hrs,low,1138,simple,daily,humid,"Apply 1 layer (~4.6 ml) of champagne_beige foundation, 2 layer of red lipstick, 2 layers of terra_blush blush.",6
images/gen_medium_0297.jpg,Medium,toasted_almond,1,2.1,brick_red,1,golden_blush,2,dark_espresso,1,warm_concealer,2,8 hrs,low,1012,simple,normal,hot,"Apply 1 layer (~2.1 ml) of toasted_almond foundation, 2 layer of brick_red lipstick, 1 layers of golden_blush blush.",7
images/gen_medium_0298.jpg,Medium,beige,1,2.7,burnt_sienna,1,coral_blush,2,brown_black,3,warm_concealer,2,12 hrs,high,1297,weather,office,hot,"Apply 1 layer (~2.7 ml) of beige foundation, 2 layer of burnt_sienna lipstick, 2 layer of coral_blush blush.",8
images/gen_medium_0299.jpg,Medium,matte_sand,2,3.9,bold_nude,2,peach_blush,1,dark_espresso,3,natural_concealer,1,12 hrs,medium,3114,occasion,office,normal,"Apply 2 layers (~3.9 ml) of matte_sand foundation, 1 layer of bold_nude lipstick, 1 layer of peach_blush blush.",9
images/gen_medium_0300.jpg,Medium,sand,2,4.4,nude,2,warm_rose_blush,1,black,2,warm_concealer,2,8 hrs,low,1957,simple,office,cold,"Apply 2 layers (~4.4 ml) of sand foundation, 1 layer of nude lipstick, 2 layers of warm_rose_blush blush.",0
images/gen_medium_0301.jpg,Medium,sand,2,4.3,warm_coral,1,apricot_blush,2,brown_black,1,golden_concealer,1,6 hrs,low,1448,simple,normal,cold,"Apply 2 layers (~4.3 ml) of sand foundation, 1 layer of warm_coral lipstick, 2 layer of apricot_blush blush.",1
images/gen_medium_0302.jpg,Medium,honey_beige,1,2.6,dusty_coral,2,peach_blush,1,brown_black,1,warm_concealer,1,8 hrs,low,1124,simple,office,hot,"Apply 1 layer (~2.6 ml) of honey_beige foundation, 2 layer of dusty_coral lipstick, 2 layer of peach_blush blush.",2
images/gen_medium_0303.jpg,Medium,beige,1,2.0,brick_red,2,warm_rose_blush,2,black,1,warm_concealer,1,8 hrs,medium,1233,weather,party,hot,"Apply 1 layer (~2.0 ml) of beige foundation, 1 layer of brick_red lipstick, 1 layers of warm_rose_blush blush.",3
images/gen_medium_0304.jpg,Medium,warm_beige,2,4.6,coral,2,golden_blush,1,brown_black,2,natural_concealer,2,10 hrs,high,2599,weather,party,normal,"Apply 2 layers (~4.6 ml) of warm_beige foundation, 2 layer of coral lipstick, 2 layers of golden_blush blush.",4
images/gen_medium_0305.jpg,Medium,satin_sand,1,2.2,peach_nude,2,soft_blush,2,dark_espresso,1,medium_beige_concealer,2,12 hrs,low,798,weather,bridal,hot,"Apply 1 layer (~2.2 ml) of satin_sand foundation, 1 layer of peach_nude lipstick, 1 layer of soft_blush blush.",5
images/gen_medium_0306.jpg,Medium,honey_beige,3,1.9,peach_nude,2,golden_blush,2,brown_black,1,natural_concealer,2,8 hrs,low,1846,simple,party,humid,"Apply 3 layers (~1.9 ml) of honey_beige foundation, 1 layer of peach_nude lipstick, 1 layer of golden_blush blush.",6
images/gen_medium_0307.jpg,Medium,sand,3,3.3,rose_nude,2,peach_blush,1,brown_black,2,medium_beige_concealer,2,8 hrs,low,2439,simple,bridal,cold,"Apply 3 layers (~3.3 ml) of sand foundation, 1 layer of rose_nude lipstick, 2 layer of peach_blush blush.",7
images/gen_medium_0308.jpg,Medium,matte_beige,1,2.5,peach_nude,1,peach_blush,2,black,3,medium_beige_concealer,2,8 hrs,low,2219,simple,normal,hot,"Apply 1 layer (~2.5 ml) of matte_beige foundation, 1 layer of peach_nude lipstick, 2 layers of peach_blush blush.",8
images/gen_medium_0309.jpg,Medium,matte_sand,3,3.9,bold_coral,2,coral_blush,1,brown_black,3,golden_concealer,1,10 hrs,low,818,weather,office,cold,"Apply 3 layers (~3.9 ml) of matte_sand foundation, 1 layer of bold_coral lipstick, 2 layers of coral_blush blush.",9
images/gen_medium_0310.jpg,Medium,champagne_beige,3,5.4,burnt_sienna,2,warm_rose_blush,1,black,3,medium_beige_concealer,2,12 hrs,high,1576,weather,daily,humid,"Apply 3 layers (~5.4 ml) of champagne_beige foundation, 2 layer of burnt_sienna lipstick, 1 layers of warm_rose_blush blush.",0
images/gen_medium_0311.jpg,Medium,golden_beige,2,3.1,burnt_sienna,1,golden_blush,1,black,3,sand_concealer,1,12 hrs,low,2016,weather,normal,cold,"Apply 2 layers (~3.1 ml) of golden_beige foundation, 2 layer of burnt_sienna lipstick, 1 layers of golden_blush blush.",1
images/gen_medium_0312.jpg,Medium,golden_beige,2,4.7,terracotta,1,warm_rose_blush,2,brown_black,2,sand_concealer,2,14 hrs,high,1224,occasion,party,cold,"Apply 2 layers (~4.7 ml) of golden_beige foundation, 2 layer of terracotta lipstick, 2 layer of warm_rose_blush blush.",2
images/gen_medium_0313.jpg,Medium,toasted_almond,2,2.6,terracotta,1,terra_blush,1,brown_black,3,sand_concealer,2,12 hrs,high,924,weather,daily,normal,"Apply 2 layers (~2.6 ml) of toasted_almond foundation, 1 layer of terracotta lipstick, 1 layer of terra_blush blush.",3
images/gen_medium_0314.jpg,Medium,golden_beige,3,3.8,bold_red,2,peach_blush,1,brown_black,2,sand_concealer,2,10 hrs,high,2191,occasion,daily,normal,"Apply 3 layers (~3.8 ml) of golden_beige foundation, 2 layer of bold_red lipstick, 1 layer of peach_blush blush.",4
images/gen_medium_0315.jpg,Medium,matte_beige,1,3.5,bold_nude,1,apricot_blush,1,brown_black,1,medium_beige_concealer,2,10 hrs,high,2625,weather,party,humid,"Apply 1 layer (~3.5 ml) of matte_beige foundation, 1 layer of bold_nude lipstick, 2 layer of apricot_blush blush.",5
images/gen_medium_0316.jpg,Medium,natural_beige,1,5.3,terracotta,2,peach_blush,1,dark_espresso,2,golden_concealer,2,10 hrs,low,2618,weather,daily,humid,"Apply 1 layer (~5.3 ml) of natural_beige foundation, 1 layer of terracotta lipstick, 2 layer of peach_blush blush.",6
images/gen_medium_0317.jpg,Medium,toasted_almond,1,1.7,warm_coral,1,apricot_blush,1,brown_black,1,warm_concealer,2,6 hrs,low,547,simple,party,hot,"Apply 1 layer (~1.7 ml) of toasted_almond foundation, 1 layer of warm_coral lipstick, 2 layer of apricot_blush blush.",7
images/gen_medium_0318.jpg,Medium,golden_beige,1,2.9,nude,1,terra_blush,1,dark_espresso,2,medium_beige_concealer,1,8 hrs,high,2693,weather,daily,hot,"Apply 1 layer (~2.9 ml) of golden_beige foundation, 2 layer of nude lipstick, 2 layer of terra_blush blush.",8
images/gen_medium_0319.jpg,Medium,toasted_almond,2,5.3,warm_coral,1,apricot_blush,2,black,2,natural_concealer,1,6 hrs,low,880,simple,party,cold,"Apply 2 layers (~5.3 ml) of toasted_almond foundation, 2 layer of warm_coral lipstick, 1 layer of apricot_blush blush.",9
images/gen_medium_0320.jpg,Medium,beige,3,5.0,brick_red,2,terra_blush,1,black,1,medium_beige_concealer,2,8 hrs,low,541,simple,party,cold,"Apply 3 layers (~5.0 ml) of beige foundation, 2 layer of brick_red lipstick, 2 layers of terra_blush blush.",0
images/gen_medium_0321.jpg,Medium,honey_beige,1,5.4,warm_coral,1,golden_blush,1,dark_espresso,3,natural_concealer,1,8 hrs,low,2621,simple,daily,normal,"Apply 1 layer (~5.4 ml) of honey_beige foundation, 1 layer of warm_coral lipstick, 2 layer of golden_blush blush.",1
images/gen_medium_0322.jpg,Medium,warm_beige,1,5.1,bold_red,1,soft_blush,1,dark_espresso,2,medium_beige_concealer,2,8 hrs,medium,2413,weather,office,humid,"Apply 1 layer (~5.1 ml) of warm_beige foundation, 2 layer of bold_red lipstick, 2 layers of soft_blush blush.",2
images/gen_medium_0323.jpg,Medium,champagne_beige,1,2.5,bold_nude,2,coral_blush,2,black,2,sand_concealer,2,8 hrs,high,2942,weather,party,normal,"Apply 1 layer (~2.5 ml) of champagne_beige foundation, 2 layer of bold_nude lipstick, 1 layer of coral_blush blush.",3
images/gen_medium_0324.jpg,Medium,toasted_almond,1,1.8,coral,2,coral_blush,2,black,1,natural_concealer,1,10 hrs,medium,1236,weather,bridal,hot,"Apply 1 layer (~1.8 ml) of toasted_almond foundation, 2 layer of coral lipstick, 2 layers of coral_blush blush.",4
images/gen_medium_0325.jpg,Medium,matte_warm_beige,1,2.5,coral,2,soft_blush,1,brown_black,3,natural_concealer,1,12 hrs,medium,2079,occasion,party,hot,"Apply 1 layer (~2.5 ml) of matte_warm_beige foundation, 2 layer of coral lipstick, 1 layers of soft_blush blush.",5
images/gen_medium_0326.jpg,Medium,satin_sand,1,1.9,peach_nude,1,coral_blush,1,dark_espresso,2,golden_concealer,2,14 hrs,medium,691,occasion,normal,hot,"Apply 1 layer (~1.9 ml) of satin_sand foundation, 2 layer of peach_nude lipstick, 2 layer of coral_blush blush.",6
images/gen_medium_0327.jpg,Medium,matte_sand,2,2.2,warm_coral,1,soft_blush,2,brown_black,1,natural_concealer,1,12 hrs,high,1881,occasion,office,normal,"Apply 2 layers (~2.2 ml) of matte_sand foundation, 1 layer of warm_coral lipstick, 2 layers of soft_blush blush.",7
images/gen_medium_0328.jpg,Medium,matte_beige,1,4.8,bold_nude,1,warm_rose_blush,2,brown_black,2,golden_concealer,2,10 hrs,high,2520,weather,normal,normal,"Apply 1 layer (~4.8 ml) of matte_beige foundation, 1 layer of bold_nude lipstick, 2 layers of warm_rose_blush blush.",8
images/gen_medium_0329.jpg,Medium,matte_warm_beige,1,2.7,burnt_sienna,2,terra_blush,1,brown_black,3,medium_beige_concealer,1,8 hrs,low,1563,weather,normal,hot,"Apply 1 layer (~2.7 ml) of matte_warm_beige foundation, 1 layer of burnt_sienna lipstick, 1 layer of terra_blush blush.",9
images/gen_medium_0330.jpg,Medium,champagne_beige,2,1.8,warm_coral,1,apricot_blush,1,brown_black,2,warm_concealer,1,8 hrs,low,2892,simple,normal,normal,"Apply 2 layers (~1.8 ml) of champagne_beige foundation, 1 layer of warm_coral lipstick, 1 layers of apricot_blush blush.",0
images/gen_medium_0331.jpg,Medium,matte_beige,3,2.5,bold_coral,2,apricot_blush,1,dark_espresso,2,golden_concealer,1,12 hrs,high,3150,occasion,normal,normal,"Apply 3 layers (~2.5 ml) of matte_beige foundation, 1 layer of bold_coral lipstick, 1 layers of apricot_blush blush.",1
images/gen_medium_0332.jpg,Medium,golden_beige,1,1.5,bold_red,2,coral_blush,1,black,3,warm_concealer,1,8 hrs,medium,1032,weather,office,hot,"Apply 1 layer (~1.5 ml) of golden_beige foundation, 1 layer of bold_red lipstick, 2 layers of coral_blush blush.",2
images/gen_medium_0333.jpg,Medium,golden_beige,2,5.0,bold_red,1,soft_blush,2,brown_black,1,golden_concealer,1,6 hrs,low,1485,simple,bridal,humid,"Apply 2 layers (~5.0 ml) of golden_beige foundation, 1 layer of bold_red lipstick, 2 layer of soft_blush blush.",3
images/gen_medium_0334.jpg,Medium,matte_warm_beige,1,2.5,bold_nude,1,soft_blush,2,dark_espresso,3,natural_concealer,2,8 hrs,low,2580,simple,party,hot,"Apply 1 layer (~2.5 ml) of matte_warm_beige foundation, 2 layer of bold_nude lipstick, 2 layer of soft_blush blush.",4
images/gen_medium_0335.jpg,Medium,champagne_beige,2,1.9,terracotta,2,peach_blush,2,brown_black,1,medium_beige_concealer,1,14 hrs,high,3147,occasion,party,humid,"Apply 2 layers (~1.9 ml) of champagne_beige foundation, 2 layer of terracotta lipstick, 1 layers of peach_blush blush.",5
images/gen_medium_0336.jpg,Medium,matte_sand,1,1.6,coral,2,golden_blush,1,black,1,warm_concealer,2,8 hrs,low,2528,simple,normal,hot,"Apply 1 layer (~1.6 ml) of matte_sand foundation, 1 layer of coral lipstick, 2 layers of golden_blush blush.",6
images/gen_medium_0337.jpg,Medium,champagne_beige,1,2.6,nude,1,soft_blush,2,black,3,sand_concealer,1,8 hrs,low,1182,simple,office,hot,"Apply 1 layer (~2.6 ml) of champagne_beige foundation, 2 layer of nude lipstick, 2 layer of soft_blush blush.",7
images/gen_medium_0338.jpg,Medium,golden_beige,1,5.3,bold_coral,2,soft_blush,2,black,3,warm_concealer,1,8 hrs,low,2500,simple,bridal,humid,"Apply 1 layer (~5.3 ml) of golden_beige foundation, 1 layer of bold_coral lipstick, 1 layer of soft_blush blush.",8
images/gen_medium_0339.jpg,Medium,matte_sand,1,4.8,rose_nude,2,golden_blush,2,black,2,medium_beige_concealer,2,8 hrs,low,2735,simple,party,normal,"Apply 1 layer (~4.8 ml) of matte_sand foundation, 1 layer of rose_nude lipstick, 1 layers of golden_blush blush.",9
images/gen_medium_0340.jpg,Medium,beige,3,3.8,bold_nude,1,terra_blush,2,dark_espresso,2,natural_concealer,1,12 hrs,high,1500,occasion,party,cold,"Apply 3 layers (~3.8 ml) of beige foundation, 1 layer of bold_nude lipstick, 2 layer of terra_blush blush.",0
images/gen_medium_0341.jpg,Medium,toasted_almond,3,4.6,rose_nude,2,coral_blush,2,dark_espresso,2,medium_beige_concealer,2,10 hrs,high,1280,weather,party,cold,"Apply 3 layers (~4.6 ml) of toasted_almond foundation, 2 layer of rose_nude lipstick, 2 layers of coral_blush blush.",1
images/gen_medium_0342.jpg,Medium,matte_beige,3,4.4,coral,1,soft_blush,2,brown_black,2,medium_beige_concealer,2,8 hrs,low,764,simple,daily,cold,"Apply 3 layers (~4.4 ml) of matte_beige foundation, 2 layer of coral lipstick, 1 layers of soft_blush blush.",2
images/gen_medium_0343.jpg,Medium,sand,1,2.6,brick_red,2,warm_rose_blush,1,black,2,golden_concealer,2,14 hrs,medium,2556,occasion,office,humid,"Apply 1 layer (~2.6 ml) of sand foundation, 2 layer of brick_red lipstick, 1 layer of warm_rose_blush blush.",3
images/gen_medium_0344.jpg,Medium,satin_sand,1,3.0,coral,2,warm_rose_blush,2,black,2,natural_concealer,1,8 hrs,medium,1570,weather,daily,hot,"Apply 1 layer (~3.0 ml) of satin_sand foundation, 2 layer of coral lipstick, 2 layer of warm_rose_blush blush.",4
images/gen_medium_0345.jpg,Medium,matte_beige,3,5.0,red,2,coral_blush,2,dark_espresso,3,medium_beige_concealer,1,10 hrs,medium,2039,occasion,bridal,cold,"Apply 3 layers (~5.0 ml) of matte_beige foundation, 2 layer of red lipstick, 2 layer of coral_blush blush.",5
images/gen_medium_0346.jpg,Medium,honey_beige,1,2.3,bold_coral,1,coral_blush,2,brown_black,1,golden_concealer,1,14 hrs,high,3019,occasion,normal,hot,"Apply 1 layer (~2.3 ml) of honey_beige foundation, 2 layer of bold_coral lipstick, 2 layer of coral_blush blush.",6
images/gen_medium_0347.jpg,Medium,golden_beige,3,3.1,peach_nude,1,soft_blush,2,brown_black,3,sand_concealer,1,12 hrs,medium,1865,occasion,bridal,cold,"Apply 3 layers (~3.1 ml) of golden_beige foundation, 2 layer of peach_nude lipstick, 1 layer of soft_blush blush.",7
images/gen_medium_0348.jpg,Medium,champagne_beige,3,2.8,warm_coral,1,terra_blush,1,dark_espresso,3,natural_concealer,1,8 hrs,low,1732,weather,normal,normal,"Apply 3 layers (~2.8 ml) of champagne_beige foundation, 1 layer of warm_coral lipstick, 1 layers of terra_blush blush.",8
images/gen_medium_0349.jpg,Medium,sand,3,4.3,red,1,golden_blush,2,black,1,sand_concealer,2,8 hrs,low,2100,weather,bridal,normal,"Apply 3 layers (~4.3 ml) of sand foundation, 1 layer of red lipstick, 1 layer of golden_blush blush.",9
images/gen_medium_0350.jpg,Medium,satin_sand,2,5.1,peach_nude,1,coral_blush,1,dark_espresso,1,sand_concealer,1,8 hrs,low,1199,simple,normal,cold,"Apply 2 layers (~5.1 ml) of satin_sand foundation, 1 layer of peach_nude lipstick, 2 layer of coral_blush blush.",0
images/gen_medium_0351.jpg,Medium,satin_sand,2,2.7,brick_red,2,warm_rose_blush,2,dark_espresso,2,warm_concealer,1,12 hrs,low,614,weather,daily,normal,"Apply 2 layers (~2.7 ml) of satin_sand foundation, 2 layer of brick_red lipstick, 2 layer of warm_rose_blush blush.",1
images/gen_medium_0352.jpg,Medium,toasted_almond,2,1.5,peach_nude,2,terra_blush,2,dark_espresso,2,golden_concealer,1,12 hrs,medium,1148,occasion,normal,normal,"Apply 2 layers (~1.5 ml) of toasted_almond foundation, 1 layer of peach_nude lipstick, 2 layer of terra_blush blush.",2
images/gen_medium_0353.jpg,Medium,matte_warm_beige,1,2.3,peach_nude,2,terra_blush,2,dark_espresso,1,warm_concealer,2,10 hrs,medium,2042,occasion,party,hot,"Apply 1 layer (~2.3 ml) of matte_warm_beige foundation, 2 layer of peach_nude lipstick, 1 layers of terra_blush blush.",3
images/gen_medium_0354.jpg,Medium,warm_beige,1,2.7,burnt_sienna,1,warm_rose_blush,1,dark_espresso,3,sand_concealer,1,14 hrs,high,1449,occasion,normal,hot,"Apply 1 layer (~2.7 ml) of warm_beige foundation, 2 layer of burnt_sienna lipstick, 2 layer of warm_rose_blush blush.",4
images/gen_medium_0355.jpg,Medium,champagne_beige,3,3.4,dusty_coral,1,peach_blush,2,black,1,medium_beige_concealer,1,6 hrs,low,798,simple,normal,humid,"Apply 3 layers (~3.4 ml) of champagne_beige foundation, 2 layer of dusty_coral lipstick, 2 layer of peach_blush blush.",5
images/gen_medium_0356.jpg,Medium,warm_beige,2,1.9,peach_nude,2,golden_blush,2,dark_espresso,1,medium_beige_concealer,1,12 hrs,high,1163,occasion,bridal,normal,"Apply 2 layers (~1.9 ml) of warm_beige foundation, 1 layer of peach_nude lipstick, 2 layers of golden_blush blush.",6
images/gen_medium_0357.jpg,Medium,sand,1,2.9,dusty_coral,1,peach_blush,2,black,1,warm_concealer,1,10 hrs,medium,2836,occasion,office,hot,"Apply 1 layer (~2.9 ml) of sand foundation, 2 layer of dusty_coral lipstick, 1 layers of peach_blush blush.",7
images/gen_medium_0358.jpg,Medium,toasted_almond,2,5.0,terracotta,1,apricot_blush,1,black,2,sand_concealer,1,12 hrs,high,710,occasion,party,cold,"Apply 2 layers (~5.0 ml) of toasted_almond foundation, 1 layer of terracotta lipstick, 1 layers of apricot_blush blush.",8
images/gen_medium_0359.jpg,Medium,champagne_beige,1,1.9,bold_coral,2,soft_blush,1,black,3,warm_concealer,1,10 hrs,medium,2887,weather,daily,hot,"Apply 1 layer (~1.9 ml) of champagne_beige foundation, 1 layer of bold_coral lipstick, 1 layers of soft_blush blush.",9
images/gen_medium_0360.jpg,Medium,sand,2,3.2,red,1,peach_blush,1,dark_espresso,2,warm_concealer,1,10 hrs,high,2204,occasion,office,normal,"Apply 2 layers (~3.2 ml) of sand foundation, 1 layer of red lipstick, 1 layers of peach_blush blush.",0
images/gen_medium_0361.jpg,Medium,sand,1,2.6,brick_red,1,golden_blush,1,black,1,warm_concealer,1,8 hrs,low,1303,weather,daily,normal,"Apply 1 layer (~2.6 ml) of sand foundation, 2 layer of brick_red lipstick, 2 layers of golden_blush blush.",1
images/gen_medium_0362.jpg,Medium,warm_beige,1,2.1,terracotta,1,terra_blush,2,brown_black,2,sand_concealer,1,10 hrs,high,1905,weather,daily,hot,"Apply 1 layer (~2.1 ml) of warm_beige foundation, 1 layer of terracotta lipstick, 1 layers of terra_blush blush.",2
images/gen_medium_0363.jpg,Medium,sand,1,1.8,burnt_sienna,1,peach_blush,2,black,1,natural_concealer,2,14 hrs,medium,1932,occasion,bridal,hot,"Apply 1 layer (~1.8 ml) of sand foundation, 1 layer of burnt_sienna lipstick, 1 layers of peach_blush blush.",3
images/gen_medium_0364.jpg,Medium,natural_beige,2,4.6,bold_red,2,coral_blush,2,dark_espresso,3,warm_concealer,1,8 hrs,medium,2657,weather,office,cold,"Apply 2 layers (~4.6 ml) of natural_beige foundation, 1 layer of bold_red lipstick, 2 layers of coral_blush blush.",4
images/gen_medium_0365.jpg,Medium,matte_beige,2,5.1,coral,1,peach_blush,2,black,3,sand_concealer,1,14 hrs,high,646,occasion,office,normal,"Apply 2 layers (~5.1 ml) of matte_beige foundation, 1 layer of coral lipstick, 2 layer of peach_blush blush.",5
images/gen_medium_0366.jpg,Medium,matte_beige,1,1.6,bold_nude,2,golden_blush,2,brown_black,1,warm_concealer,2,6 hrs,low,2075,simple,party,humid,"Apply 1 layer (~1.6 ml) of matte_beige foundation, 1 layer of bold_nude lipstick, 1 layers of golden_blush blush.",6
images/gen_medium_0367.jpg,Medium,sand,1,2.1,rose_nude,1,apricot_blush,2,brown_black,3,natural_concealer,2,10 hrs,high,2251,occasion,bridal,hot,"Apply 1 layer (~2.1 ml) of sand foundation, 2 layer of rose_nude lipstick, 2 layer of apricot_blush blush.",7
images/gen_medium_0368.jpg,Medium,honey_beige,3,5.2,terracotta,2,golden_blush,1,dark_espresso,1,sand_concealer,1,10 hrs,high,1649,weather,normal,normal,"Apply 3 layers (~5.2 ml) of honey_beige foundation, 2 layer of terracotta lipstick, 1 layers of golden_blush blush.",8
images/gen_medium_0369.jpg,Medium,matte_beige,3,3.1,peach_nude,2,warm_rose_blush,2,dark_espresso,1,sand_concealer,2,10 hrs,medium,2395,weather,bridal,cold,"Apply 3 layers (~3.1 ml) of matte_beige foundation, 1 layer of peach_nude lipstick, 1 layers of warm_rose_blush blush.",9
images/gen_medium_0370.jpg,Medium,honey_beige,2,1.6,peach_nude,2,apricot_blush,2,dark_espresso,1,medium_beige_concealer,2,8 hrs,low,1236,simple,party,normal,"Apply 2 layers (~1.6 ml) of honey_beige foundation, 2 layer of peach_nude lipstick, 1 layer of apricot_blush blush.",0
images/gen_medium_0371.jpg,Medium,matte_sand,2,3.4,coral,1,terra_blush,1,black,3,medium_beige_concealer,2,14 hrs,medium,1554,occasion,daily,cold,"Apply 2 layers (~3.4 ml) of matte_sand foundation, 2 layer of coral lipstick, 2 layer of terra_blush blush.",1
images/gen_medium_0372.jpg,Medium,beige,3,2.4,rose_nude,2,coral_blush,2,black,3,sand_concealer,2,6 hrs,low,792,simple,bridal,normal,"Apply 3 layers (~2.4 ml) of beige foundation, 1 layer of rose_nude lipstick, 1 layer of coral_blush blush.",2
images/gen_medium_0373.jpg,Medium,matte_warm_beige,3,3.8,brick_red,2,warm_rose_blush,1,dark_espresso,3,natural_concealer,1,10 hrs,high,935,weather,party,cold,"Apply 3 layers (~3.8 ml) of matte_warm_beige foundation, 1 layer of brick_red lipstick, 2 layer of warm_rose_blush blush.",3
images/gen_medium_0374.jpg,Medium,toasted_almond,1,3.0,burnt_sienna,1,peach_blush,1,brown_black,3,natural_concealer,2,12 hrs,low,3200,weather,office,humid,"Apply 1 layer (~3.0 ml) of toasted_almond foundation, 1 layer of burnt_sienna lipstick, 1 layers of peach_blush blush.",4
images/gen_medium_0375.jpg,Medium,matte_sand,2,2.3,bold_coral,1,peach_blush,2,brown_black,3,medium_beige_concealer,2,12 hrs,medium,1982,weather,daily,humid,"Apply 2 layers (~2.3 ml) of matte_sand foundation, 2 layer of bold_coral lipstick, 2 layer of peach_blush blush.",5
images/gen_medium_0376.jpg,Medium,honey_beige,2,4.1,dusty_coral,1,coral_blush,2,black,2,sand_concealer,2,6 hrs,low,1785,simple,bridal,normal,"Apply 2 layers (~4.1 ml) of honey_beige foundation, 1 layer of dusty_coral lipstick, 1 layers of coral_blush blush.",6
images/gen_medium_0377.jpg,Medium,satin_sand,2,3.5,brick_red,1,terra_blush,2,black,2,medium_beige_concealer,2,6 hrs,low,913,simple,normal,humid,"Apply 2 layers (~3.5 ml) of satin_sand foundation, 2 layer of brick_red lipstick, 1 layer of terra_blush blush.",7
images/gen_medium_0378.jpg,Medium,warm_beige,1,4.3,rose_nude,2,apricot_blush,1,dark_espresso,3,golden_concealer,2,6 hrs,low,987,simple,normal,humid,"Apply 1 layer (~4.3 ml) of warm_beige foundation, 2 layer of rose_nude lipstick, 2 layer of apricot_blush blush.",8
images/gen_medium_0379.jpg,Medium,golden_beige,1,4.5,peach_nude,1,coral_blush,1,dark_espresso,1,golden_concealer,1,12 hrs,high,2931,occasion,office,normal,"Apply 1 layer (~4.5 ml) of golden_beige foundation, 2 layer of peach_nude lipstick, 2 layer of coral_blush blush.",9
images/gen_medium_0380.jpg,Medium,satin_sand,2,3.3,bold_nude,1,apricot_blush,2,black,2,medium_beige_concealer,2,12 hrs,high,2073,weather,bridal,normal,"Apply 2 layers (~3.3 ml) of satin_sand foundation, 2 layer of bold_nude lipstick, 2 layers of apricot_blush blush.",0
images/gen_medium_0381.jpg,Medium,satin_sand,1,2.6,warm_coral,2,warm_rose_blush,2,black,2,warm_concealer,2,12 hrs,high,1416,occasion,office,hot,"Apply 1 layer (~2.6 ml) of satin_sand foundation, 2 layer of warm_coral lipstick, 1 layer of warm_rose_blush blush.",1
images/gen_medium_0382.jpg,Medium,beige,2,4.7,bold_red,1,golden_blush,2,dark_espresso,1,medium_beige_concealer,2,6 hrs,low,1332,simple,bridal,cold,"Apply 2 layers (~4.7 ml) of beige foundation, 1 layer of bold_red lipstick, 1 layer of golden_blush blush.",2
images/gen_medium_0383.jpg,Medium,beige,3,2.0,burnt_sienna,1,terra_blush,1,black,2,golden_concealer,1,12 hrs,high,1948,occasion,daily,humid,"Apply 3 layers (~2.0 ml) of beige foundation, 2 layer of burnt_sienna lipstick, 2 layers of terra_blush blush.",3
images/gen_medium_0384.jpg,Medium,matte_beige,2,2.1,brick_red,2,terra_blush,1,dark_espresso,3,sand_concealer,2,8 hrs,low,1279,simple,office,normal,"Apply 2 layers (~2.1 ml) of matte_beige foundation, 1 layer of brick_red lipstick, 2 layer of terra_blush blush.",4
images/gen_medium_0385.jpg,Medium,warm_beige,2,4.7,brick_red,1,apricot_blush,1,black,1,golden_concealer,2,10 hrs,medium,775,weather,normal,cold,"Apply 2 layers (~4.7 ml) of warm_beige foundation, 2 layer of brick_red lipstick, 1 layer of apricot_blush blush.",5
images/gen_medium_0386.jpg,Medium,toasted_almond,1,1.9,bold_coral,2,coral_blush,2,dark_espresso,3,medium_beige_concealer,2,12 hrs,medium,2948,occasion,bridal,hot,"Apply 1 layer (~1.9 ml) of toasted_almond foundation, 2 layer of bold_coral lipstick, 1 layers of coral_blush blush.",6
images/gen_medium_0387.jpg,Medium,honey_beige,1,2.4,bold_coral,2,peach_blush,1,dark_espresso,2,golden_concealer,2,12 hrs,high,1024,occasion,party,humid,"Apply 1 layer (~2.4 ml) of honey_beige foundation, 1 layer of bold_coral lipstick, 1 layers of peach_blush blush.",7
images/gen_medium_0388.jpg,Medium,golden_beige,1,2.7,nude,2,golden_blush,2,brown_black,2,warm_concealer,2,14 hrs,medium,723,occasion,bridal,humid,"Apply 1 layer (~2.7 ml) of golden_beige foundation, 2 layer of nude lipstick, 2 layers of golden_blush blush.",8
images/gen_medium_0389.jpg,Medium,satin_sand,1,2.0,red,1,golden_blush,2,black,1,natural_concealer,2,12 hrs,medium,1944,occasion,party,hot,"Apply 1 layer (~2.0 ml) of satin_sand foundation, 2 layer of red lipstick, 1 layer of golden_blush blush.",9
images/gen_medium_0390.jpg,Medium,matte_sand,2,5.1,bold_nude,1,apricot_blush,1,black,1,warm_concealer,1,10 hrs,high,2656,weather,normal,cold,"Apply 2 layers (~5.1 ml) of matte_sand foundation, 2 layer of bold_nude lipstick, 2 layer of apricot_blush blush.",0
images/gen_medium_0391.jpg,Medium,matte_beige,2,1.7,nude,2,peach_blush,2,dark_espresso,1,medium_beige_concealer,2,8 hrs,low,847,simple,daily,humid,"Apply 2 layers (~1.7 ml) of matte_beige foundation, 1 layer of nude lipstick, 2 layer of peach_blush blush.",1
images/gen_medium_0392.jpg,Medium,beige,1,1.6,burnt_sienna,1,golden_blush,2,brown_black,2,medium_beige_concealer,2,6 hrs,low,1330,simple,normal,humid,"Apply 1 layer (~1.6 ml) of beige foundation, 2 layer of burnt_sienna lipstick, 2 layers of golden_blush blush.",2
images/gen_medium_0393.jpg,Medium,matte_sand,2,2.7,terracotta,1,golden_blush,2,brown_black,3,golden_concealer,2,6 hrs,low,2026,simple,bridal,humid,"Apply 2 layers (~2.7 ml) of matte_sand foundation, 2 layer of terracotta lipstick, 1 layers of golden_blush blush.",3
images/gen_medium_0394.jpg,Medium,honey_beige,3,4.9,warm_coral,1,soft_blush,1,dark_espresso,1,warm_concealer,2,10 hrs,medium,2930,weather,normal,cold,"Apply 3 layers (~4.9 ml) of honey_beige foundation, 2 layer of warm_coral lipstick, 1 layer of soft_blush blush.",4
images/gen_medium_0395.jpg,Medium,sand,1,2.2,dusty_coral,1,coral_blush,2,brown_black,3,golden_concealer,2,6 hrs,low,522,simple,normal,hot,"Apply 1 layer (~2.2 ml) of sand foundation, 2 layer of dusty_coral lipstick, 2 layer of coral_blush blush.",5
images/gen_medium_0396.jpg,Medium,matte_warm_beige,2,2.8,brick_red,1,terra_blush,2,brown_black,1,sand_concealer,1,14 hrs,medium,1163,occasion,normal,humid,"Apply 2 layers (~2.8 ml) of matte_warm_beige foundation, 1 layer of brick_red lipstick, 1 layers of terra_blush blush.",6
images/gen_medium_0397.jpg,Medium,warm_beige,2,3.1,peach_nude,1,apricot_blush,2,dark_espresso,1,golden_concealer,2,10 hrs,medium,1705,weather,normal,cold,"Apply 2 layers (~3.1 ml) of warm_beige foundation, 1 layer of peach_nude lipstick, 2 layers of apricot_blush blush.",7
images/gen_medium_0398.jpg,Medium,natural_beige,3,4.1,peach_nude,1,peach_blush,2,dark_espresso,3,warm_concealer,1,8 hrs,medium,1172,weather,bridal,humid,"Apply 3 layers (~4.1 ml) of natural_beige foundation, 2 layer of peach_nude lipstick, 2 layers of peach_blush blush.",8
images/gen_medium_0399.jpg,Medium,sand,2,2.2,bold_nude,1,terra_blush,1,black,3,medium_beige_concealer,2,10 hrs,low,2934,weather,party,humid,"Apply 2 layers (~2.2 ml) of sand foundation, 1 layer of bold_nude lipstick, 2 layers of terra_blush blush.",9
images/gen_dusky_0000.jpg,Dusky,chai_latte,2,3.9,deep_coral,2,copper_blush,1,espresso_black,1,caramel_concealer,1,6 hrs,low,921,simple,normal,cold,"Apply 2 layers (~3.9 ml) of chai_latte foundation, 2 layer of deep_coral lipstick, 2 layers of copper_blush blush.",0
images/gen_dusky_0001.jpg,Dusky,desert_sand,2,5.0,cinnamon,1,warm_peach_blush,1,brown_black,1,copper_concealer,1,12 hrs,high,874,weather,office,cold,"Apply 2 layers (~5.0 ml) of desert_sand foundation, 2 layer of cinnamon lipstick, 2 layer of warm_peach_blush blush.",1
images/gen_dusky_0002.jpg,Dusky,toasted_caramel,3,3.2,earth_red,1,sunset_blush,2,dark_brown,2,amber_concealer,2,8 hrs,low,2443,weather,office,cold,"Apply 3 layers (~3.2 ml) of toasted_caramel foundation, 2 layer of earth_red lipstick, 2 layer of sunset_blush blush.",2
images/gen_dusky_0003.jpg,Dusky,spice_beige,2,5.4,warm_nude,2,golden_coral_blush,1,black,1,warm_tan_concealer,2,14 hrs,high,2409,occasion,normal,cold,"Apply 2 layers (~5.4 ml) of spice_beige foundation, 2 layer of warm_nude lipstick, 1 layers of golden_coral_blush blush.",3
images/gen_dusky_0004.jpg,Dusky,tan_beige,2,4.0,mauve_rose,1,dusty_rose_blush,2,espresso_black,2,tan_concealer,1,8 hrs,high,2985,weather,bridal,cold,"Apply 2 layers (~4.0 ml) of tan_beige foundation, 1 layer of mauve_rose lipstick, 2 layers of dusty_rose_blush blush.",4
images/gen_dusky_0005.jpg,Dusky,sun_kissed_tan,3,3.7,copper_nude,1,amber_blush,2,brown_black,1,golden_concealer,1,10 hrs,medium,1224,occasion,daily,cold,"Apply 3 layers (~3.7 ml) of sun_kissed_tan foundation, 1 layer of copper_nude lipstick, 2 layer of amber_blush blush.",5
images/gen_dusky_0006.jpg,Dusky,bronze_beige,1,1.7,burnt_orange,1,bronze_blush,2,dark_brown,3,copper_concealer,1,6 hrs,low,2151,simple,normal,humid,"Apply 1 layer (~1.7 ml) of bronze_beige foundation, 1 layer of burnt_orange lipstick, 2 layers of bronze_blush blush.",6
images/gen_dusky_0007.jpg,Dusky,caramel_beige,3,2.1,fig,1,terracotta_blush,2,espresso_black,2,amber_concealer,2,12 hrs,medium,982,occasion,bridal,normal,"Apply 3 layers (~2.1 ml) of caramel_beige foundation, 1 layer of fig lipstick, 2 layer of terracotta_blush blush.",7
images/gen_dusky_0008.jpg,Dusky,warm_copper,2,1.9,terracotta,1,warm_peach_blush,2,espresso_black,2,amber_concealer,1,10 hrs,medium,1510,occasion,normal,normal,"Apply 2 layers (~1.9 ml) of warm_copper foundation, 1 layer of terracotta lipstick, 1 layer of warm_peach_blush blush.",8
images/gen_dusky_0009.jpg,Dusky,deep_sand,1,1.9,warm_berry,2,golden_coral_blush,2,dark_brown,3,warm_tan_concealer,2,12 hrs,medium,1583,occasion,party,hot,"Apply 1 layer (~1.9 ml) of deep_sand foundation, 2 layer of warm_berry lipstick, 1 layer of golden_coral_blush blush.",9
images/gen_dusky_0010.jpg,Dusky,warm_tan,3,5.1,deep_peach,2,golden_coral_blush,1,dark_brown,2,amber_concealer,2,6 hrs,low,871,simple,party,cold,"Apply 3 layers (~5.1 ml) of warm_tan foundation, 1 layer of deep_peach lipstick, 2 layers of golden_coral_blush blush.",0
images/gen_dusky_0011.jpg,Dusky,amber_beige,2,4.3,dusty_mauve,1,dusty_rose_blush,2,espresso_black,1,golden_concealer,1,12 hrs,low,2226,weather,office,cold,"Apply 2 layers (~4.3 ml) of amber_beige foundation, 2 layer of dusty_mauve lipstick, 1 layers of dusty_rose_blush blush.",1
images/gen_dusky_0012.jpg,Dusky,golden_tan,3,3.4,sienna,2,dusty_rose_blush,2,brown_black,3,copper_concealer,2,14 hrs,medium,2476,occasion,office,cold,"Apply 3 layers (~3.4 ml) of golden_tan foundation, 2 layer of sienna lipstick, 2 layer of dusty_rose_blush blush.",2
images/gen_dusky_0013.jpg,Dusky,satin_tan,1,2.9,rust_red,2,copper_blush,1,brown_black,3,amber_concealer,1,12 hrs,low,1032,weather,party,hot,"Apply 1 layer (~2.9 ml) of satin_tan foundation, 1 layer of rust_red lipstick, 1 layer of copper_blush blush.",3
images/gen_dusky_0014.jpg,Dusky,matte_tan,1,1.7,brick_red,2,dusty_rose_blush,2,black,1,copper_concealer,1,10 hrs,medium,1467,weather,bridal,hot,"Apply 1 layer (~1.7 ml) of matte_tan foundation, 1 layer of brick_red lipstick, 1 layer of dusty_rose_blush blush.",4
images/gen_dusky_0015.jpg,Dusky,tan_beige,3,2.5,cinnamon,2,warm_peach_blush,2,espresso_black,2,tan_concealer,1,8 hrs,low,892,simple,party,normal,"Apply 3 layers (~2.5 ml) of tan_beige foundation, 2 layer of cinnamon lipstick, 2 layer of warm_peach_blush blush.",5
images/gen_dusky_0016.jpg,Dusky,sun_kissed_tan,3,5.0,dusty_mauve,1,bronze_blush,2,espresso_black,2,caramel_concealer,2,14 hrs,high,2553,occasion,bridal,cold,"Apply 3 layers (~5.0 ml) of sun_kissed_tan foundation, 1 layer of dusty_mauve lipstick, 1 layer of bronze_blush blush.",6
images/gen_dusky_0017.jpg,Dusky,deep_sand,1,4.1,deep_coral,2,terracotta_blush,1,dark_brown,2,golden_concealer,1,6 hrs,low,1667,simple,daily,humid,"Apply 1 layer (~4.1 ml) of deep_sand foundation, 2 layer of deep_coral lipstick, 1 layers of terracotta_blush blush.",7
images/gen_dusky_0018.jpg,Dusky,golden_tan,2,5.3,dusty_mauve,1,bronze_blush,1,brown_black,2,tan_concealer,1,12 hrs,medium,2853,occasion,office,humid,"Apply 2 layers (~5.3 ml) of golden_tan foundation, 2 layer of dusty_mauve lipstick, 1 layers of bronze_blush blush.",8
images/gen_dusky_0019.jpg,Dusky,matte_tan,1,2.5,dusty_mauve,2,copper_blush,2,black,1,amber_concealer,1,10 hrs,low,2236,weather,party,hot,"Apply 1 layer (~2.5 ml) of matte_tan foundation, 2 layer of dusty_mauve lipstick, 2 layers of copper_blush blush.",9
images/gen_dusky_0020.jpg,Dusky,spice_beige,3,3.5,cinnamon,2,golden_coral_blush,2,black,2,caramel_concealer,1,12 hrs,high,2954,weather,party,cold,"Apply 3 layers (~3.5 ml) of spice_beige foundation, 2 layer of cinnamon lipstick, 1 layer of golden_coral_blush blush.",0
images/gen_dusky_0021.jpg,Dusky,matte_tan,2,4.2,warm_nude,2,copper_blush,1,espresso_black,3,caramel_concealer,1,8 hrs,high,1963,weather,bridal,normal,"Apply 2 layers (~4.2 ml) of matte_tan foundation, 1 layer of warm_nude lipstick, 2 layers of copper_blush blush.",1
images/gen_dusky_0022.jpg,Dusky,deep_sand,2,3.3,dusty_mauve,1,copper_blush,2,espresso_black,2,caramel_concealer,1,8 hrs,high,1101,weather,normal,cold,"Apply 2 layers (~3.3 ml) of deep_sand foundation, 1 layer of dusty_mauve lipstick, 2 layer of copper_blush blush.",2
images/gen_dusky_0023.jpg,Dusky,tan_beige,1,2.6,warm_nude,2,copper_blush,1,black,3,caramel_concealer,1,10 hrs,medium,2032,weather,normal,hot,"Apply 1 layer (~2.6 ml) of tan_beige foundation, 1 layer of warm_nude lipstick, 1 layers of copper_blush blush.",3
images/gen_dusky_0024.jpg,Dusky,toasted_caramel,2,4.5,rust_red,2,terracotta_blush,1,brown_black,1,warm_tan_concealer,2,8 hrs,medium,3191,weather,party,normal,"Apply 2 layers (~4.5 ml) of toasted_caramel foundation, 2 layer of rust_red lipstick, 2 layer of terracotta_blush blush.",4
images/gen_dusky_0025.jpg,Dusky,tan_beige,3,3.2,deep_peach,2,sunset_blush,2,dark_brown,2,tan_concealer,1,6 hrs,low,1904,simple,bridal,cold,"Apply 3 layers (~3.2 ml) of tan_beige foundation, 2 layer of deep_peach lipstick, 2 layers of sunset_blush blush.",5
images/gen_dusky_0026.jpg,Dusky,warm_copper,3,3.5,dusty_mauve,1,copper_blush,1,brown_black,3,tan_concealer,2,14 hrs,medium,1745,occasion,daily,cold,"Apply 3 layers (~3.5 ml) of warm_copper foundation, 1 layer of dusty_mauve lipstick, 2 layers of copper_blush blush.",6
images/gen_dusky_0027.jpg,Dusky,sun_kissed_tan,1,2.1,mauve_rose,2,golden_coral_blush,1,brown_black,2,tan_concealer,1,14 hrs,medium,897,occasion,daily,humid,"Apply 1 layer (~2.1 ml) of sun_kissed_tan foundation, 2 layer of mauve_rose lipstick, 2 layer of golden_coral_blush blush.",7
images/gen_dusky_0028.jpg,Dusky,toasted_caramel,1,2.8,dusty_mauve,1,sunset_blush,2,dark_brown,3,caramel_concealer,2,14 hrs,high,1422,occasion,office,hot,"Apply 1 layer (~2.8 ml) of toasted_caramel foundation, 2 layer of dusty_mauve lipstick, 2 layers of sunset_blush blush.",8
images/gen_dusky_0029.jpg,Dusky,matte_tan,2,2.1,terracotta,2,sunset_blush,2,brown_black,2,copper_concealer,1,10 hrs,high,3106,occasion,party,humid,"Apply 2 layers (~2.1 ml) of matte_tan foundation, 1 layer of terracotta lipstick, 1 layers of sunset_blush blush.",9
images/gen_dusky_0030.jpg,Dusky,sun_kissed_tan,1,2.3,sienna,1,golden_coral_blush,2,black,1,golden_concealer,2,6 hrs,low,2761,simple,daily,hot,"Apply 1 layer (~2.3 ml) of sun_kissed_tan foundation, 1 layer of sienna lipstick, 1 layers of golden_coral_blush blush.",0
images/gen_dusky_0031.jpg,Dusky,deep_sand,2,4.4,earth_red,1,amber_blush,2,espresso_black,2,warm_tan_concealer,1,8 hrs,low,2970,weather,office,normal,"Apply 2 layers (~4.4 ml) of deep_sand foundation, 2 layer of earth_red lipstick, 1 layer of amber_blush blush.",1
images/gen_dusky_0032.jpg,Dusky,caramel_beige,1,2.7,cinnamon,2,bronze_blush,1,black,2,copper_concealer,2,12 hrs,medium,2700,occasion,daily,hot,"Apply 1 layer (~2.7 ml) of caramel_beige foundation, 1 layer of cinnamon lipstick, 2 layers of bronze_blush blush.",2
images/gen_dusky_0033.jpg,Dusky,matte_tan,2,3.4,fig,1,golden_coral_blush,1,black,1,golden_concealer,2,6 hrs,low,2874,simple,daily,normal,"Apply 2 layers (~3.4 ml) of matte_tan foundation, 2 layer of fig lipstick, 2 layers of golden_coral_blush blush.",3
images/gen_dusky_0034.jpg,Dusky,caramel_beige,2,5.3,brick_red,1,bronze_blush,2,espresso_black,2,copper_concealer,2,8 hrs,low,2321,simple,office,cold,"Apply 2 layers (~5.3 ml) of caramel_beige foundation, 1 layer of brick_red lipstick, 2 layers of bronze_blush blush.",4
images/gen_dusky_0035.jpg,Dusky,caramel_beige,2,3.4,earth_red,2,sunset_blush,2,espresso_black,3,copper_concealer,2,12 hrs,medium,1707,occasion,normal,cold,"Apply 2 layers (~3.4 ml) of caramel_beige foundation, 2 layer of earth_red lipstick, 2 layer of sunset_blush blush.",5
images/gen_dusky_0036.jpg,Dusky,tan_beige,1,2.1,copper_nude,2,amber_blush,2,espresso_black,3,warm_tan_concealer,1,6 hrs,low,1909,simple,office,hot,"Apply 1 layer (~2.1 ml) of tan_beige foundation, 1 layer of copper_nude lipstick, 2 layers of amber_blush blush.",6
images/gen_dusky_0037.jpg,Dusky,golden_tan,2,5.0,copper_nude,2,dusty_rose_blush,1,dark_brown,2,caramel_concealer,1,10 hrs,high,1418,weather,office,humid,"Apply 2 layers (~5.0 ml) of golden_tan foundation, 2 layer of copper_nude lipstick, 1 layer of dusty_rose_blush blush.",7
images/gen_dusky_0038.jpg,Dusky,deep_sand,3,2.3,sienna,2,terracotta_blush,1,dark_brown,2,copper_concealer,1,8 hrs,low,1611,simple,bridal,normal,"Apply 3 layers (~2.3 ml) of deep_sand foundation, 1 layer of sienna lipstick, 2 layer of terracotta_blush blush.",8
images/gen_dusky_0039.jpg,Dusky,golden_tan,1,1.9,deep_peach,2,amber_blush,2,dark_brown,1,copper_concealer,1,10 hrs,high,760,weather,daily,hot,"Apply 1 layer (~1.9 ml) of golden_tan foundation, 2 layer of deep_peach lipstick, 1 layer of amber_blush blush.",9
images/gen_dusky_0040.jpg,Dusky,deep_sand,2,4.5,burnt_orange,1,terracotta_blush,2,espresso_black,1,copper_concealer,2,8 hrs,low,1308,simple,daily,cold,"Apply 2 layers (~4.5 ml) of deep_sand foundation, 1 layer of burnt_orange lipstick, 1 layers of terracotta_blush blush.",0
images/gen_dusky_0041.jpg,Dusky,spice_beige,1,2.4,earth_red,2,bronze_blush,2,brown_black,3,copper_concealer,2,8 hrs,low,2517,simple,daily,hot,"Apply 1 layer (~2.4 ml) of spice_beige foundation, 1 layer of earth_red lipstick, 2 layer of bronze_blush blush.",1
images/gen_dusky_0042.jpg,Dusky,matte_tan,3,2.6,copper_nude,1,amber_blush,2,espresso_black,1,golden_concealer,2,12 hrs,medium,2587,weather,office,normal,"Apply 3 layers (~2.6 ml) of matte_tan foundation, 2 layer of copper_nude lipstick, 2 layer of amber_blush blush.",2
images/gen_dusky_0043.jpg,Dusky,satin_tan,1,2.5,rust_red,2,warm_peach_blush,2,dark_brown,3,tan_concealer,2,10 hrs,high,921,occasion,bridal,hot,"Apply 1 layer (~2.5 ml) of satin_tan foundation, 1 layer of rust_red lipstick, 1 layers of warm_peach_blush blush.",3
images/gen_dusky_0044.jpg,Dusky,warm_copper,3,5.0,warm_nude,2,sunset_blush,2,brown_black,2,copper_concealer,2,8 hrs,high,1093,weather,bridal,cold,"Apply 3 layers (~5.0 ml) of warm_copper foundation, 2 layer of warm_nude lipstick, 2 layer of sunset_blush blush.",4
images/gen_dusky_0045.jpg,Dusky,tan_beige,3,4.9,dusty_mauve,1,sunset_blush,2,dark_brown,2,caramel_concealer,2,10 hrs,high,596,occasion,party,cold,"Apply 3 layers (~4.9 ml) of tan_beige foundation, 2 layer of dusty_mauve lipstick, 1 layer of sunset_blush blush.",5
images/gen_dusky_0046.jpg,Dusky,sun_kissed_tan,3,3.7,warm_berry,2,dusty_rose_blush,2,espresso_black,3,tan_concealer,2,10 hrs,medium,688,occasion,party,humid,"Apply 3 layers (~3.7 ml) of sun_kissed_tan foundation, 1 layer of warm_berry lipstick, 1 layer of dusty_rose_blush blush.",6
images/gen_dusky_0047.jpg,Dusky,satin_tan,3,3.1,brick_red,1,sunset_blush,2,brown_black,3,golden_concealer,2,8 hrs,high,1121,weather,party,cold,"Apply 3 layers (~3.1 ml) of satin_tan foundation, 1 layer of brick_red lipstick, 2 layer of sunset_blush blush.",7
images/gen_dusky_0048.jpg,Dusky,sun_kissed_tan,2,4.1,warm_berry,2,copper_blush,2,espresso_black,2,copper_concealer,1,8 hrs,low,1254,simple,daily,cold,"Apply 2 layers (~4.1 ml) of sun_kissed_tan foundation, 1 layer of warm_berry lipstick, 1 layer of copper_blush blush.",8
images/gen_dusky_0049.jpg,Dusky,matte_tan,1,2.5,sienna,2,terracotta_blush,1,dark_brown,3,tan_concealer,1,14 hrs,high,2598,occasion,daily,hot,"Apply 1 layer (~2.5 ml) of matte_tan foundation, 2 layer of sienna lipstick, 2 layers of terracotta_blush blush.",9
images/gen_dusky_0050.jpg,Dusky,matte_tan,3,5.0,sienna,1,sunset_blush,1,black,3,copper_concealer,2,12 hrs,high,2998,occasion,office,humid,"Apply 3 layers (~5.0 ml) of matte_tan foundation, 1 layer of sienna lipstick, 1 layer of sunset_blush blush.",0
images/gen_dusky_0051.jpg,Dusky,warm_copper,2,3.4,mauve_rose,1,bronze_blush,2,dark_brown,3,copper_concealer,2,12 hrs,low,526,weather,office,normal,"Apply 2 layers (~3.4 ml) of warm_copper foundation, 2 layer of mauve_rose lipstick, 2 layers of bronze_blush blush.",1
images/gen_dusky_0052.jpg,Dusky,warm_copper,1,1.7,fig,1,sunset_blush,1,brown_black,1,copper_concealer,2,8 hrs,high,1243,weather,party,hot,"Apply 1 layer (~1.7 ml) of warm_copper foundation, 1 layer of fig lipstick, 2 layer of sunset_blush blush.",2
images/gen_dusky_0053.jpg,Dusky,satin_tan,1,3.7,copper_nude,1,sunset_blush,2,dark_brown,2,copper_concealer,1,6 hrs,low,1389,simple,normal,normal,"Apply 1 layer (~3.7 ml) of satin_tan foundation, 1 layer of copper_nude lipstick, 1 layers of sunset_blush blush.",3
images/gen_dusky_0054.jpg,Dusky,bronze_beige,1,2.1,terracotta,1,dusty_rose_blush,1,brown_black,1,caramel_concealer,1,12 hrs,medium,1167,occasion,daily,hot,"Apply 1 layer (~2.1 ml) of bronze_beige foundation, 1 layer of terracotta lipstick, 1 layers of dusty_rose_blush blush.",4
images/gen_dusky_0055.jpg,Dusky,bronze_beige,3,3.9,deep_coral,1,amber_blush,2,black,1,amber_concealer,1,8 hrs,low,2056,simple,normal,humid,"Apply 3 layers (~3.9 ml) of bronze_beige foundation, 2 layer of deep_coral lipstick, 2 layers of amber_blush blush.",5
images/gen_dusky_0056.jpg,Dusky,spice_beige,2,5.3,rust_red,1,copper_blush,2,dark_brown,3,copper_concealer,2,10 hrs,high,685,occasion,party,normal,"Apply 2 layers (~5.3 ml) of spice_beige foundation, 1 layer of rust_red lipstick, 2 layers of copper_blush blush.",6
images/gen_dusky_0057.jpg,Dusky,amber_beige,1,2.3,cinnamon,2,terracotta_blush,1,black,2,amber_concealer,1,6 hrs,low,1215,simple,office,hot,"Apply 1 layer (~2.3 ml) of amber_beige foundation, 1 layer of cinnamon lipstick, 2 layers of terracotta_blush blush.",7
images/gen_dusky_0058.jpg,Dusky,caramel_beige,1,4.6,brick_red,2,golden_coral_blush,1,espresso_black,2,golden_concealer,1,8 hrs,medium,1091,weather,office,humid,"Apply 1 layer (~4.6 ml) of caramel_beige foundation, 2 layer of brick_red lipstick, 1 layer of golden_coral_blush blush.",8
images/gen_dusky_0059.jpg,Dusky,tan_beige,3,3.6,mauve_rose,2,amber_blush,2,black,3,caramel_concealer,2,10 hrs,medium,1050,occasion,normal,humid,"Apply 3 layers (~3.6 ml) of tan_beige foundation, 1 layer of mauve_rose lipstick, 1 layers of amber_blush blush.",9
images/gen_dusky_0060.jpg,Dusky,satin_tan,2,5.1,rust_red,1,sunset_blush,1,black,1,caramel_concealer,1,10 hrs,low,3200,weather,normal,normal,"Apply 2 layers (~5.1 ml) of satin_tan foundation, 2 layer of rust_red lipstick, 1 layer of sunset_blush blush.",0
images/gen_dusky_0061.jpg,Dusky,caramel_beige,2,5.0,deep_coral,2,copper_blush,1,dark_brown,2,copper_concealer,2,6 hrs,low,2035,simple,normal,humid,"Apply 2 layers (~5.0 ml) of caramel_beige foundation, 2 layer of deep_coral lipstick, 2 layers of copper_blush blush.",1
images/gen_dusky_0062.jpg,Dusky,tan_beige,3,1.7,warm_nude,2,terracotta_blush,2,dark_brown,2,warm_tan_concealer,1,8 hrs,low,3075,weather,office,normal,"Apply 3 layers (~1.7 ml) of tan_beige foundation, 2 layer of warm_nude lipstick, 2 layer of terracotta_blush blush.",2
images/gen_dusky_0063.jpg,Dusky,desert_sand,3,3.3,warm_berry,2,sunset_blush,1,espresso_black,3,warm_tan_concealer,2,10 hrs,high,2626,weather,party,cold,"Apply 3 layers (~3.3 ml) of desert_sand foundation, 2 layer of warm_berry lipstick, 2 layers of sunset_blush blush.",3
images/gen_dusky_0064.jpg,Dusky,warm_tan,2,3.2,warm_berry,1,copper_blush,1,dark_brown,2,golden_concealer,1,12 hrs,medium,1080,occasion,daily,cold,"Apply 2 layers (~3.2 ml) of warm_tan foundation, 2 layer of warm_berry lipstick, 2 layers of copper_blush blush.",4
images/gen_dusky_0065.jpg,Dusky,tan_beige,2,4.4,fig,1,sunset_blush,1,dark_brown,3,copper_concealer,1,12 hrs,high,1122,weather,office,cold,"Apply 2 layers (~4.4 ml) of tan_beige foundation, 1 layer of fig lipstick, 2 layer of sunset_blush blush.",5
images/gen_dusky_0066.jpg,Dusky,chai_latte,3,3.7,cinnamon,2,dusty_rose_blush,2,espresso_black,1,warm_tan_concealer,1,12 hrs,medium,742,weather,daily,cold,"Apply 3 layers (~3.7 ml) of chai_latte foundation, 2 layer of cinnamon lipstick, 1 layer of dusty_rose_blush blush.",6
images/gen_dusky_0067.jpg,Dusky,desert_sand,1,2.7,warm_nude,1,golden_coral_blush,1,brown_black,2,amber_concealer,1,10 hrs,high,2144,occasion,daily,hot,"Apply 1 layer (~2.7 ml) of desert_sand foundation, 1 layer of warm_nude lipstick, 1 layers of golden_coral_blush blush.",7
images/gen_dusky_0068.jpg,Dusky,tan_beige,1,2.5,rust_red,2,bronze_blush,2,espresso_black,1,amber_concealer,2,8 hrs,low,1129,simple,daily,hot,"Apply 1 layer (~2.5 ml) of tan_beige foundation, 1 layer of rust_red lipstick, 2 layer of bronze_blush blush.",8
images/gen_dusky_0069.jpg,Dusky,bronze_beige,3,3.3,sienna,2,warm_peach_blush,1,brown_black,3,golden_concealer,2,8 hrs,low,2271,simple,bridal,cold,"Apply 3 layers (~3.3 ml) of bronze_beige foundation, 1 layer of sienna lipstick, 1 layer of warm_peach_blush blush.",9
images/gen_dusky_0070.jpg,Dusky,bronze_beige,3,4.4,rust_red,1,copper_blush,2,espresso_black,1,tan_concealer,2,12 hrs,high,1588,occasion,party,normal,"Apply 3 layers (~4.4 ml) of bronze_beige foundation, 1 layer of rust_red lipstick, 1 layers of copper_blush blush.",0
images/gen_dusky_0071.jpg,Dusky,tan_beige,3,3.6,sienna,2,bronze_blush,2,black,2,amber_concealer,1,8 hrs,low,1922,simple,party,humid,"Apply 3 layers (~3.6 ml) of tan_beige foundation, 1 layer of sienna lipstick, 1 layer of bronze_blush blush.",1
images/gen_dusky_0072.jpg,Dusky,chai_latte,1,2.4,terracotta,2,amber_blush,1,dark_brown,3,tan_concealer,2,10 hrs,high,1538,weather,party,hot,"Apply 1 layer (~2.4 ml) of chai_latte foundation, 2 layer of terracotta lipstick, 1 layers of amber_blush blush.",2
images/gen_dusky_0073.jpg,Dusky,desert_sand,2,3.8,fig,1,warm_peach_blush,2,dark_brown,1,amber_concealer,2,14 hrs,high,1940,occasion,bridal,cold,"Apply 2 layers (~3.8 ml) of desert_sand foundation, 2 layer of fig lipstick, 2 layers of warm_peach_blush blush.",3
images/gen_dusky_0074.jpg,Dusky,warm_copper,2,1.9,dusty_mauve,2,sunset_blush,2,brown_black,2,copper_concealer,2,12 hrs,low,2293,weather,daily,humid,"Apply 2 layers (~1.9 ml) of warm_copper foundation, 1 layer of dusty_mauve lipstick, 2 layer of sunset_blush blush.",4
images/gen_dusky_0075.jpg,Dusky,desert_sand,1,2.4,warm_berry,1,warm_peach_blush,2,brown_black,2,amber_concealer,1,14 hrs,high,1893,occasion,party,hot,"Apply 1 layer (~2.4 ml) of desert_sand foundation, 1 layer of warm_berry lipstick, 1 layer of warm_peach_blush blush.",5
images/gen_dusky_0076.jpg,Dusky,caramel_beige,3,4.5,cinnamon,2,terracotta_blush,1,dark_brown,3,amber_concealer,1,8 hrs,medium,1504,weather,bridal,cold,"Apply 3 layers (~4.5 ml) of caramel_beige foundation, 1 layer of cinnamon lipstick, 2 layer of terracotta_blush blush.",6
images/gen_dusky_0077.jpg,Dusky,spice_beige,1,1.9,sienna,2,dusty_rose_blush,2,brown_black,3,caramel_concealer,2,6 hrs,low,1990,simple,party,hot,"Apply 1 layer (~1.9 ml) of spice_beige foundation, 1 layer of sienna lipstick, 2 layer of dusty_rose_blush blush.",7
images/gen_dusky_0078.jpg,Dusky,satin_tan,3,3.2,copper_nude,1,amber_blush,2,dark_brown,3,tan_concealer,1,14 hrs,medium,2405,occasion,party,cold,"Apply 3 layers (~3.2 ml) of satin_tan foundation, 2 layer of copper_nude lipstick, 2 layer of amber_blush blush.",8
images/gen_dusky_0079.jpg,Dusky,warm_tan,3,3.3,warm_nude,1,terracotta_blush,1,brown_black,3,amber_concealer,2,14 hrs,high,767,occasion,daily,normal,"Apply 3 layers (~3.3 ml) of warm_tan foundation, 1 layer of warm_nude lipstick, 2 layers of terracotta_blush blush.",9
images/gen_dusky_0080.jpg,Dusky,caramel_beige,1,2.1,rust_red,2,dusty_rose_blush,1,espresso_black,3,amber_concealer,2,8 hrs,medium,527,weather,bridal,hot,"Apply 1 layer (~2.1 ml) of caramel_beige foundation, 2 layer of rust_red lipstick, 2 layer of dusty_rose_blush blush.",0
images/gen_dusky_0081.jpg,Dusky,amber_beige,1,2.3,deep_coral,2,amber_blush,1,dark_brown,1,warm_tan_concealer,2,12 hrs,low,2851,weather,normal,hot,"Apply 1 layer (~2.3 ml) of amber_beige foundation, 1 layer of deep_coral lipstick, 2 layer of amber_blush blush.",1
images/gen_dusky_0082.jpg,Dusky,warm_tan,3,3.4,brick_red,1,sunset_blush,1,dark_brown,2,copper_concealer,2,10 hrs,low,1321,weather,party,normal,"Apply 3 layers (~3.4 ml) of warm_tan foundation, 2 layer of brick_red lipstick, 2 layers of sunset_blush blush.",2
images/gen_dusky_0083.jpg,Dusky,toasted_caramel,2,3.3,brick_red,1,terracotta_blush,1,black,3,amber_concealer,1,6 hrs,low,519,simple,bridal,normal,"Apply 2 layers (~3.3 ml) of toasted_caramel foundation, 1 layer of brick_red lipstick, 2 layer of terracotta_blush blush.",3
images/gen_dusky_0084.jpg,Dusky,golden_tan,2,5.4,warm_berry,2,amber_blush,1,espresso_black,3,tan_concealer,1,10 hrs,high,2323,occasion,office,cold,"Apply 2 layers (~5.4 ml) of golden_tan foundation, 1 layer of warm_berry lipstick, 2 layer of amber_blush blush.",4
images/gen_dusky_0085.jpg,Dusky,desert_sand,3,5.1,earth_red,1,copper_blush,2,espresso_black,1,tan_concealer,1,6 hrs,low,3011,simple,daily,normal,"Apply 3 layers (~5.1 ml) of desert_sand foundation, 2 layer of earth_red lipstick, 1 layer of copper_blush blush.",5
images/gen_dusky_0086.jpg,Dusky,caramel_beige,1,4.2,mauve_rose,2,warm_peach_blush,1,dark_brown,2,caramel_concealer,1,10 hrs,high,2629,occasion,daily,humid,"Apply 1 layer (~4.2 ml) of caramel_beige foundation, 1 layer of mauve_rose lipstick, 2 layer of warm_peach_blush blush.",6
images/gen_dusky_0087.jpg,Dusky,satin_tan,3,4.1,warm_nude,2,dusty_rose_blush,1,dark_brown,2,golden_concealer,1,8 hrs,low,2512,simple,bridal,humid,"Apply 3 layers (~4.1 ml) of satin_tan foundation, 2 layer of warm_nude lipstick, 2 layers of dusty_rose_blush blush.",7
images/gen_dusky_0088.jpg,Dusky,desert_sand,3,3.1,fig,2,copper_blush,1,black,3,amber_concealer,2,8 hrs,low,696,simple,bridal,humid,"Apply 3 layers (~3.1 ml) of desert_sand foundation, 1 layer of fig lipstick, 1 layer of copper_blush blush.",8
images/gen_dusky_0089.jpg,Dusky,spice_beige,2,2.3,copper_nude,1,golden_coral_blush,2,dark_brown,1,amber_concealer,1,12 hrs,low,1811,weather,normal,humid,"Apply 2 layers (~2.3 ml) of spice_beige foundation, 2 layer of copper_nude lipstick, 1 layer of golden_coral_blush blush.",9
images/gen_dusky_0090.jpg,Dusky,tan_beige,1,3.8,earth_red,1,golden_coral_blush,2,dark_brown,1,copper_concealer,2,6 hrs,low,1435,simple,office,humid,"Apply 1 layer (~3.8 ml) of tan_beige foundation, 1 layer of earth_red lipstick, 2 layer of golden_coral_blush blush.",0
images/gen_dusky_0091.jpg,Dusky,chai_latte,1,3.9,earth_red,2,golden_coral_blush,2,espresso_black,2,warm_tan_concealer,2,14 hrs,high,1276,occasion,bridal,normal,"Apply 1 layer (~3.9 ml) of chai_latte foundation, 2 layer of earth_red lipstick, 2 layer of golden_coral_blush blush.",1
images/gen_dusky_0092.jpg,Dusky,warm_copper,1,4.3,deep_peach,2,amber_blush,1,black,1,copper_concealer,2,12 hrs,medium,1185,occasion,daily,normal,"Apply 1 layer (~4.3 ml) of warm_copper foundation, 1 layer of deep_peach lipstick, 1 layer of amber_blush blush.",2
images/gen_dusky_0093.jpg,Dusky,warm_tan,3,2.6,fig,1,bronze_blush,1,brown_black,2,warm_tan_concealer,2,12 hrs,medium,947,weather,bridal,humid,"Apply 3 layers (~2.6 ml) of warm_tan foundation, 1 layer of fig lipstick, 2 layer of bronze_blush blush.",3
images/gen_dusky_0094.jpg,Dusky,caramel_beige,2,2.2,dusty_mauve,1,sunset_blush,1,brown_black,3,copper_concealer,2,6 hrs,low,679,simple,office,normal,"Apply 2 layers (~2.2 ml) of caramel_beige foundation, 1 layer of dusty_mauve lipstick, 2 layer of sunset_blush blush.",4
images/gen_dusky_0095.jpg,Dusky,caramel_beige,2,5.2,earth_red,1,terracotta_blush,1,brown_black,3,caramel_concealer,1,10 hrs,medium,1875,weather,normal,humid,"Apply 2 layers (~5.2 ml) of caramel_beige foundation, 1 layer of earth_red lipstick, 2 layer of terracotta_blush blush.",5
images/gen_dusky_0096.jpg,Dusky,matte_tan,1,4.9,warm_berry,1,warm_peach_blush,2,dark_brown,3,amber_concealer,1,12 hrs,high,3033,weather,party,normal,"Apply 1 layer (~4.9 ml) of matte_tan foundation, 2 layer of warm_berry lipstick, 1 layer of warm_peach_blush blush.",6
images/gen_dusky_0097.jpg,Dusky,caramel_beige,1,2.1,terracotta,1,golden_coral_blush,1,black,3,amber_concealer,1,8 hrs,high,581,weather,office,humid,"Apply 1 layer (~2.1 ml) of caramel_beige foundation, 1 layer of terracotta lipstick, 2 layer of golden_coral_blush blush.",7
images/gen_dusky_0098.jpg,Dusky,caramel_beige,3,4.0,rust_red,2,dusty_rose_blush,2,espresso_black,1,golden_concealer,1,10 hrs,high,1674,weather,party,humid,"Apply 3 layers (~4.0 ml) of caramel_beige foundation, 2 layer of rust_red lipstick, 2 layer of dusty_rose_blush blush.",8
images/gen_dusky_0099.jpg,Dusky,desert_sand,1,3.0,brick_red,1,warm_peach_blush,2,black,1,caramel_concealer,2,8 hrs,medium,2224,weather,office,humid,"Apply 1 layer (~3.0 ml) of desert_sand foundation, 2 layer of brick_red lipstick, 1 layers of warm_peach_blush blush.",9
images/gen_dusky_0100.jpg,Dusky,warm_copper,2,3.4,dusty_mauve,2,warm_peach_blush,2,dark_brown,3,warm_tan_concealer,2,12 hrs,high,2035,occasion,daily,humid,"Apply 2 layers (~3.4 ml) of warm_copper foundation, 1 layer of dusty_mauve lipstick, 1 layer of warm_peach_blush blush.",0
images/gen_dusky_0101.jpg,Dusky,deep_sand,1,3.4,brick_red,2,golden_coral_blush,2,black,1,warm_tan_concealer,2,12 hrs,high,597,weather,bridal,normal,"Apply 1 layer (~3.4 ml) of deep_sand foundation, 1 layer of brick_red lipstick, 2 layer of golden_coral_blush blush.",1
images/gen_dusky_0102.jpg,Dusky,golden_tan,2,4.6,dusty_mauve,1,sunset_blush,1,brown_black,1,warm_tan_concealer,1,12 hrs,low,587,weather,office,cold,"Apply 2 layers (~4.6 ml) of golden_tan foundation, 1 layer of dusty_mauve lipstick, 2 layers of sunset_blush blush.",2
images/gen_dusky_0103.jpg,Dusky,caramel_beige,3,3.5,brick_red,2,bronze_blush,1,espresso_black,2,amber_concealer,2,6 hrs,low,915,simple,normal,cold,"Apply 3 layers (~3.5 ml) of caramel_beige foundation, 2 layer of brick_red lipstick, 2 layers of bronze_blush blush.",3
images/gen_dusky_0104.jpg,Dusky,deep_sand,3,3.4,deep_peach,1,copper_blush,1,dark_brown,2,tan_concealer,2,12 hrs,high,2053,weather,office,cold,"Apply 3 layers (~3.4 ml) of deep_sand foundation, 1 layer of deep_peach lipstick, 2 layer of copper_blush blush.",4
images/gen_dusky_0105.jpg,Dusky,sun_kissed_tan,3,5.5,sienna,1,warm_peach_blush,2,brown_black,1,tan_concealer,1,12 hrs,high,1052,occasion,normal,normal,"Apply 3 layers (~5.5 ml) of sun_kissed_tan foundation, 2 layer of sienna lipstick, 2 layers of warm_peach_blush blush.",5
images/gen_dusky_0106.jpg,Dusky,amber_beige,2,5.4,fig,1,bronze_blush,2,espresso_black,2,amber_concealer,1,10 hrs,medium,2602,weather,bridal,cold,"Apply 2 layers (~5.4 ml) of amber_beige foundation, 2 layer of fig lipstick, 1 layers of bronze_blush blush.",6
images/gen_dusky_0107.jpg,Dusky,amber_beige,2,5.1,brick_red,2,copper_blush,1,brown_black,2,caramel_concealer,1,10 hrs,medium,1035,occasion,daily,normal,"Apply 2 layers (~5.1 ml) of amber_beige foundation, 2 layer of brick_red lipstick, 1 layers of copper_blush blush.",7
images/gen_dusky_0108.jpg,Dusky,bronze_beige,2,2.3,terracotta,2,copper_blush,1,brown_black,2,golden_concealer,2,10 hrs,medium,2762,weather,normal,humid,"Apply 2 layers (~2.3 ml) of bronze_beige foundation, 2 layer of terracotta lipstick, 2 layers of copper_blush blush.",8
images/gen_dusky_0109.jpg,Dusky,desert_sand,3,5.3,rust_red,1,sunset_blush,1,black,2,tan_concealer,1,6 hrs,low,1130,simple,party,cold,"Apply 3 layers (~5.3 ml) of desert_sand foundation, 1 layer of rust_red lipstick, 1 layer of sunset_blush blush.",9
images/gen_dusky_0110.jpg,Dusky,warm_tan,1,2.6,warm_nude,1,dusty_rose_blush,1,espresso_black,3,copper_concealer,1,10 hrs,high,1260,weather,office,hot,"Apply 1 layer (~2.6 ml) of warm_tan foundation, 1 layer of warm_nude lipstick, 1 layer of dusty_rose_blush blush.",0
images/gen_dusky_0111.jpg,Dusky,caramel_beige,2,4.7,terracotta,2,bronze_blush,1,brown_black,2,golden_concealer,2,6 hrs,low,2924,simple,normal,normal,"Apply 2 layers (~4.7 ml) of caramel_beige foundation, 1 layer of terracotta lipstick, 2 layer of bronze_blush blush.",1
images/gen_dusky_0112.jpg,Dusky,matte_tan,1,1.8,warm_nude,2,amber_blush,1,black,1,copper_concealer,2,6 hrs,low,3102,simple,party,hot,"Apply 1 layer (~1.8 ml) of matte_tan foundation, 1 layer of warm_nude lipstick, 1 layer of amber_blush blush.",2
images/gen_dusky_0113.jpg,Dusky,caramel_beige,1,3.2,warm_berry,1,terracotta_blush,2,espresso_black,2,golden_concealer,1,10 hrs,high,3038,weather,bridal,humid,"Apply 1 layer (~3.2 ml) of caramel_beige foundation, 1 layer of warm_berry lipstick, 1 layer of terracotta_blush blush.",3
images/gen_dusky_0114.jpg,Dusky,amber_beige,3,4.2,rust_red,2,bronze_blush,2,espresso_black,2,copper_concealer,2,12 hrs,high,2503,occasion,office,humid,"Apply 3 layers (~4.2 ml) of amber_beige foundation, 2 layer of rust_red lipstick, 2 layers of bronze_blush blush.",4
images/gen_dusky_0115.jpg,Dusky,chai_latte,1,2.5,cinnamon,1,sunset_blush,2,brown_black,2,caramel_concealer,1,12 hrs,high,1071,occasion,bridal,hot,"Apply 1 layer (~2.5 ml) of chai_latte foundation, 2 layer of cinnamon lipstick, 2 layer of sunset_blush blush.",5
images/gen_dusky_0116.jpg,Dusky,golden_tan,1,2.7,sienna,1,warm_peach_blush,2,dark_brown,2,tan_concealer,1,14 hrs,medium,588,occasion,daily,hot,"Apply 1 layer (~2.7 ml) of golden_tan foundation, 1 layer of sienna lipstick, 2 layers of warm_peach_blush blush.",6
images/gen_dusky_0117.jpg,Dusky,bronze_beige,1,1.8,dusty_mauve,1,warm_peach_blush,2,brown_black,3,copper_concealer,2,14 hrs,high,2989,occasion,party,hot,"Apply 1 layer (~1.8 ml) of bronze_beige foundation, 1 layer of dusty_mauve lipstick, 2 layer of warm_peach_blush blush.",7
images/gen_dusky_0118.jpg,Dusky,warm_copper,1,2.1,warm_nude,2,sunset_blush,2,espresso_black,3,copper_concealer,2,10 hrs,high,1024,occasion,normal,hot,"Apply 1 layer (~2.1 ml) of warm_copper foundation, 2 layer of warm_nude lipstick, 1 layer of sunset_blush blush.",8
images/gen_dusky_0119.jpg,Dusky,caramel_beige,1,3.3,mauve_rose,2,amber_blush,1,espresso_black,1,copper_concealer,2,12 hrs,medium,3091,occasion,office,humid,"Apply 1 layer (~3.3 ml) of caramel_beige foundation, 2 layer of mauve_rose lipstick, 2 layers of amber_blush blush.",9
images/gen_dusky_0120.jpg,Dusky,desert_sand,2,3.8,warm_nude,1,sunset_blush,2,black,2,amber_concealer,1,8 hrs,medium,1631,weather,office,cold,"Apply 2 layers (~3.8 ml) of desert_sand foundation, 2 layer of warm_nude lipstick, 2 layers of sunset_blush blush.",0
images/gen_dusky_0121.jpg,Dusky,spice_beige,1,2.4,sienna,1,dusty_rose_blush,1,dark_brown,3,golden_concealer,1,10 hrs,medium,1710,weather,office,hot,"Apply 1 layer (~2.4 ml) of spice_beige foundation, 2 layer of sienna lipstick, 2 layers of dusty_rose_blush blush.",1
images/gen_dusky_0122.jpg,Dusky,spice_beige,1,4.7,copper_nude,1,terracotta_blush,1,espresso_black,3,golden_concealer,2,10 hrs,high,822,weather,normal,humid,"Apply 1 layer (~4.7 ml) of spice_beige foundation, 1 layer of copper_nude lipstick, 1 layers of terracotta_blush blush.",2
images/gen_dusky_0123.jpg,Dusky,warm_tan,1,1.7,earth_red,1,copper_blush,1,brown_black,2,golden_concealer,1,12 hrs,high,1007,occasion,daily,hot,"Apply 1 layer (~1.7 ml) of warm_tan foundation, 1 layer of earth_red lipstick, 2 layers of copper_blush blush.",3
images/gen_dusky_0124.jpg,Dusky,toasted_caramel,2,2.1,terracotta,2,golden_coral_blush,2,espresso_black,3,caramel_concealer,1,8 hrs,low,2595,simple,bridal,humid,"Apply 2 layers (~2.1 ml) of toasted_caramel foundation, 1 layer of terracotta lipstick, 2 layer of golden_coral_blush blush.",4
images/gen_dusky_0125.jpg,Dusky,golden_tan,1,5.2,burnt_orange,1,warm_peach_blush,2,dark_brown,2,tan_concealer,1,6 hrs,low,2517,simple,office,humid,"Apply 1 layer (~5.2 ml) of golden_tan foundation, 2 layer of burnt_orange lipstick, 2 layers of warm_peach_blush blush.",5
images/gen_dusky_0126.jpg,Dusky,toasted_caramel,2,4.1,copper_nude,1,bronze_blush,1,dark_brown,1,caramel_concealer,1,12 hrs,medium,714,occasion,normal,normal,"Apply 2 layers (~4.1 ml) of toasted_caramel foundation, 1 layer of copper_nude lipstick, 1 layers of bronze_blush blush.",6
images/gen_dusky_0127.jpg,Dusky,toasted_caramel,1,1.8,mauve_rose,2,sunset_blush,1,brown_black,3,copper_concealer,2,8 hrs,low,2752,weather,office,hot,"Apply 1 layer (~1.8 ml) of toasted_caramel foundation, 2 layer of mauve_rose lipstick, 1 layers of sunset_blush blush.",7
images/gen_dusky_0128.jpg,Dusky,tan_beige,1,1.8,mauve_rose,1,bronze_blush,1,espresso_black,3,amber_concealer,2,8 hrs,low,1588,simple,normal,hot,"Apply 1 layer (~1.8 ml) of tan_beige foundation, 1 layer of mauve_rose lipstick, 2 layer of bronze_blush blush.",8
images/gen_dusky_0129.jpg,Dusky,bronze_beige,3,3.8,burnt_orange,1,copper_blush,1,brown_black,1,tan_concealer,2,10 hrs,medium,937,weather,bridal,cold,"Apply 3 layers (~3.8 ml) of bronze_beige foundation, 2 layer of burnt_orange lipstick, 2 layer of copper_blush blush.",9
images/gen_dusky_0130.jpg,Dusky,satin_tan,3,4.2,cinnamon,2,terracotta_blush,1,dark_brown,1,amber_concealer,1,12 hrs,medium,1867,weather,office,humid,"Apply 3 layers (~4.2 ml) of satin_tan foundation, 2 layer of cinnamon lipstick, 1 layer of terracotta_blush blush.",0
images/gen_dusky_0131.jpg,Dusky,sun_kissed_tan,3,2.8,fig,1,warm_peach_blush,1,brown_black,1,caramel_concealer,1,8 hrs,low,545,simple,party,humid,"Apply 3 layers (~2.8 ml) of sun_kissed_tan foundation, 2 layer of fig lipstick, 1 layer of warm_peach_blush blush.",1
images/gen_dusky_0132.jpg,Dusky,warm_copper,2,3.2,deep_coral,2,golden_coral_blush,1,espresso_black,1,tan_concealer,2,12 hrs,medium,1080,occasion,daily,cold,"Apply 2 layers (~3.2 ml) of warm_copper foundation, 2 layer of deep_coral lipstick, 2 layer of golden_coral_blush blush.",2
images/gen_dusky_0133.jpg,Dusky,golden_tan,1,2.5,terracotta,2,bronze_blush,1,black,3,copper_concealer,2,10 hrs,high,759,occasion,office,hot,"Apply 1 layer (~2.5 ml) of golden_tan foundation, 1 layer of terracotta lipstick, 2 layers of bronze_blush blush.",3
images/gen_dusky_0134.jpg,Dusky,spice_beige,1,1.5,cinnamon,2,golden_coral_blush,2,dark_brown,1,tan_concealer,2,10 hrs,medium,599,weather,office,hot,"Apply 1 layer (~1.5 ml) of spice_beige foundation, 1 layer of cinnamon lipstick, 1 layers of golden_coral_blush blush.",4
images/gen_dusky_0135.jpg,Dusky,spice_beige,2,5.5,copper_nude,1,golden_coral_blush,2,brown_black,2,warm_tan_concealer,2,8 hrs,high,2730,weather,bridal,cold,"Apply 2 layers (~5.5 ml) of spice_beige foundation, 1 layer of copper_nude lipstick, 2 layers of golden_coral_blush blush.",5
images/gen_dusky_0136.jpg,Dusky,bronze_beige,2,3.8,warm_nude,2,golden_coral_blush,2,espresso_black,2,caramel_concealer,2,8 hrs,low,854,simple,bridal,cold,"Apply 2 layers (~3.8 ml) of bronze_beige foundation, 2 layer of warm_nude lipstick, 2 layer of golden_coral_blush blush.",6
images/gen_dusky_0137.jpg,Dusky,spice_beige,2,4.1,rust_red,1,warm_peach_blush,1,black,3,golden_concealer,2,10 hrs,high,834,weather,bridal,humid,"Apply 2 layers (~4.1 ml) of spice_beige foundation, 1 layer of rust_red lipstick, 2 layer of warm_peach_blush blush.",7
images/gen_dusky_0138.jpg,Dusky,amber_beige,1,3.8,deep_coral,2,sunset_blush,1,brown_black,3,tan_concealer,2,12 hrs,medium,2171,occasion,normal,normal,"Apply 1 layer (~3.8 ml) of amber_beige foundation, 2 layer of deep_coral lipstick, 2 layers of sunset_blush blush.",8
images/gen_dusky_0139.jpg,Dusky,tan_beige,1,4.8,earth_red,2,bronze_blush,2,brown_black,1,warm_tan_concealer,1,8 hrs,high,1282,weather,normal,normal,"Apply 1 layer (~4.8 ml) of tan_beige foundation, 1 layer of earth_red lipstick, 2 layer of bronze_blush blush.",9
images/gen_dusky_0140.jpg,Dusky,spice_beige,2,2.0,fig,2,bronze_blush,2,black,1,golden_concealer,2,6 hrs,low,1905,simple,normal,normal,"Apply 2 layers (~2.0 ml) of spice_beige foundation, 2 layer of fig lipstick, 1 layers of bronze_blush blush.",0
images/gen_dusky_0141.jpg,Dusky,warm_copper,1,2.9,cinnamon,2,terracotta_blush,2,brown_black,3,golden_concealer,1,14 hrs,medium,2231,occasion,party,hot,"Apply 1 layer (~2.9 ml) of warm_copper foundation, 2 layer of cinnamon lipstick, 1 layers of terracotta_blush blush.",1
images/gen_dusky_0142.jpg,Dusky,deep_sand,1,3.0,brick_red,2,bronze_blush,1,black,3,warm_tan_concealer,2,10 hrs,low,640,weather,daily,normal,"Apply 1 layer (~3.0 ml) of deep_sand foundation, 1 layer of brick_red lipstick, 2 layers of bronze_blush blush.",2
images/gen_dusky_0143.jpg,Dusky,sun_kissed_tan,3,3.1,copper_nude,2,terracotta_blush,1,brown_black,2,tan_concealer,1,10 hrs,medium,2616,occasion,bridal,humid,"Apply 3 layers (~3.1 ml) of sun_kissed_tan foundation, 1 layer of copper_nude lipstick, 2 layers of terracotta_blush blush.",3
images/gen_dusky_0144.jpg,Dusky,bronze_beige,1,1.7,burnt_orange,1,warm_peach_blush,2,black,3,warm_tan_concealer,1,14 hrs,high,2043,occasion,party,humid,"Apply 1 layer (~1.7 ml) of bronze_beige foundation, 2 layer of burnt_orange lipstick, 2 layer of warm_peach_blush blush.",4
images/gen_dusky_0145.jpg,Dusky,caramel_beige,1,2.5,deep_peach,1,dusty_rose_blush,2,black,2,tan_concealer,2,8 hrs,low,2261,simple,bridal,hot,"Apply 1 layer (~2.5 ml) of caramel_beige foundation, 1 layer of deep_peach lipstick, 1 layer of dusty_rose_blush blush.",5
images/gen_dusky_0146.jpg,Dusky,bronze_beige,3,4.2,warm_berry,2,golden_coral_blush,2,black,3,tan_concealer,1,8 hrs,low,1063,simple,daily,cold,"Apply 3 layers (~4.2 ml) of bronze_beige foundation, 1 layer of warm_berry lipstick, 2 layers of golden_coral_blush blush.",6
images/gen_dusky_0147.jpg,Dusky,warm_copper,1,2.5,warm_berry,1,sunset_blush,1,espresso_black,1,caramel_concealer,1,8 hrs,low,1103,simple,normal,hot,"Apply 1 layer (~2.5 ml) of warm_copper foundation, 1 layer of warm_berry lipstick, 1 layers of sunset_blush blush.",7
images/gen_dusky_0148.jpg,Dusky,toasted_caramel,2,1.7,rust_red,2,copper_blush,1,black,1,golden_concealer,2,10 hrs,medium,2459,occasion,office,humid,"Apply 2 layers (~1.7 ml) of toasted_caramel foundation, 1 layer of rust_red lipstick, 2 layer of copper_blush blush.",8
images/gen_dusky_0149.jpg,Dusky,golden_tan,2,3.7,rust_red,1,warm_peach_blush,2,dark_brown,3,tan_concealer,2,14 hrs,medium,1423,occasion,bridal,normal,"Apply 2 layers (~3.7 ml) of golden_tan foundation, 2 layer of rust_red lipstick, 1 layer of warm_peach_blush blush.",9
images/gen_dusky_0150.jpg,Dusky,caramel_beige,1,5.0,rust_red,2,sunset_blush,1,brown_black,1,caramel_concealer,2,12 hrs,medium,2536,occasion,daily,normal,"Apply 1 layer (~5.0 ml) of caramel_beige foundation, 1 layer of rust_red lipstick, 1 layers of sunset_blush blush.",0
images/gen_dusky_0151.jpg,Dusky,amber_beige,2,1.8,earth_red,2,warm_peach_blush,2,black,2,golden_concealer,2,6 hrs,low,1762,simple,party,normal,"Apply 2 layers (~1.8 ml) of amber_beige foundation, 2 layer of earth_red lipstick, 2 layers of warm_peach_blush blush.",1
images/gen_dusky_0152.jpg,Dusky,deep_sand,3,3.9,mauve_rose,2,bronze_blush,2,brown_black,3,golden_concealer,1,14 hrs,medium,1782,occasion,daily,humid,"Apply 3 layers (~3.9 ml) of deep_sand foundation, 1 layer of mauve_rose lipstick, 2 layers of bronze_blush blush.",2
images/gen_dusky_0153.jpg,Dusky,matte_tan,1,2.0,brick_red,2,golden_coral_blush,2,dark_brown,1,amber_concealer,2,14 hrs,high,2882,occasion,party,hot,"Apply 1 layer (~2.0 ml) of matte_tan foundation, 1 layer of brick_red lipstick, 2 layer of golden_coral_blush blush.",3
images/gen_dusky_0154.jpg,Dusky,spice_beige,3,2.5,mauve_rose,2,warm_peach_blush,2,brown_black,3,golden_concealer,2,12 hrs,high,1099,weather,office,humid,"Apply 3 layers (~2.5 ml) of spice_beige foundation, 1 layer of mauve_rose lipstick, 2 layers of warm_peach_blush blush.",4
images/gen_dusky_0155.jpg,Dusky,tan_beige,1,5.4,burnt_orange,1,amber_blush,2,espresso_black,1,caramel_concealer,2,14 hrs,high,3072,occasion,party,normal,"Apply 1 layer (~5.4 ml) of tan_beige foundation, 2 layer of burnt_orange lipstick, 2 layers of amber_blush blush.",5
images/gen_dusky_0156.jpg,Dusky,golden_tan,2,3.0,burnt_orange,2,sunset_blush,1,black,1,tan_concealer,2,10 hrs,medium,1339,occasion,daily,normal,"Apply 2 layers (~3.0 ml) of golden_tan foundation, 1 layer of burnt_orange lipstick, 2 layer of sunset_blush blush.",6
images/gen_dusky_0157.jpg,Dusky,matte_tan,1,1.9,dusty_mauve,1,amber_blush,1,dark_brown,3,warm_tan_concealer,2,8 hrs,low,1400,simple,daily,normal,"Apply 1 layer (~1.9 ml) of matte_tan foundation, 2 layer of dusty_mauve lipstick, 2 layer of amber_blush blush.",7
images/gen_dusky_0158.jpg,Dusky,sun_kissed_tan,1,2.9,deep_peach,1,copper_blush,1,brown_black,2,tan_concealer,1,6 hrs,low,1210,simple,party,hot,"Apply 1 layer (~2.9 ml) of sun_kissed_tan foundation, 1 layer of deep_peach lipstick, 1 layers of copper_blush blush.",8
images/gen_dusky_0159.jpg,Dusky,bronze_beige,1,2.5,sienna,2,golden_coral_blush,2,brown_black,2,warm_tan_concealer,1,8 hrs,low,2074,simple,bridal,normal,"Apply 1 layer (~2.5 ml) of bronze_beige foundation, 1 layer of sienna lipstick, 1 layer of golden_coral_blush blush.",9
images/gen_dusky_0160.jpg,Dusky,desert_sand,1,5.0,earth_red,1,sunset_blush,2,espresso_black,1,tan_concealer,1,10 hrs,medium,2961,weather,party,humid,"Apply 1 layer (~5.0 ml) of desert_sand foundation, 2 layer of earth_red lipstick, 2 layers of sunset_blush blush.",0
images/gen_dusky_0161.jpg,Dusky,matte_tan,1,2.4,deep_coral,1,copper_blush,2,dark_brown,3,caramel_concealer,1,10 hrs,medium,2092,weather,party,normal,"Apply 1 layer (~2.4 ml) of matte_tan foundation, 2 layer of deep_coral lipstick, 1 layer of copper_blush blush.",1
images/gen_dusky_0162.jpg,Dusky,chai_latte,1,3.5,dusty_mauve,2,bronze_blush,2,brown_black,2,golden_concealer,1,12 hrs,medium,1190,weather,bridal,normal,"Apply 1 layer (~3.5 ml) of chai_latte foundation, 2 layer of dusty_mauve lipstick, 1 layers of bronze_blush blush.",2
images/gen_dusky_0163.jpg,Dusky,warm_tan,1,2.0,deep_peach,2,warm_peach_blush,2,black,1,amber_concealer,2,6 hrs,low,1080,simple,daily,hot,"Apply 1 layer (~2.0 ml) of warm_tan foundation, 1 layer of deep_peach lipstick, 2 layer of warm_peach_blush blush.",3
images/gen_dusky_0164.jpg,Dusky,sun_kissed_tan,1,2.3,terracotta,1,warm_peach_blush,1,espresso_black,1,amber_concealer,1,10 hrs,medium,775,occasion,bridal,hot,"Apply 1 layer (~2.3 ml) of sun_kissed_tan foundation, 2 layer of terracotta lipstick, 2 layer of warm_peach_blush blush.",4
images/gen_dusky_0165.jpg,Dusky,amber_beige,1,2.2,warm_nude,2,warm_peach_blush,1,dark_brown,3,warm_tan_concealer,1,8 hrs,low,2113,simple,bridal,hot,"Apply 1 layer (~2.2 ml) of amber_beige foundation, 1 layer of warm_nude lipstick, 2 layer of warm_peach_blush blush.",5
images/gen_dusky_0166.jpg,Dusky,caramel_beige,2,2.1,copper_nude,1,sunset_blush,1,espresso_black,1,caramel_concealer,1,6 hrs,low,774,simple,office,normal,"Apply 2 layers (~2.1 ml) of caramel_beige foundation, 1 layer of copper_nude lipstick, 2 layer of sunset_blush blush.",6
images/gen_dusky_0167.jpg,Dusky,toasted_caramel,2,3.6,warm_berry,2,golden_coral_blush,1,brown_black,3,copper_concealer,2,12 hrs,high,1017,occasion,party,normal,"Apply 2 layers (~3.6 ml) of toasted_caramel foundation, 2 layer of warm_berry lipstick, 2 layers of golden_coral_blush blush.",7
images/gen_dusky_0168.jpg,Dusky,warm_tan,3,5.5,sienna,2,golden_coral_blush,2,brown_black,1,caramel_concealer,1,8 hrs,low,1382,simple,office,normal,"Apply 3 layers (~5.5 ml) of warm_tan foundation, 2 layer of sienna lipstick, 2 layer of golden_coral_blush blush.",8
images/gen_dusky_0169.jpg,Dusky,caramel_beige,3,2.1,warm_nude,2,terracotta_blush,2,dark_brown,2,caramel_concealer,1,12 hrs,high,2397,occasion,normal,humid,"Apply 3 layers (~2.1 ml) of caramel_beige foundation, 2 layer of warm_nude lipstick, 2 layers of terracotta_blush blush.",9
images/gen_dusky_0170.jpg,Dusky,matte_tan,1,5.3,mauve_rose,2,terracotta_blush,2,espresso_black,3,caramel_concealer,2,6 hrs,low,665,simple,party,normal,"Apply 1 layer (~5.3 ml) of matte_tan foundation, 2 layer of mauve_rose lipstick, 2 layer of terracotta_blush blush.",0
images/gen_dusky_0171.jpg,Dusky,amber_beige,2,3.0,deep_peach,2,copper_blush,2,black,2,tan_concealer,2,10 hrs,medium,1921,occasion,party,cold,"Apply 2 layers (~3.0 ml) of amber_beige foundation, 1 layer of deep_peach lipstick, 2 layer of copper_blush blush.",1
images/gen_dusky_0172.jpg,Dusky,chai_latte,1,4.7,cinnamon,2,dusty_rose_blush,2,brown_black,3,amber_concealer,2,12 hrs,low,3101,weather,bridal,humid,"Apply 1 layer (~4.7 ml) of chai_latte foundation, 1 layer of cinnamon lipstick, 1 layer of dusty_rose_blush blush.",2
images/gen_dusky_0173.jpg,Dusky,tan_beige,1,1.9,brick_red,1,terracotta_blush,2,dark_brown,3,warm_tan_concealer,2,10 hrs,medium,1362,occasion,bridal,hot,"Apply 1 layer (~1.9 ml) of tan_beige foundation, 2 layer of brick_red lipstick, 1 layers of terracotta_blush blush.",3
images/gen_dusky_0174.jpg,Dusky,caramel_beige,1,2.2,cinnamon,2,warm_peach_blush,2,brown_black,2,tan_concealer,2,6 hrs,low,3086,simple,normal,hot,"Apply 1 layer (~2.2 ml) of caramel_beige foundation, 1 layer of cinnamon lipstick, 2 layers of warm_peach_blush blush.",4
images/gen_dusky_0175.jpg,Dusky,spice_beige,3,4.6,terracotta,2,golden_coral_blush,1,brown_black,3,golden_concealer,2,8 hrs,low,1555,weather,bridal,humid,"Apply 3 layers (~4.6 ml) of spice_beige foundation, 2 layer of terracotta lipstick, 2 layers of golden_coral_blush blush.",5
images/gen_dusky_0176.jpg,Dusky,chai_latte,1,1.9,burnt_orange,2,sunset_blush,1,brown_black,1,copper_concealer,1,6 hrs,low,3052,simple,office,hot,"Apply 1 layer (~1.9 ml) of chai_latte foundation, 2 layer of burnt_orange lipstick, 2 layers of sunset_blush blush.",6
images/gen_dusky_0177.jpg,Dusky,satin_tan,3,3.4,mauve_rose,1,bronze_blush,2,espresso_black,2,warm_tan_concealer,1,12 hrs,medium,1673,occasion,office,cold,"Apply 3 layers (~3.4 ml) of satin_tan foundation, 2 layer of mauve_rose lipstick, 2 layers of bronze_blush blush.",7
images/gen_dusky_0178.jpg,Dusky,spice_beige,1,2.0,burnt_orange,2,bronze_blush,1,black,3,tan_concealer,1,8 hrs,low,710,simple,daily,hot,"Apply 1 layer (~2.0 ml) of spice_beige foundation, 1 layer of burnt_orange lipstick, 1 layers of bronze_blush blush.",8
images/gen_dusky_0179.jpg,Dusky,warm_copper,1,3.0,rust_red,1,sunset_blush,1,black,3,tan_concealer,1,8 hrs,low,661,simple,party,hot,"Apply 1 layer (~3.0 ml) of warm_copper foundation, 1 layer of rust_red lipstick, 2 layers of sunset_blush blush.",9
images/gen_dusky_0180.jpg,Dusky,sun_kissed_tan,3,3.3,copper_nude,1,bronze_blush,1,espresso_black,2,warm_tan_concealer,1,12 hrs,medium,1662,weather,normal,cold,"Apply 3 layers (~3.3 ml) of sun_kissed_tan foundation, 1 layer of copper_nude lipstick, 2 layers of bronze_blush blush.",0
images/gen_dusky_0181.jpg,Dusky,toasted_caramel,3,5.0,brick_red,1,copper_blush,1,brown_black,2,caramel_concealer,1,8 hrs,low,1135,simple,party,cold,"Apply 3 layers (~5.0 ml) of toasted_caramel foundation, 1 layer of brick_red lipstick, 2 layers of copper_blush blush.",1
images/gen_dusky_0182.jpg,Dusky,warm_tan,3,5.0,cinnamon,2,warm_peach_blush,1,dark_brown,3,copper_concealer,2,6 hrs,low,2283,simple,normal,normal,"Apply 3 layers (~5.0 ml) of warm_tan foundation, 1 layer of cinnamon lipstick, 2 layers of warm_peach_blush blush.",2
images/gen_dusky_0183.jpg,Dusky,warm_tan,3,3.4,terracotta,2,terracotta_blush,2,espresso_black,2,caramel_concealer,1,10 hrs,high,1839,occasion,bridal,cold,"Apply 3 layers (~3.4 ml) of warm_tan foundation, 1 layer of terracotta lipstick, 2 layers of terracotta_blush blush.",3
images/gen_dusky_0184.jpg,Dusky,deep_sand,2,5.4,earth_red,2,sunset_blush,1,dark_brown,3,tan_concealer,1,10 hrs,low,2211,weather,party,cold,"Apply 2 layers (~5.4 ml) of deep_sand foundation, 1 layer of earth_red lipstick, 1 layers of sunset_blush blush.",4
images/gen_dusky_0185.jpg,Dusky,deep_sand,3,3.8,fig,1,amber_blush,2,dark_brown,3,warm_tan_concealer,1,6 hrs,low,2363,simple,normal,cold,"Apply 3 layers (~3.8 ml) of deep_sand foundation, 2 layer of fig lipstick, 2 layers of amber_blush blush.",5
images/gen_dusky_0186.jpg,Dusky,sun_kissed_tan,1,2.6,rust_red,1,bronze_blush,2,brown_black,2,caramel_concealer,2,8 hrs,medium,3170,weather,daily,normal,"Apply 1 layer (~2.6 ml) of sun_kissed_tan foundation, 2 layer of rust_red lipstick, 1 layers of bronze_blush blush.",6
images/gen_dusky_0187.jpg,Dusky,caramel_beige,2,3.1,dusty_mauve,1,terracotta_blush,2,brown_black,3,tan_concealer,1,8 hrs,low,2534,simple,office,cold,"Apply 2 layers (~3.1 ml) of caramel_beige foundation, 1 layer of dusty_mauve lipstick, 2 layers of terracotta_blush blush.",7
images/gen_dusky_0188.jpg,Dusky,golden_tan,1,2.1,warm_berry,1,amber_blush,2,black,1,copper_concealer,1,12 hrs,medium,1031,weather,office,hot,"Apply 1 layer (~2.1 ml) of golden_tan foundation, 2 layer of warm_berry lipstick, 1 layers of amber_blush blush.",8
images/gen_dusky_0189.jpg,Dusky,caramel_beige,3,2.5,deep_peach,1,warm_peach_blush,1,espresso_black,1,tan_concealer,1,8 hrs,medium,1481,weather,bridal,humid,"Apply 3 layers (~2.5 ml) of caramel_beige foundation, 2 layer of deep_peach lipstick, 2 layer of warm_peach_blush blush.",9
images/gen_dusky_0190.jpg,Dusky,toasted_caramel,1,2.0,burnt_orange,1,dusty_rose_blush,2,espresso_black,1,tan_concealer,2,8 hrs,low,574,simple,bridal,hot,"Apply 1 layer (~2.0 ml) of toasted_caramel foundation, 2 layer of burnt_orange lipstick, 1 layers of dusty_rose_blush blush.",0
images/gen_dusky_0191.jpg,Dusky,tan_beige,2,4.2,mauve_rose,1,golden_coral_blush,2,brown_black,3,tan_concealer,1,12 hrs,medium,1428,weather,normal,cold,"Apply 2 layers (~4.2 ml) of tan_beige foundation, 2 layer of mauve_rose lipstick, 1 layer of golden_coral_blush blush.",1
images/gen_dusky_0192.jpg,Dusky,tan_beige,2,4.1,cinnamon,2,amber_blush,2,black,3,amber_concealer,1,8 hrs,low,1790,weather,party,normal,"Apply 2 layers (~4.1 ml) of tan_beige foundation, 2 layer of cinnamon lipstick, 1 layers of amber_blush blush.",2
images/gen_dusky_0193.jpg,Dusky,deep_sand,1,2.6,cinnamon,2,sunset_blush,2,black,2,amber_concealer,1,14 hrs,medium,936,occasion,office,hot,"Apply 1 layer (~2.6 ml) of deep_sand foundation, 1 layer of cinnamon lipstick, 2 layer of sunset_blush blush.",3
images/gen_dusky_0194.jpg,Dusky,matte_tan,1,2.1,mauve_rose,2,golden_coral_blush,2,black,2,amber_concealer,1,6 hrs,low,607,simple,bridal,hot,"Apply 1 layer (~2.1 ml) of matte_tan foundation, 2 layer of mauve_rose lipstick, 1 layers of golden_coral_blush blush.",4
images/gen_dusky_0195.jpg,Dusky,warm_tan,1,2.4,burnt_orange,1,copper_blush,1,espresso_black,1,golden_concealer,2,10 hrs,high,1775,occasion,office,hot,"Apply 1 layer (~2.4 ml) of warm_tan foundation, 1 layer of burnt_orange lipstick, 1 layer of copper_blush blush.",5
images/gen_dusky_0196.jpg,Dusky,desert_sand,3,4.1,earth_red,1,terracotta_blush,1,espresso_black,1,caramel_concealer,1,8 hrs,medium,2909,weather,daily,humid,"Apply 3 layers (~4.1 ml) of desert_sand foundation, 1 layer of earth_red lipstick, 2 layers of terracotta_blush blush.",6
images/gen_dusky_0197.jpg,Dusky,bronze_beige,1,3.4,warm_berry,1,bronze_blush,1,espresso_black,3,warm_tan_concealer,1,8 hrs,low,3083,simple,normal,humid,"Apply 1 layer (~3.4 ml) of bronze_beige foundation, 1 layer of warm_berry lipstick, 1 layers of bronze_blush blush.",7
images/gen_dusky_0198.jpg,Dusky,bronze_beige,1,1.8,terracotta,1,copper_blush,2,dark_brown,1,caramel_concealer,2,6 hrs,low,1910,simple,party,hot,"Apply 1 layer (~1.8 ml) of bronze_beige foundation, 1 layer of terracotta lipstick, 1 layers of copper_blush blush.",8
images/gen_dusky_0199.jpg,Dusky,sun_kissed_tan,3,2.7,copper_nude,2,bronze_blush,1,brown_black,3,golden_concealer,2,6 hrs,low,1025,simple,party,humid,"Apply 3 layers (~2.7 ml) of sun_kissed_tan foundation, 2 layer of copper_nude lipstick, 1 layer of bronze_blush blush.",9
images/gen_dusky_0200.jpg,Dusky,amber_beige,2,5.5,burnt_orange,1,golden_coral_blush,1,dark_brown,3,warm_tan_concealer,1,12 hrs,low,2193,weather,office,cold,"Apply 2 layers (~5.5 ml) of amber_beige foundation, 2 layer of burnt_orange lipstick, 1 layer of golden_coral_blush blush.",0
images/gen_dusky_0201.jpg,Dusky,spice_beige,1,2.6,mauve_rose,1,sunset_blush,1,brown_black,2,caramel_concealer,2,6 hrs,low,1270,simple,bridal,hot,"Apply 1 layer (~2.6 ml) of spice_beige foundation, 2 layer of mauve_rose lipstick, 2 layer of sunset_blush blush.",1
images/gen_dusky_0202.jpg,Dusky,bronze_beige,2,3.2,cinnamon,2,warm_peach_blush,1,black,2,tan_concealer,1,10 hrs,low,1660,weather,office,normal,"Apply 2 layers (~3.2 ml) of bronze_beige foundation, 2 layer of cinnamon lipstick, 2 layer of warm_peach_blush blush.",2
images/gen_dusky_0203.jpg,Dusky,sun_kissed_tan,2,4.6,cinnamon,2,sunset_blush,2,espresso_black,2,copper_concealer,2,14 hrs,medium,1157,occasion,office,humid,"Apply 2 layers (~4.6 ml) of sun_kissed_tan foundation, 1 layer of cinnamon lipstick, 2 layer of sunset_blush blush.",3
images/gen_dusky_0204.jpg,Dusky,bronze_beige,1,4.6,deep_coral,2,warm_peach_blush,2,black,3,golden_concealer,2,14 hrs,high,583,occasion,bridal,humid,"Apply 1 layer (~4.6 ml) of bronze_beige foundation, 2 layer of deep_coral lipstick, 2 layer of warm_peach_blush blush.",4
images/gen_dusky_0205.jpg,Dusky,desert_sand,1,5.1,deep_coral,2,warm_peach_blush,2,brown_black,3,amber_concealer,2,8 hrs,low,505,simple,daily,normal,"Apply 1 layer (~5.1 ml) of desert_sand foundation, 1 layer of deep_coral lipstick, 1 layer of warm_peach_blush blush.",5
images/gen_dusky_0206.jpg,Dusky,sun_kissed_tan,1,2.6,deep_coral,1,golden_coral_blush,2,espresso_black,1,tan_concealer,2,12 hrs,high,1961,occasion,office,hot,"Apply 1 layer (~2.6 ml) of sun_kissed_tan foundation, 2 layer of deep_coral lipstick, 2 layer of golden_coral_blush blush.",6
images/gen_dusky_0207.jpg,Dusky,caramel_beige,2,4.7,dusty_mauve,2,terracotta_blush,1,dark_brown,1,caramel_concealer,1,10 hrs,medium,1394,occasion,daily,cold,"Apply 2 layers (~4.7 ml) of caramel_beige foundation, 2 layer of dusty_mauve lipstick, 1 layer of terracotta_blush blush.",7
images/gen_dusky_0208.jpg,Dusky,matte_tan,1,5.2,rust_red,1,dusty_rose_blush,2,dark_brown,3,tan_concealer,1,12 hrs,medium,680,occasion,party,normal,"Apply 1 layer (~5.2 ml) of matte_tan foundation, 2 layer of rust_red lipstick, 1 layer of dusty_rose_blush blush.",8
images/gen_dusky_0209.jpg,Dusky,warm_tan,1,1.8,burnt_orange,2,amber_blush,1,espresso_black,1,tan_concealer,1,12 hrs,high,3069,occasion,office,hot,"Apply 1 layer (~1.8 ml) of warm_tan foundation, 2 layer of burnt_orange lipstick, 2 layers of amber_blush blush.",9
images/gen_dusky_0210.jpg,Dusky,caramel_beige,2,4.8,copper_nude,2,amber_blush,1,dark_brown,3,warm_tan_concealer,1,12 hrs,low,628,weather,normal,cold,"Apply 2 layers (~4.8 ml) of caramel_beige foundation, 2 layer of copper_nude lipstick, 2 layer of amber_blush blush.",0
images/gen_dusky_0211.jpg,Dusky,golden_tan,3,5.1,deep_peach,2,bronze_blush,1,dark_brown,3,caramel_concealer,1,8 hrs,low,2221,simple,office,cold,"Apply 3 layers (~5.1 ml) of golden_tan foundation, 2 layer of deep_peach lipstick, 1 layer of bronze_blush blush.",1
images/gen_dusky_0212.jpg,Dusky,caramel_beige,1,2.1,deep_peach,1,warm_peach_blush,2,espresso_black,2,copper_concealer,1,8 hrs,low,3002,simple,normal,hot,"Apply 1 layer (~2.1 ml) of caramel_beige foundation, 2 layer of deep_peach lipstick, 2 layer of warm_peach_blush blush.",2
images/gen_dusky_0213.jpg,Dusky,desert_sand,2,3.5,warm_berry,1,dusty_rose_blush,1,black,3,amber_concealer,2,12 hrs,high,2116,occasion,party,cold,"Apply 2 layers (~3.5 ml) of desert_sand foundation, 1 layer of warm_berry lipstick, 1 layer of dusty_rose_blush blush.",3
images/gen_dusky_0214.jpg,Dusky,chai_latte,1,2.8,terracotta,2,bronze_blush,2,dark_brown,2,amber_concealer,1,8 hrs,low,1230,weather,daily,hot,"Apply 1 layer (~2.8 ml) of chai_latte foundation, 1 layer of terracotta lipstick, 2 layer of bronze_blush blush.",4
images/gen_dusky_0215.jpg,Dusky,amber_beige,1,2.1,rust_red,1,bronze_blush,2,dark_brown,2,amber_concealer,1,6 hrs,low,1631,simple,party,humid,"Apply 1 layer (~2.1 ml) of amber_beige foundation, 2 layer of rust_red lipstick, 1 layers of bronze_blush blush.",5
images/gen_dusky_0216.jpg,Dusky,spice_beige,1,4.6,fig,1,terracotta_blush,2,black,1,golden_concealer,2,14 hrs,medium,2707,occasion,office,normal,"Apply 1 layer (~4.6 ml) of spice_beige foundation, 1 layer of fig lipstick, 1 layer of terracotta_blush blush.",6
images/gen_dusky_0217.jpg,Dusky,warm_tan,1,2.0,fig,2,copper_blush,2,espresso_black,2,golden_concealer,1,10 hrs,high,1116,weather,bridal,hot,"Apply 1 layer (~2.0 ml) of warm_tan foundation, 1 layer of fig lipstick, 1 layer of copper_blush blush.",7
images/gen_dusky_0218.jpg,Dusky,toasted_caramel,2,3.0,dusty_mauve,1,dusty_rose_blush,2,black,2,tan_concealer,2,6 hrs,low,863,simple,bridal,normal,"Apply 2 layers (~3.0 ml) of toasted_caramel foundation, 1 layer of dusty_mauve lipstick, 1 layers of dusty_rose_blush blush.",8
images/gen_dusky_0219.jpg,Dusky,toasted_caramel,2,3.6,deep_coral,1,sunset_blush,2,espresso_black,3,copper_concealer,1,10 hrs,high,2763,occasion,normal,cold,"Apply 2 layers (~3.6 ml) of toasted_caramel foundation, 1 layer of deep_coral lipstick, 2 layers of sunset_blush blush.",9
images/gen_dusky_0220.jpg,Dusky,deep_sand,1,2.1,sienna,1,sunset_blush,2,black,1,amber_concealer,1,12 hrs,high,2104,weather,normal,hot,"Apply 1 layer (~2.1 ml) of deep_sand foundation, 1 layer of sienna lipstick, 1 layer of sunset_blush blush.",0
images/gen_dusky_0221.jpg,Dusky,spice_beige,3,4.5,rust_red,1,warm_peach_blush,1,brown_black,2,caramel_concealer,2,12 hrs,high,1492,occasion,normal,normal,"Apply 3 layers (~4.5 ml) of spice_beige foundation, 1 layer of rust_red lipstick, 1 layers of warm_peach_blush blush.",1
images/gen_dusky_0222.jpg,Dusky,toasted_caramel,1,2.5,sienna,2,copper_blush,1,brown_black,2,golden_concealer,2,6 hrs,low,1376,simple,normal,hot,"Apply 1 layer (~2.5 ml) of toasted_caramel foundation, 1 layer of sienna lipstick, 1 layer of copper_blush blush.",2
images/gen_dusky_0223.jpg,Dusky,warm_copper,2,5.1,dusty_mauve,2,warm_peach_blush,1,espresso_black,3,golden_concealer,2,8 hrs,low,1892,simple,bridal,cold,"Apply 2 layers (~5.1 ml) of warm_copper foundation, 2 layer of dusty_mauve lipstick, 1 layer of warm_peach_blush blush.",3
images/gen_dusky_0224.jpg,Dusky,desert_sand,2,4.2,brick_red,1,copper_blush,2,black,2,warm_tan_concealer,1,10 hrs,medium,2407,weather,office,cold,"Apply 2 layers (~4.2 ml) of desert_sand foundation, 1 layer of brick_red lipstick, 2 layer of copper_blush blush.",4
images/gen_dusky_0225.jpg,Dusky,caramel_beige,1,1.6,earth_red,1,amber_blush,2,dark_brown,3,golden_concealer,1,10 hrs,low,1079,weather,normal,hot,"Apply 1 layer (~1.6 ml) of caramel_beige foundation, 1 layer of earth_red lipstick, 2 layers of amber_blush blush.",5
images/gen_dusky_0226.jpg,Dusky,amber_beige,3,3.9,earth_red,1,bronze_blush,2,black,1,amber_concealer,1,8 hrs,low,2158,simple,normal,normal,"Apply 3 layers (~3.9 ml) of amber_beige foundation, 1 layer of earth_red lipstick, 1 layer of bronze_blush blush.",6
images/gen_dusky_0227.jpg,Dusky,desert_sand,1,2.6,warm_berry,1,dusty_rose_blush,1,espresso_black,1,caramel_concealer,1,8 hrs,high,608,weather,bridal,hot,"Apply 1 layer (~2.6 ml) of desert_sand foundation, 1 layer of warm_berry lipstick, 2 layers of dusty_rose_blush blush.",7
images/gen_dusky_0228.jpg,Dusky,toasted_caramel,2,4.6,warm_nude,2,terracotta_blush,2,dark_brown,3,copper_concealer,2,6 hrs,low,2941,simple,daily,normal,"Apply 2 layers (~4.6 ml) of toasted_caramel foundation, 2 layer of warm_nude lipstick, 2 layers of terracotta_blush blush.",8
images/gen_dusky_0229.jpg,Dusky,satin_tan,3,4.2,sienna,1,sunset_blush,2,dark_brown,1,tan_concealer,2,8 hrs,low,1425,simple,party,normal,"Apply 3 layers (~4.2 ml) of satin_tan foundation, 1 layer of sienna lipstick, 2 layer of sunset_blush blush.",9
images/gen_dusky_0230.jpg,Dusky,desert_sand,2,4.9,dusty_mauve,1,amber_blush,1,dark_brown,2,copper_concealer,2,6 hrs,low,1872,simple,party,humid,"Apply 2 layers (~4.9 ml) of desert_sand foundation, 1 layer of dusty_mauve lipstick, 1 layer of amber_blush blush.",0
images/gen_dusky_0231.jpg,Dusky,golden_tan,2,5.2,warm_berry,2,golden_coral_blush,2,black,2,golden_concealer,2,14 hrs,high,689,occasion,office,normal,"Apply 2 layers (~5.2 ml) of golden_tan foundation, 1 layer of warm_berry lipstick, 2 layer of golden_coral_blush blush.",1
images/gen_dusky_0232.jpg,Dusky,toasted_caramel,2,5.3,earth_red,2,amber_blush,1,espresso_black,3,caramel_concealer,2,8 hrs,low,797,weather,normal,cold,"Apply 2 layers (~5.3 ml) of toasted_caramel foundation, 2 layer of earth_red lipstick, 1 layer of amber_blush blush.",2
images/gen_dusky_0233.jpg,Dusky,tan_beige,1,2.5,copper_nude,2,golden_coral_blush,1,dark_brown,3,caramel_concealer,1,12 hrs,high,2648,occasion,bridal,normal,"Apply 1 layer (~2.5 ml) of tan_beige foundation, 1 layer of copper_nude lipstick, 2 layers of golden_coral_blush blush.",3
images/gen_dusky_0234.jpg,Dusky,desert_sand,1,2.7,warm_berry,1,dusty_rose_blush,2,dark_brown,1,golden_concealer,1,14 hrs,medium,1457,occasion,office,normal,"Apply 1 layer (~2.7 ml) of desert_sand foundation, 2 layer of warm_berry lipstick, 1 layers of dusty_rose_blush blush.",4
images/gen_dusky_0235.jpg,Dusky,sun_kissed_tan,1,2.2,copper_nude,1,terracotta_blush,1,espresso_black,3,amber_concealer,2,12 hrs,low,1545,weather,bridal,hot,"Apply 1 layer (~2.2 ml) of sun_kissed_tan foundation, 1 layer of copper_nude lipstick, 2 layers of terracotta_blush blush.",5
images/gen_dusky_0236.jpg,Dusky,matte_tan,3,3.8,copper_nude,2,dusty_rose_blush,1,black,1,amber_concealer,2,10 hrs,high,2815,weather,office,normal,"Apply 3 layers (~3.8 ml) of matte_tan foundation, 2 layer of copper_nude lipstick, 1 layers of dusty_rose_blush blush.",6
images/gen_dusky_0237.jpg,Dusky,golden_tan,3,5.0,earth_red,2,amber_blush,2,black,3,warm_tan_concealer,1,6 hrs,low,2170,simple,bridal,normal,"Apply 3 layers (~5.0 ml) of golden_tan foundation, 1 layer of earth_red lipstick, 2 layer of amber_blush blush.",7
images/gen_dusky_0238.jpg,Dusky,deep_sand,3,4.9,warm_nude,2,amber_blush,1,espresso_black,3,amber_concealer,1,8 hrs,high,3192,weather,normal,cold,"Apply 3 layers (~4.9 ml) of deep_sand foundation, 1 layer of warm_nude lipstick, 1 layers of amber_blush blush.",8
images/gen_dusky_0239.jpg,Dusky,chai_latte,1,2.8,deep_peach,1,golden_coral_blush,2,espresso_black,3,tan_concealer,2,8 hrs,low,882,weather,normal,hot,"Apply 1 layer (~2.8 ml) of chai_latte foundation, 1 layer of deep_peach lipstick, 2 layers of golden_coral_blush blush.",9
images/gen_dusky_0240.jpg,Dusky,toasted_caramel,2,4.0,cinnamon,2,golden_coral_blush,1,black,2,copper_concealer,1,8 hrs,low,1593,weather,party,humid,"Apply 2 layers (~4.0 ml) of toasted_caramel foundation, 1 layer of cinnamon lipstick, 1 layers of golden_coral_blush blush.",0
images/gen_dusky_0241.jpg,Dusky,warm_copper,1,2.0,earth_red,1,terracotta_blush,2,black,3,warm_tan_concealer,2,14 hrs,high,2094,occasion,bridal,hot,"Apply 1 layer (~2.0 ml) of warm_copper foundation, 2 layer of earth_red lipstick, 1 layer of terracotta_blush blush.",1
images/gen_dusky_0242.jpg,Dusky,warm_tan,2,3.5,rust_red,1,amber_blush,2,espresso_black,1,tan_concealer,2,6 hrs,low,3079,simple,normal,normal,"Apply 2 layers (~3.5 ml) of warm_tan foundation, 1 layer of rust_red lipstick, 1 layers of amber_blush blush.",2
images/gen_dusky_0243.jpg,Dusky,caramel_beige,1,1.8,copper_nude,1,dusty_rose_blush,2,brown_black,2,copper_concealer,1,12 hrs,high,2528,weather,normal,hot,"Apply 1 layer (~1.8 ml) of caramel_beige foundation, 1 layer of copper_nude lipstick, 1 layers of dusty_rose_blush blush.",3
images/gen_dusky_0244.jpg,Dusky,desert_sand,3,5.2,copper_nude,1,golden_coral_blush,2,dark_brown,3,amber_concealer,2,14 hrs,high,2074,occasion,daily,cold,"Apply 3 layers (~5.2 ml) of desert_sand foundation, 1 layer of copper_nude lipstick, 2 layer of golden_coral_blush blush.",4
images/gen_dusky_0245.jpg,Dusky,warm_tan,2,1.6,deep_coral,2,amber_blush,2,dark_brown,3,caramel_concealer,1,8 hrs,low,1329,simple,office,normal,"Apply 2 layers (~1.6 ml) of warm_tan foundation, 1 layer of deep_coral lipstick, 1 layer of amber_blush blush.",5
images/gen_dusky_0246.jpg,Dusky,caramel_beige,3,5.2,copper_nude,1,warm_peach_blush,1,black,2,tan_concealer,1,12 hrs,medium,2602,occasion,daily,normal,"Apply 3 layers (~5.2 ml) of caramel_beige foundation, 1 layer of copper_nude lipstick, 1 layers of warm_peach_blush blush.",6
images/gen_dusky_0247.jpg,Dusky,warm_tan,2,3.7,deep_coral,1,amber_blush,1,brown_black,3,tan_concealer,2,10 hrs,medium,695,weather,bridal,normal,"Apply 2 layers (~3.7 ml) of warm_tan foundation, 2 layer of deep_coral lipstick, 2 layers of amber_blush blush.",7
images/gen_dusky_0248.jpg,Dusky,tan_beige,2,4.1,deep_coral,2,dusty_rose_blush,1,dark_brown,1,copper_concealer,2,8 hrs,low,2546,simple,party,cold,"Apply 2 layers (~4.1 ml) of tan_beige foundation, 2 layer of deep_coral lipstick, 1 layers of dusty_rose_blush blush.",8
images/gen_dusky_0249.jpg,Dusky,toasted_caramel,2,4.6,copper_nude,1,warm_peach_blush,2,black,3,copper_concealer,2,10 hrs,high,2984,weather,daily,cold,"Apply 2 layers (~4.6 ml) of toasted_caramel foundation, 1 layer of copper_nude lipstick, 2 layers of warm_peach_blush blush.",9
images/gen_dusky_0250.jpg,Dusky,toasted_caramel,3,2.5,rust_red,1,sunset_blush,2,brown_black,3,tan_concealer,2,10 hrs,medium,2149,occasion,bridal,humid,"Apply 3 layers (~2.5 ml) of toasted_caramel foundation, 2 layer of rust_red lipstick, 1 layers of sunset_blush blush.",0
images/gen_dusky_0251.jpg,Dusky,chai_latte,3,1.7,dusty_mauve,1,warm_peach_blush,1,black,1,golden_concealer,1,10 hrs,low,3077,weather,normal,normal,"Apply 3 layers (~1.7 ml) of chai_latte foundation, 1 layer of dusty_mauve lipstick, 2 layer of warm_peach_blush blush.",1
images/gen_dusky_0252.jpg,Dusky,toasted_caramel,1,2.5,cinnamon,1,bronze_blush,1,espresso_black,2,caramel_concealer,2,10 hrs,high,2370,occasion,office,hot,"Apply 1 layer (~2.5 ml) of toasted_caramel foundation, 1 layer of cinnamon lipstick, 1 layer of bronze_blush blush.",2
images/gen_dusky_0253.jpg,Dusky,golden_tan,3,5.0,earth_red,2,terracotta_blush,1,espresso_black,2,tan_concealer,2,8 hrs,low,2997,weather,normal,cold,"Apply 3 layers (~5.0 ml) of golden_tan foundation, 1 layer of earth_red lipstick, 2 layers of terracotta_blush blush.",3
images/gen_dusky_0254.jpg,Dusky,desert_sand,1,2.4,fig,2,terracotta_blush,2,brown_black,2,tan_concealer,2,12 hrs,medium,1302,weather,daily,hot,"Apply 1 layer (~2.4 ml) of desert_sand foundation, 2 layer of fig lipstick, 1 layer of terracotta_blush blush.",4
images/gen_dusky_0255.jpg,Dusky,warm_tan,2,3.0,deep_peach,2,dusty_rose_blush,2,brown_black,3,amber_concealer,1,8 hrs,high,1030,weather,office,normal,"Apply 2 layers (~3.0 ml) of warm_tan foundation, 2 layer of deep_peach lipstick, 2 layer of dusty_rose_blush blush.",5
images/gen_dusky_0256.jpg,Dusky,bronze_beige,1,2.5,rust_red,2,warm_peach_blush,2,dark_brown,2,golden_concealer,2,12 hrs,medium,2370,occasion,daily,hot,"Apply 1 layer (~2.5 ml) of bronze_beige foundation, 1 layer of rust_red lipstick, 2 layer of warm_peach_blush blush.",6
images/gen_dusky_0257.jpg,Dusky,spice_beige,1,2.3,mauve_rose,1,copper_blush,1,espresso_black,2,warm_tan_concealer,2,12 hrs,medium,1260,weather,normal,hot,"Apply 1 layer (~2.3 ml) of spice_beige foundation, 2 layer of mauve_rose lipstick, 2 layers of copper_blush blush.",7
images/gen_dusky_0258.jpg,Dusky,toasted_caramel,2,4.8,earth_red,2,bronze_blush,1,espresso_black,3,caramel_concealer,2,8 hrs,low,2479,weather,office,humid,"Apply 2 layers (~4.8 ml) of toasted_caramel foundation, 1 layer of earth_red lipstick, 2 layer of bronze_blush blush.",8
images/gen_dusky_0259.jpg,Dusky,bronze_beige,1,5.4,sienna,1,amber_blush,2,dark_brown,2,golden_concealer,2,6 hrs,low,605,simple,bridal,humid,"Apply 1 layer (~5.4 ml) of bronze_beige foundation, 2 layer of sienna lipstick, 1 layer of amber_blush blush.",9
images/gen_dusky_0260.jpg,Dusky,desert_sand,3,2.8,cinnamon,1,copper_blush,1,espresso_black,1,warm_tan_concealer,2,12 hrs,medium,2953,weather,party,normal,"Apply 3 layers (~2.8 ml) of desert_sand foundation, 1 layer of cinnamon lipstick, 1 layers of copper_blush blush.",0
images/gen_dusky_0261.jpg,Dusky,matte_tan,3,4.8,fig,1,terracotta_blush,2,black,2,golden_concealer,2,12 hrs,medium,940,occasion,bridal,normal,"Apply 3 layers (~4.8 ml) of matte_tan foundation, 1 layer of fig lipstick, 2 layers of terracotta_blush blush.",1
images/gen_dusky_0262.jpg,Dusky,deep_sand,1,2.0,deep_peach,1,bronze_blush,2,dark_brown,1,caramel_concealer,1,10 hrs,high,1661,occasion,office,hot,"Apply 1 layer (~2.0 ml) of deep_sand foundation, 2 layer of deep_peach lipstick, 2 layer of bronze_blush blush.",2
images/gen_dusky_0263.jpg,Dusky,toasted_caramel,2,4.7,terracotta,1,warm_peach_blush,2,brown_black,2,tan_concealer,1,8 hrs,low,1060,simple,normal,cold,"Apply 2 layers (~4.7 ml) of toasted_caramel foundation, 2 layer of terracotta lipstick, 2 layer of warm_peach_blush blush.",3
images/gen_dusky_0264.jpg,Dusky,desert_sand,1,5.3,fig,2,dusty_rose_blush,2,brown_black,3,golden_concealer,2,14 hrs,high,1645,occasion,daily,humid,"Apply 1 layer (~5.3 ml) of desert_sand foundation, 2 layer of fig lipstick, 1 layer of dusty_rose_blush blush.",4
images/gen_dusky_0265.jpg,Dusky,golden_tan,2,4.7,warm_berry,2,warm_peach_blush,1,espresso_black,1,amber_concealer,1,12 hrs,medium,661,weather,bridal,humid,"Apply 2 layers (~4.7 ml) of golden_tan foundation, 1 layer of warm_berry lipstick, 1 layers of warm_peach_blush blush.",5
images/gen_dusky_0266.jpg,Dusky,golden_tan,2,3.2,rust_red,2,bronze_blush,2,espresso_black,2,golden_concealer,1,6 hrs,low,2637,simple,office,cold,"Apply 2 layers (~3.2 ml) of golden_tan foundation, 1 layer of rust_red lipstick, 1 layer of bronze_blush blush.",6
images/gen_dusky_0267.jpg,Dusky,bronze_beige,1,2.0,sienna,2,dusty_rose_blush,2,dark_brown,3,caramel_concealer,2,8 hrs,low,1113,simple,party,hot,"Apply 1 layer (~2.0 ml) of bronze_beige foundation, 1 layer of sienna lipstick, 2 layers of dusty_rose_blush blush.",7
images/gen_dusky_0268.jpg,Dusky,chai_latte,3,5.4,mauve_rose,1,copper_blush,1,dark_brown,1,tan_concealer,1,12 hrs,low,1319,weather,normal,humid,"Apply 3 layers (~5.4 ml) of chai_latte foundation, 1 layer of mauve_rose lipstick, 1 layer of copper_blush blush.",8
images/gen_dusky_0269.jpg,Dusky,tan_beige,3,1.9,earth_red,1,bronze_blush,2,dark_brown,2,caramel_concealer,1,10 hrs,high,2681,weather,office,humid,"Apply 3 layers (~1.9 ml) of tan_beige foundation, 2 layer of earth_red lipstick, 2 layer of bronze_blush blush.",9
images/gen_dusky_0270.jpg,Dusky,golden_tan,3,4.3,fig,2,warm_peach_blush,2,espresso_black,2,caramel_concealer,1,8 hrs,low,2052,simple,party,humid,"Apply 3 layers (~4.3 ml) of golden_tan foundation, 2 layer of fig lipstick, 2 layers of warm_peach_blush blush.",0
images/gen_dusky_0271.jpg,Dusky,toasted_caramel,2,2.1,copper_nude,1,dusty_rose_blush,1,brown_black,3,copper_concealer,2,6 hrs,low,995,simple,daily,normal,"Apply 2 layers (~2.1 ml) of toasted_caramel foundation, 1 layer of copper_nude lipstick, 1 layers of dusty_rose_blush blush.",1
images/gen_dusky_0272.jpg,Dusky,caramel_beige,1,1.8,earth_red,1,warm_peach_blush,2,black,1,golden_concealer,1,12 hrs,high,2249,weather,party,hot,"Apply 1 layer (~1.8 ml) of caramel_beige foundation, 1 layer of earth_red lipstick, 1 layer of warm_peach_blush blush.",2
images/gen_dusky_0273.jpg,Dusky,chai_latte,1,3.7,warm_nude,2,sunset_blush,2,espresso_black,2,copper_concealer,1,10 hrs,medium,2503,occasion,party,normal,"Apply 1 layer (~3.7 ml) of chai_latte foundation, 1 layer of warm_nude lipstick, 1 layers of sunset_blush blush.",3
images/gen_dusky_0274.jpg,Dusky,satin_tan,3,3.6,brick_red,2,copper_blush,1,brown_black,1,amber_concealer,1,8 hrs,high,2302,weather,party,cold,"Apply 3 layers (~3.6 ml) of satin_tan foundation, 1 layer of brick_red lipstick, 1 layers of copper_blush blush.",4
images/gen_dusky_0275.jpg,Dusky,desert_sand,2,2.5,warm_berry,1,dusty_rose_blush,1,black,1,warm_tan_concealer,1,8 hrs,low,903,simple,office,normal,"Apply 2 layers (~2.5 ml) of desert_sand foundation, 2 layer of warm_berry lipstick, 2 layer of dusty_rose_blush blush.",5
images/gen_dusky_0276.jpg,Dusky,toasted_caramel,3,4.7,deep_coral,2,warm_peach_blush,2,black,3,tan_concealer,1,6 hrs,low,2024,simple,bridal,humid,"Apply 3 layers (~4.7 ml) of toasted_caramel foundation, 2 layer of deep_coral lipstick, 2 layers of warm_peach_blush blush.",6
images/gen_dusky_0277.jpg,Dusky,tan_beige,3,5.3,brick_red,2,copper_blush,1,dark_brown,2,caramel_concealer,1,8 hrs,low,1360,weather,daily,cold,"Apply 3 layers (~5.3 ml) of tan_beige foundation, 1 layer of brick_red lipstick, 2 layer of copper_blush blush.",7
images/gen_dusky_0278.jpg,Dusky,amber_beige,1,1.8,mauve_rose,1,terracotta_blush,1,black,3,golden_concealer,1,12 hrs,high,520,weather,daily,hot,"Apply 1 layer (~1.8 ml) of amber_beige foundation, 1 layer of mauve_rose lipstick, 2 layers of terracotta_blush blush.",8
images/gen_dusky_0279.jpg,Dusky,golden_tan,1,2.2,dusty_mauve,1,terracotta_blush,1,dark_brown,3,copper_concealer,2,12 hrs,low,2179,weather,party,hot,"Apply 1 layer (~2.2 ml) of golden_tan foundation, 1 layer of dusty_mauve lipstick, 1 layer of terracotta_blush blush.",9
images/gen_dusky_0280.jpg,Dusky,warm_tan,3,4.6,burnt_orange,1,golden_coral_blush,1,brown_black,2,tan_concealer,1,14 hrs,medium,1904,occasion,office,normal,"Apply 3 layers (~4.6 ml) of warm_tan foundation, 1 layer of burnt_orange lipstick, 1 layer of golden_coral_blush blush.",0
images/gen_dusky_0281.jpg,Dusky,bronze_beige,2,3.1,dusty_mauve,2,sunset_blush,1,dark_brown,1,amber_concealer,2,12 hrs,low,1221,weather,daily,cold,"Apply 2 layers (~3.1 ml) of bronze_beige foundation, 1 layer of dusty_mauve lipstick, 1 layers of sunset_blush blush.",1
images/gen_dusky_0282.jpg,Dusky,chai_latte,3,4.6,mauve_rose,1,terracotta_blush,1,espresso_black,3,warm_tan_concealer,1,6 hrs,low,2002,simple,normal,cold,"Apply 3 layers (~4.6 ml) of chai_latte foundation, 1 layer of mauve_rose lipstick, 2 layers of terracotta_blush blush.",2
images/gen_dusky_0283.jpg,Dusky,golden_tan,1,4.4,fig,1,dusty_rose_blush,2,black,1,tan_concealer,2,14 hrs,high,1970,occasion,office,normal,"Apply 1 layer (~4.4 ml) of golden_tan foundation, 1 layer of fig lipstick, 2 layer of dusty_rose_blush blush.",3
images/gen_dusky_0284.jpg,Dusky,spice_beige,2,4.6,terracotta,2,copper_blush,1,black,2,copper_concealer,1,8 hrs,low,1982,weather,bridal,normal,"Apply 2 layers (~4.6 ml) of spice_beige foundation, 1 layer of terracotta lipstick, 1 layer of copper_blush blush.",4
images/gen_dusky_0285.jpg,Dusky,deep_sand,2,3.4,deep_peach,1,bronze_blush,1,brown_black,2,caramel_concealer,1,12 hrs,low,1902,weather,office,cold,"Apply 2 layers (~3.4 ml) of deep_sand foundation, 1 layer of deep_peach lipstick, 2 layer of bronze_blush blush.",5
images/gen_dusky_0286.jpg,Dusky,tan_beige,1,2.8,burnt_orange,2,terracotta_blush,2,espresso_black,3,caramel_concealer,1,10 hrs,medium,2019,occasion,office,hot,"Apply 1 layer (~2.8 ml) of tan_beige foundation, 2 layer of burnt_orange lipstick, 2 layers of terracotta_blush blush.",6
images/gen_dusky_0287.jpg,Dusky,spice_beige,2,5.4,burnt_orange,1,warm_peach_blush,1,espresso_black,1,caramel_concealer,1,12 hrs,high,658,occasion,party,cold,"Apply 2 layers (~5.4 ml) of spice_beige foundation, 2 layer of burnt_orange lipstick, 1 layer of warm_peach_blush blush.",7
images/gen_dusky_0288.jpg,Dusky,bronze_beige,3,2.4,brick_red,1,bronze_blush,2,brown_black,2,warm_tan_concealer,1,8 hrs,low,1106,simple,normal,humid,"Apply 3 layers (~2.4 ml) of bronze_beige foundation, 2 layer of brick_red lipstick, 1 layer of bronze_blush blush.",8
images/gen_dusky_0289.jpg,Dusky,toasted_caramel,3,1.7,terracotta,1,golden_coral_blush,2,brown_black,1,tan_concealer,1,8 hrs,low,1678,weather,normal,humid,"Apply 3 layers (~1.7 ml) of toasted_caramel foundation, 1 layer of terracotta lipstick, 1 layers of golden_coral_blush blush.",9
images/gen_dusky_0290.jpg,Dusky,tan_beige,3,3.4,terracotta,2,golden_coral_blush,2,dark_brown,2,golden_concealer,1,14 hrs,medium,1337,occasion,daily,cold,"Apply 3 layers (~3.4 ml) of tan_beige foundation, 2 layer of terracotta lipstick, 2 layers of golden_coral_blush blush.",0
images/gen_dusky_0291.jpg,Dusky,sun_kissed_tan,2,2.3,dusty_mauve,1,warm_peach_blush,1,brown_black,2,golden_concealer,1,6 hrs,low,2648,simple,daily,normal,"Apply 2 layers (~2.3 ml) of sun_kissed_tan foundation, 2 layer of dusty_mauve lipstick, 2 layers of warm_peach_blush blush.",1
images/gen_dusky_0292.jpg,Dusky,bronze_beige,1,1.6,dusty_mauve,1,golden_coral_blush,1,black,2,golden_concealer,2,8 hrs,low,2414,simple,office,humid,"Apply 1 layer (~1.6 ml) of bronze_beige foundation, 2 layer of dusty_mauve lipstick, 1 layer of golden_coral_blush blush.",2
images/gen_dusky_0293.jpg,Dusky,sun_kissed_tan,1,4.5,deep_coral,1,bronze_blush,2,espresso_black,1,amber_concealer,1,8 hrs,low,1546,simple,bridal,normal,"Apply 1 layer (~4.5 ml) of sun_kissed_tan foundation, 1 layer of deep_coral lipstick, 2 layer of bronze_blush blush.",3
images/gen_dusky_0294.jpg,Dusky,desert_sand,3,4.8,sienna,2,dusty_rose_blush,1,dark_brown,2,copper_concealer,2,10 hrs,medium,2969,weather,daily,humid,"Apply 3 layers (~4.8 ml) of desert_sand foundation, 1 layer of sienna lipstick, 1 layers of dusty_rose_blush blush.",4
images/gen_dusky_0295.jpg,Dusky,deep_sand,2,5.3,brick_red,1,terracotta_blush,2,brown_black,2,caramel_concealer,1,8 hrs,low,1363,weather,bridal,normal,"Apply 2 layers (~5.3 ml) of deep_sand foundation, 2 layer of brick_red lipstick, 1 layer of terracotta_blush blush.",5
images/gen_dusky_0296.jpg,Dusky,golden_tan,1,1.5,earth_red,2,golden_coral_blush,1,dark_brown,1,tan_concealer,1,12 hrs,medium,2182,weather,daily,hot,"Apply 1 layer (~1.5 ml) of golden_tan foundation, 1 layer of earth_red lipstick, 2 layer of golden_coral_blush blush.",6
images/gen_dusky_0297.jpg,Dusky,warm_tan,3,4.7,copper_nude,1,bronze_blush,2,dark_brown,1,golden_concealer,2,8 hrs,low,2581,simple,office,normal,"Apply 3 layers (~4.7 ml) of warm_tan foundation, 2 layer of copper_nude lipstick, 1 layer of bronze_blush blush.",7
images/gen_dusky_0298.jpg,Dusky,golden_tan,2,2.7,fig,2,bronze_blush,1,brown_black,3,golden_concealer,1,6 hrs,low,752,simple,normal,humid,"Apply 2 layers (~2.7 ml) of golden_tan foundation, 1 layer of fig lipstick, 2 layers of bronze_blush blush.",8
images/gen_dusky_0299.jpg,Dusky,warm_copper,2,3.4,burnt_orange,1,warm_peach_blush,1,dark_brown,1,caramel_concealer,2,8 hrs,low,2918,simple,bridal,normal,"Apply 2 layers (~3.4 ml) of warm_copper foundation, 1 layer of burnt_orange lipstick, 2 layers of warm_peach_blush blush.",9
images/gen_dusky_0300.jpg,Dusky,sun_kissed_tan,3,2.1,rust_red,1,dusty_rose_blush,2,black,1,golden_concealer,2,14 hrs,high,960,occasion,normal,humid,"Apply 3 layers (~2.1 ml) of sun_kissed_tan foundation, 1 layer of rust_red lipstick, 2 layer of dusty_rose_blush blush.",0
images/gen_dusky_0301.jpg,Dusky,matte_tan,3,4.1,rust_red,2,amber_blush,2,espresso_black,1,copper_concealer,2,10 hrs,high,3121,occasion,daily,normal,"Apply 3 layers (~4.1 ml) of matte_tan foundation, 2 layer of rust_red lipstick, 2 layer of amber_blush blush.",1
images/gen_dusky_0302.jpg,Dusky,bronze_beige,3,4.1,warm_berry,2,amber_blush,2,espresso_black,1,amber_concealer,1,8 hrs,low,2318,simple,daily,humid,"Apply 3 layers (~4.1 ml) of bronze_beige foundation, 2 layer of warm_berry lipstick, 1 layers of amber_blush blush.",2
images/gen_dusky_0303.jpg,Dusky,sun_kissed_tan,2,5.5,fig,2,amber_blush,2,brown_black,3,golden_concealer,1,8 hrs,low,3015,simple,office,cold,"Apply 2 layers (~5.5 ml) of sun_kissed_tan foundation, 1 layer of fig lipstick, 1 layer of amber_blush blush.",3
images/gen_dusky_0304.jpg,Dusky,sun_kissed_tan,1,1.7,sienna,1,bronze_blush,1,brown_black,1,tan_concealer,1,8 hrs,low,1965,simple,party,hot,"Apply 1 layer (~1.7 ml) of sun_kissed_tan foundation, 1 layer of sienna lipstick, 1 layers of bronze_blush blush.",4
images/gen_dusky_0305.jpg,Dusky,chai_latte,2,3.5,terracotta,1,sunset_blush,2,dark_brown,2,warm_tan_concealer,1,12 hrs,medium,1178,weather,daily,cold,"Apply 2 layers (~3.5 ml) of chai_latte foundation, 1 layer of terracotta lipstick, 2 layers of sunset_blush blush.",5
images/gen_dusky_0306.jpg,Dusky,spice_beige,2,4.1,deep_coral,2,copper_blush,2,espresso_black,3,tan_concealer,1,14 hrs,medium,2612,occasion,daily,cold,"Apply 2 layers (~4.1 ml) of spice_beige foundation, 2 layer of deep_coral lipstick, 2 layer of copper_blush blush.",6
images/gen_dusky_0307.jpg,Dusky,spice_beige,3,3.7,dusty_mauve,2,dusty_rose_blush,2,dark_brown,3,tan_concealer,1,6 hrs,low,1427,simple,bridal,normal,"Apply 3 layers (~3.7 ml) of spice_beige foundation, 2 layer of dusty_mauve lipstick, 1 layers of dusty_rose_blush blush.",7
images/gen_dusky_0308.jpg,Dusky,amber_beige,1,1.9,sienna,2,golden_coral_blush,2,brown_black,3,golden_concealer,2,12 hrs,medium,1784,occasion,daily,hot,"Apply 1 layer (~1.9 ml) of amber_beige foundation, 2 layer of sienna lipstick, 2 layer of golden_coral_blush blush.",8
images/gen_dusky_0309.jpg,Dusky,spice_beige,1,2.4,rust_red,1,dusty_rose_blush,1,espresso_black,2,warm_tan_concealer,1,8 hrs,low,2230,weather,normal,hot,"Apply 1 layer (~2.4 ml) of spice_beige foundation, 2 layer of rust_red lipstick, 1 layers of dusty_rose_blush blush.",9
images/gen_dusky_0310.jpg,Dusky,amber_beige,1,3.2,rust_red,1,warm_peach_blush,2,black,2,amber_concealer,1,8 hrs,medium,701,weather,normal,normal,"Apply 1 layer (~3.2 ml) of amber_beige foundation, 2 layer of rust_red lipstick, 2 layers of warm_peach_blush blush.",0
images/gen_dusky_0311.jpg,Dusky,chai_latte,3,3.4,dusty_mauve,2,golden_coral_blush,1,espresso_black,2,copper_concealer,2,8 hrs,low,1573,simple,daily,cold,"Apply 3 layers (~3.4 ml) of chai_latte foundation, 2 layer of dusty_mauve lipstick, 2 layers of golden_coral_blush blush.",1
images/gen_dusky_0312.jpg,Dusky,satin_tan,3,4.2,warm_berry,1,terracotta_blush,2,brown_black,1,golden_concealer,1,8 hrs,low,2013,simple,normal,cold,"Apply 3 layers (~4.2 ml) of satin_tan foundation, 2 layer of warm_berry lipstick, 1 layer of terracotta_blush blush.",2
images/gen_dusky_0313.jpg,Dusky,amber_beige,3,2.2,brick_red,1,terracotta_blush,1,black,3,caramel_concealer,2,12 hrs,high,1156,occasion,bridal,humid,"Apply 3 layers (~2.2 ml) of amber_beige foundation, 2 layer of brick_red lipstick, 2 layer of terracotta_blush blush.",3
images/gen_dusky_0314.jpg,Dusky,bronze_beige,1,2.9,earth_red,1,dusty_rose_blush,2,brown_black,1,golden_concealer,1,8 hrs,low,823,simple,normal,hot,"Apply 1 layer (~2.9 ml) of bronze_beige foundation, 2 layer of earth_red lipstick, 1 layers of dusty_rose_blush blush.",4
images/gen_dusky_0315.jpg,Dusky,toasted_caramel,1,3.0,fig,2,golden_coral_blush,2,black,3,tan_concealer,2,8 hrs,low,2788,simple,bridal,normal,"Apply 1 layer (~3.0 ml) of toasted_caramel foundation, 1 layer of fig lipstick, 1 layers of golden_coral_blush blush.",5
images/gen_dusky_0316.jpg,Dusky,deep_sand,1,3.8,earth_red,1,terracotta_blush,2,espresso_black,1,caramel_concealer,1,8 hrs,low,954,simple,office,normal,"Apply 1 layer (~3.8 ml) of deep_sand foundation, 1 layer of earth_red lipstick, 2 layers of terracotta_blush blush.",6
images/gen_dusky_0317.jpg,Dusky,satin_tan,1,2.6,deep_coral,2,golden_coral_blush,1,espresso_black,2,copper_concealer,2,8 hrs,low,2605,simple,normal,hot,"Apply 1 layer (~2.6 ml) of satin_tan foundation, 2 layer of deep_coral lipstick, 1 layers of golden_coral_blush blush.",7
images/gen_dusky_0318.jpg,Dusky,toasted_caramel,1,2.5,mauve_rose,2,copper_blush,2,espresso_black,3,golden_concealer,2,6 hrs,low,1668,simple,bridal,hot,"Apply 1 layer (~2.5 ml) of toasted_caramel foundation, 1 layer of mauve_rose lipstick, 1 layers of copper_blush blush.",8
images/gen_dusky_0319.jpg,Dusky,chai_latte,2,3.3,deep_peach,2,dusty_rose_blush,2,espresso_black,1,amber_concealer,1,8 hrs,low,1702,weather,party,cold,"Apply 2 layers (~3.3 ml) of chai_latte foundation, 2 layer of deep_peach lipstick, 1 layers of dusty_rose_blush blush.",9
images/gen_dusky_0320.jpg,Dusky,satin_tan,3,4.7,deep_peach,2,terracotta_blush,2,black,3,tan_concealer,1,8 hrs,medium,635,weather,office,cold,"Apply 3 layers (~4.7 ml) of satin_tan foundation, 2 layer of deep_peach lipstick, 1 layer of terracotta_blush blush.",0
images/gen_dusky_0321.jpg,Dusky,satin_tan,1,2.7,copper_nude,2,amber_blush,2,espresso_black,2,tan_concealer,2,12 hrs,medium,2606,occasion,party,hot,"Apply 1 layer (~2.7 ml) of satin_tan foundation, 1 layer of copper_nude lipstick, 1 layer of amber_blush blush.",1
images/gen_dusky_0322.jpg,Dusky,matte_tan,3,5.3,brick_red,2,golden_coral_blush,1,black,2,amber_concealer,1,8 hrs,low,563,simple,party,cold,"Apply 3 layers (~5.3 ml) of matte_tan foundation, 1 layer of brick_red lipstick, 2 layer of golden_coral_blush blush.",2
images/gen_dusky_0323.jpg,Dusky,matte_tan,1,2.9,copper_nude,2,golden_coral_blush,2,brown_black,3,amber_concealer,1,12 hrs,high,2463,weather,bridal,hot,"Apply 1 layer (~2.9 ml) of matte_tan foundation, 1 layer of copper_nude lipstick, 1 layers of golden_coral_blush blush.",3
images/gen_dusky_0324.jpg,Dusky,caramel_beige,3,2.1,terracotta,1,bronze_blush,1,brown_black,3,copper_concealer,1,8 hrs,low,2926,simple,bridal,humid,"Apply 3 layers (~2.1 ml) of caramel_beige foundation, 2 layer of terracotta lipstick, 1 layers of bronze_blush blush.",4
images/gen_dusky_0325.jpg,Dusky,tan_beige,1,1.7,dusty_mauve,1,warm_peach_blush,1,dark_brown,1,warm_tan_concealer,1,10 hrs,high,561,occasion,bridal,hot,"Apply 1 layer (~1.7 ml) of tan_beige foundation, 1 layer of dusty_mauve lipstick, 1 layer of warm_peach_blush blush.",5
images/gen_dusky_0326.jpg,Dusky,deep_sand,1,2.5,dusty_mauve,1,golden_coral_blush,1,black,3,tan_concealer,1,8 hrs,low,1710,simple,office,hot,"Apply 1 layer (~2.5 ml) of deep_sand foundation, 1 layer of dusty_mauve lipstick, 2 layers of golden_coral_blush blush.",6
images/gen_dusky_0327.jpg,Dusky,chai_latte,1,2.7,warm_berry,2,copper_blush,2,espresso_black,2,copper_concealer,1,6 hrs,low,1298,simple,bridal,humid,"Apply 1 layer (~2.7 ml) of chai_latte foundation, 1 layer of warm_berry lipstick, 1 layer of copper_blush blush.",7
images/gen_dusky_0328.jpg,Dusky,tan_beige,2,4.8,deep_coral,2,terracotta_blush,2,brown_black,3,caramel_concealer,2,10 hrs,medium,2292,occasion,normal,humid,"Apply 2 layers (~4.8 ml) of tan_beige foundation, 1 layer of deep_coral lipstick, 1 layers of terracotta_blush blush.",8
images/gen_dusky_0329.jpg,Dusky,chai_latte,3,1.7,rust_red,2,golden_coral_blush,2,brown_black,2,golden_concealer,1,8 hrs,low,869,simple,bridal,normal,"Apply 3 layers (~1.7 ml) of chai_latte foundation, 1 layer of rust_red lipstick, 1 layer of golden_coral_blush blush.",9
images/gen_dusky_0330.jpg,Dusky,matte_tan,1,1.7,fig,2,dusty_rose_blush,2,black,3,amber_concealer,1,12 hrs,high,1705,weather,office,hot,"Apply 1 layer (~1.7 ml) of matte_tan foundation, 1 layer of fig lipstick, 2 layer of dusty_rose_blush blush.",0
images/gen_dusky_0331.jpg,Dusky,toasted_caramel,1,3.1,deep_coral,1,golden_coral_blush,2,black,3,caramel_concealer,2,10 hrs,low,1239,weather,office,normal,"Apply 1 layer (~3.1 ml) of toasted_caramel foundation, 2 layer of deep_coral lipstick, 1 layers of golden_coral_blush blush.",1
images/gen_dusky_0332.jpg,Dusky,golden_tan,2,5.1,terracotta,2,bronze_blush,1,dark_brown,2,caramel_concealer,1,10 hrs,medium,2766,occasion,normal,normal,"Apply 2 layers (~5.1 ml) of golden_tan foundation, 2 layer of terracotta lipstick, 2 layer of bronze_blush blush.",2
images/gen_dusky_0333.jpg,Dusky,warm_tan,3,3.9,cinnamon,2,dusty_rose_blush,2,brown_black,3,golden_concealer,1,8 hrs,low,805,simple,daily,cold,"Apply 3 layers (~3.9 ml) of warm_tan foundation, 1 layer of cinnamon lipstick, 1 layers of dusty_rose_blush blush.",3
images/gen_dusky_0334.jpg,Dusky,golden_tan,1,2.6,dusty_mauve,1,copper_blush,2,dark_brown,1,warm_tan_concealer,2,8 hrs,low,2000,simple,daily,hot,"Apply 1 layer (~2.6 ml) of golden_tan foundation, 1 layer of dusty_mauve lipstick, 2 layers of copper_blush blush.",4
images/gen_dusky_0335.jpg,Dusky,spice_beige,2,4.2,copper_nude,1,terracotta_blush,2,espresso_black,2,caramel_concealer,1,12 hrs,high,2853,occasion,normal,normal,"Apply 2 layers (~4.2 ml) of spice_beige foundation, 1 layer of copper_nude lipstick, 1 layer of terracotta_blush blush.",5
images/gen_dusky_0336.jpg,Dusky,bronze_beige,3,3.1,brick_red,2,terracotta_blush,1,brown_black,3,warm_tan_concealer,1,8 hrs,low,2793,simple,normal,normal,"Apply 3 layers (~3.1 ml) of bronze_beige foundation, 1 layer of brick_red lipstick, 1 layers of terracotta_blush blush.",6
images/gen_dusky_0337.jpg,Dusky,golden_tan,1,2.3,deep_peach,1,copper_blush,2,brown_black,3,warm_tan_concealer,2,12 hrs,low,525,weather,bridal,hot,"Apply 1 layer (~2.3 ml) of golden_tan foundation, 1 layer of deep_peach lipstick, 1 layers of copper_blush blush.",7
images/gen_dusky_0338.jpg,Dusky,warm_tan,3,4.1,sienna,1,sunset_blush,2,black,1,amber_concealer,2,10 hrs,medium,831,occasion,party,normal,"Apply 3 layers (~4.1 ml) of warm_tan foundation, 1 layer of sienna lipstick, 2 layer of sunset_blush blush.",8
images/gen_dusky_0339.jpg,Dusky,warm_tan,2,3.5,fig,2,golden_coral_blush,1,espresso_black,3,copper_concealer,2,8 hrs,medium,2801,weather,normal,cold,"Apply 2 layers (~3.5 ml) of warm_tan foundation, 1 layer of fig lipstick, 1 layers of golden_coral_blush blush.",9
images/gen_dusky_0340.jpg,Dusky,caramel_beige,3,4.0,copper_nude,1,golden_coral_blush,2,espresso_black,3,warm_tan_concealer,1,12 hrs,high,3057,weather,bridal,cold,"Apply 3 layers (~4.0 ml) of caramel_beige foundation, 2 layer of copper_nude lipstick, 2 layers of golden_coral_blush blush.",0
images/gen_dusky_0341.jpg,Dusky,caramel_beige,1,4.7,earth_red,2,bronze_blush,2,black,1,golden_concealer,1,12 hrs,low,781,weather,daily,normal,"Apply 1 layer (~4.7 ml) of caramel_beige foundation, 2 layer of earth_red lipstick, 1 layer of bronze_blush blush.",1
images/gen_dusky_0342.jpg,Dusky,spice_beige,1,2.6,earth_red,2,warm_peach_blush,1,brown_black,3,amber_concealer,2,10 hrs,high,2334,occasion,party,hot,"Apply 1 layer (~2.6 ml) of spice_beige foundation, 1 layer of earth_red lipstick, 2 layers of warm_peach_blush blush.",2
images/gen_dusky_0343.jpg,Dusky,toasted_caramel,1,2.8,brick_red,1,warm_peach_blush,1,espresso_black,2,warm_tan_concealer,2,6 hrs,low,717,simple,daily,hot,"Apply 1 layer (~2.8 ml) of toasted_caramel foundation, 2 layer of brick_red lipstick, 2 layers of warm_peach_blush blush.",3
images/gen_dusky_0344.jpg,Dusky,golden_tan,3,3.9,deep_coral,1,warm_peach_blush,1,black,2,amber_concealer,2,12 hrs,high,612,occasion,office,cold,"Apply 3 layers (~3.9 ml) of golden_tan foundation, 1 layer of deep_coral lipstick, 2 layers of warm_peach_blush blush.",4
images/gen_dusky_0345.jpg,Dusky,warm_tan,2,4.2,sienna,1,terracotta_blush,1,dark_brown,1,golden_concealer,1,12 hrs,medium,2163,weather,daily,cold,"Apply 2 layers (~4.2 ml) of warm_tan foundation, 2 layer of sienna lipstick, 2 layers of terracotta_blush blush.",5
images/gen_dusky_0346.jpg,Dusky,golden_tan,3,4.7,terracotta,1,bronze_blush,1,dark_brown,1,warm_tan_concealer,2,8 hrs,high,707,weather,daily,cold,"Apply 3 layers (~4.7 ml) of golden_tan foundation, 2 layer of terracotta lipstick, 2 layers of bronze_blush blush.",6
images/gen_dusky_0347.jpg,Dusky,chai_latte,2,2.4,earth_red,2,sunset_blush,1,espresso_black,2,caramel_concealer,1,6 hrs,low,2314,simple,bridal,normal,"Apply 2 layers (~2.4 ml) of chai_latte foundation, 2 layer of earth_red lipstick, 1 layers of sunset_blush blush.",7
images/gen_dusky_0348.jpg,Dusky,amber_beige,3,3.7,sienna,2,sunset_blush,2,black,3,warm_tan_concealer,1,10 hrs,high,1745,weather,office,normal,"Apply 3 layers (~3.7 ml) of amber_beige foundation, 1 layer of sienna lipstick, 1 layer of sunset_blush blush.",8
images/gen_dusky_0349.jpg,Dusky,bronze_beige,1,1.7,terracotta,2,copper_blush,1,black,3,tan_concealer,2,8 hrs,low,1917,weather,normal,hot,"Apply 1 layer (~1.7 ml) of bronze_beige foundation, 2 layer of terracotta lipstick, 1 layer of copper_blush blush.",9
images/gen_dusky_0350.jpg,Dusky,bronze_beige,3,3.2,cinnamon,2,terracotta_blush,2,black,2,caramel_concealer,2,6 hrs,low,680,simple,bridal,cold,"Apply 3 layers (~3.2 ml) of bronze_beige foundation, 2 layer of cinnamon lipstick, 1 layer of terracotta_blush blush.",0
images/gen_dusky_0351.jpg,Dusky,warm_copper,3,4.2,deep_coral,1,copper_blush,2,espresso_black,2,amber_concealer,2,12 hrs,low,2044,weather,office,humid,"Apply 3 layers (~4.2 ml) of warm_copper foundation, 2 layer of deep_coral lipstick, 1 layer of copper_blush blush.",1
images/gen_dusky_0352.jpg,Dusky,deep_sand,3,5.1,deep_coral,2,golden_coral_blush,1,espresso_black,2,golden_concealer,2,6 hrs,low,1252,simple,bridal,cold,"Apply 3 layers (~5.1 ml) of deep_sand foundation, 1 layer of deep_coral lipstick, 2 layer of golden_coral_blush blush.",2
images/gen_dusky_0353.jpg,Dusky,tan_beige,3,3.8,deep_peach,1,terracotta_blush,1,black,3,copper_concealer,2,8 hrs,low,2590,weather,normal,cold,"Apply 3 layers (~3.8 ml) of tan_beige foundation, 2 layer of deep_peach lipstick, 1 layers of terracotta_blush blush.",3
images/gen_dusky_0354.jpg,Dusky,caramel_beige,1,1.9,fig,2,warm_peach_blush,2,black,3,golden_concealer,1,12 hrs,high,859,occasion,bridal,normal,"Apply 1 layer (~1.9 ml) of caramel_beige foundation, 2 layer of fig lipstick, 2 layers of warm_peach_blush blush.",4
images/gen_dusky_0355.jpg,Dusky,caramel_beige,2,2.2,copper_nude,2,amber_blush,2,brown_black,2,copper_concealer,1,6 hrs,low,818,simple,daily,humid,"Apply 2 layers (~2.2 ml) of caramel_beige foundation, 1 layer of copper_nude lipstick, 1 layer of amber_blush blush.",5
images/gen_dusky_0356.jpg,Dusky,warm_tan,3,3.9,burnt_orange,2,sunset_blush,1,dark_brown,1,warm_tan_concealer,1,10 hrs,high,776,occasion,office,humid,"Apply 3 layers (~3.9 ml) of warm_tan foundation, 1 layer of burnt_orange lipstick, 1 layer of sunset_blush blush.",6
images/gen_dusky_0357.jpg,Dusky,warm_copper,3,5.1,mauve_rose,2,bronze_blush,2,brown_black,3,tan_concealer,1,14 hrs,medium,2910,occasion,normal,normal,"Apply 3 layers (~5.1 ml) of warm_copper foundation, 1 layer of mauve_rose lipstick, 2 layer of bronze_blush blush.",7
images/gen_dusky_0358.jpg,Dusky,toasted_caramel,1,4.3,warm_berry,1,terracotta_blush,2,black,3,golden_concealer,1,10 hrs,high,2582,occasion,daily,humid,"Apply 1 layer (~4.3 ml) of toasted_caramel foundation, 1 layer of warm_berry lipstick, 2 layer of terracotta_blush blush.",8
images/gen_dusky_0359.jpg,Dusky,warm_copper,2,5.3,burnt_orange,1,warm_peach_blush,1,dark_brown,3,copper_concealer,1,10 hrs,low,3019,weather,party,humid,"Apply 2 layers (~5.3 ml) of warm_copper foundation, 2 layer of burnt_orange lipstick, 1 layer of warm_peach_blush blush.",9
images/gen_dusky_0360.jpg,Dusky,matte_tan,1,1.7,brick_red,1,dusty_rose_blush,2,espresso_black,2,copper_concealer,1,12 hrs,medium,541,occasion,bridal,hot,"Apply 1 layer (~1.7 ml) of matte_tan foundation, 1 layer of brick_red lipstick, 1 layer of dusty_rose_blush blush.",0
images/gen_dusky_0361.jpg,Dusky,golden_tan,2,3.7,deep_coral,1,warm_peach_blush,1,dark_brown,1,copper_concealer,2,12 hrs,high,1294,weather,office,cold,"Apply 2 layers (~3.7 ml) of golden_tan foundation, 2 layer of deep_coral lipstick, 2 layers of warm_peach_blush blush.",1
images/gen_dusky_0362.jpg,Dusky,bronze_beige,2,2.8,brick_red,2,golden_coral_blush,2,dark_brown,2,tan_concealer,2,6 hrs,low,2129,simple,office,normal,"Apply 2 layers (~2.8 ml) of bronze_beige foundation, 1 layer of brick_red lipstick, 2 layer of golden_coral_blush blush.",2
images/gen_dusky_0363.jpg,Dusky,warm_copper,2,5.5,earth_red,1,bronze_blush,1,brown_black,1,golden_concealer,2,8 hrs,medium,1515,weather,normal,cold,"Apply 2 layers (~5.5 ml) of warm_copper foundation, 2 layer of earth_red lipstick, 1 layer of bronze_blush blush.",3
images/gen_dusky_0364.jpg,Dusky,desert_sand,1,1.7,copper_nude,2,amber_blush,2,black,3,caramel_concealer,2,12 hrs,low,2210,weather,daily,hot,"Apply 1 layer (~1.7 ml) of desert_sand foundation, 2 layer of copper_nude lipstick, 1 layer of amber_blush blush.",4
images/gen_dusky_0365.jpg,Dusky,sun_kissed_tan,1,4.3,warm_berry,2,golden_coral_blush,2,espresso_black,3,golden_concealer,1,10 hrs,medium,2306,occasion,daily,normal,"Apply 1 layer (~4.3 ml) of sun_kissed_tan foundation, 1 layer of warm_berry lipstick, 2 layers of golden_coral_blush blush.",5
images/gen_dusky_0366.jpg,Dusky,satin_tan,1,2.6,terracotta,1,copper_blush,2,brown_black,1,warm_tan_concealer,2,14 hrs,high,981,occasion,party,hot,"Apply 1 layer (~2.6 ml) of satin_tan foundation, 2 layer of terracotta lipstick, 1 layer of copper_blush blush.",6
images/gen_dusky_0367.jpg,Dusky,chai_latte,1,2.1,copper_nude,2,sunset_blush,1,espresso_black,3,golden_concealer,2,6 hrs,low,1104,simple,bridal,hot,"Apply 1 layer (~2.1 ml) of chai_latte foundation, 1 layer of copper_nude lipstick, 1 layer of sunset_blush blush.",7
images/gen_dusky_0368.jpg,Dusky,caramel_beige,1,2.5,warm_berry,2,sunset_blush,1,dark_brown,2,warm_tan_concealer,1,10 hrs,low,1421,weather,office,hot,"Apply 1 layer (~2.5 ml) of caramel_beige foundation, 2 layer of warm_berry lipstick, 2 layer of sunset_blush blush.",8
images/gen_dusky_0369.jpg,Dusky,amber_beige,1,1.9,copper_nude,2,sunset_blush,2,brown_black,3,caramel_concealer,2,6 hrs,low,2808,simple,bridal,hot,"Apply 1 layer (~1.9 ml) of amber_beige foundation, 1 layer of copper_nude lipstick, 2 layers of sunset_blush blush.",9
images/gen_dusky_0370.jpg,Dusky,desert_sand,2,3.1,brick_red,2,sunset_blush,2,dark_brown,2,golden_concealer,2,12 hrs,high,2935,weather,bridal,humid,"Apply 2 layers (~3.1 ml) of desert_sand foundation, 1 layer of brick_red lipstick, 2 layers of sunset_blush blush.",0
images/gen_dusky_0371.jpg,Dusky,golden_tan,1,5.1,mauve_rose,1,copper_blush,2,espresso_black,1,tan_concealer,2,8 hrs,low,2940,weather,party,normal,"Apply 1 layer (~5.1 ml) of golden_tan foundation, 1 layer of mauve_rose lipstick, 2 layers of copper_blush blush.",1
images/gen_dusky_0372.jpg,Dusky,warm_tan,3,5.1,copper_nude,2,amber_blush,1,black,2,caramel_concealer,1,6 hrs,low,2076,simple,bridal,cold,"Apply 3 layers (~5.1 ml) of warm_tan foundation, 2 layer of copper_nude lipstick, 1 layer of amber_blush blush.",2
images/gen_dusky_0373.jpg,Dusky,caramel_beige,3,5.3,fig,1,warm_peach_blush,1,brown_black,2,tan_concealer,2,6 hrs,low,1401,simple,bridal,normal,"Apply 3 layers (~5.3 ml) of caramel_beige foundation, 2 layer of fig lipstick, 2 layers of warm_peach_blush blush.",3
images/gen_dusky_0374.jpg,Dusky,amber_beige,1,1.5,burnt_orange,2,dusty_rose_blush,2,espresso_black,1,warm_tan_concealer,2,12 hrs,high,1803,weather,party,hot,"Apply 1 layer (~1.5 ml) of amber_beige foundation, 1 layer of burnt_orange lipstick, 1 layer of dusty_rose_blush blush.",4
images/gen_dusky_0375.jpg,Dusky,matte_tan,2,4.1,brick_red,1,dusty_rose_blush,2,black,2,tan_concealer,1,8 hrs,low,1411,simple,office,cold,"Apply 2 layers (~4.1 ml) of matte_tan foundation, 2 layer of brick_red lipstick, 1 layer of dusty_rose_blush blush.",5
images/gen_dusky_0376.jpg,Dusky,bronze_beige,3,3.2,deep_coral,1,amber_blush,2,brown_black,1,tan_concealer,2,14 hrs,high,2699,occasion,bridal,humid,"Apply 3 layers (~3.2 ml) of bronze_beige foundation, 1 layer of deep_coral lipstick, 2 layer of amber_blush blush.",6
images/gen_dusky_0377.jpg,Dusky,deep_sand,2,3.1,copper_nude,2,warm_peach_blush,1,dark_brown,1,tan_concealer,2,6 hrs,low,608,simple,normal,cold,"Apply 2 layers (~3.1 ml) of deep_sand foundation, 2 layer of copper_nude lipstick, 1 layers of warm_peach_blush blush.",7
images/gen_dusky_0378.jpg,Dusky,warm_tan,1,2.3,cinnamon,2,warm_peach_blush,2,black,3,warm_tan_concealer,1,12 hrs,high,2622,weather,bridal,hot,"Apply 1 layer (~2.3 ml) of warm_tan foundation, 1 layer of cinnamon lipstick, 1 layers of warm_peach_blush blush.",8
images/gen_dusky_0379.jpg,Dusky,desert_sand,3,2.2,deep_coral,1,sunset_blush,1,dark_brown,1,copper_concealer,1,14 hrs,high,3121,occasion,normal,normal,"Apply 3 layers (~2.2 ml) of desert_sand foundation, 2 layer of deep_coral lipstick, 2 layer of sunset_blush blush.",9
images/gen_dusky_0380.jpg,Dusky,amber_beige,2,3.0,deep_peach,2,amber_blush,1,espresso_black,3,warm_tan_concealer,2,10 hrs,medium,642,weather,party,cold,"Apply 2 layers (~3.0 ml) of amber_beige foundation, 1 layer of deep_peach lipstick, 1 layers of amber_blush blush.",0
images/gen_dusky_0381.jpg,Dusky,bronze_beige,3,5.4,sienna,1,dusty_rose_blush,1,black,1,amber_concealer,2,10 hrs,medium,1010,occasion,office,normal,"Apply 3 layers (~5.4 ml) of bronze_beige foundation, 1 layer of sienna lipstick, 1 layers of dusty_rose_blush blush.",1
images/gen_dusky_0382.jpg,Dusky,chai_latte,2,4.1,warm_berry,2,warm_peach_blush,2,black,1,caramel_concealer,2,6 hrs,low,2312,simple,party,normal,"Apply 2 layers (~4.1 ml) of chai_latte foundation, 2 layer of warm_berry lipstick, 2 layers of warm_peach_blush blush.",2
images/gen_dusky_0383.jpg,Dusky,chai_latte,1,3.0,deep_peach,2,terracotta_blush,1,black,3,amber_concealer,1,10 hrs,medium,1231,occasion,bridal,hot,"Apply 1 layer (~3.0 ml) of chai_latte foundation, 2 layer of deep_peach lipstick, 2 layer of terracotta_blush blush.",3
images/gen_dusky_0384.jpg,Dusky,satin_tan,1,2.8,rust_red,1,terracotta_blush,1,brown_black,2,warm_tan_concealer,2,10 hrs,low,2514,weather,bridal,hot,"Apply 1 layer (~2.8 ml) of satin_tan foundation, 2 layer of rust_red lipstick, 1 layer of terracotta_blush blush.",4
images/gen_dusky_0385.jpg,Dusky,desert_sand,1,1.8,burnt_orange,1,sunset_blush,2,dark_brown,3,tan_concealer,1,14 hrs,high,2583,occasion,office,hot,"Apply 1 layer (~1.8 ml) of desert_sand foundation, 1 layer of burnt_orange lipstick, 1 layers of sunset_blush blush.",5
images/gen_dusky_0386.jpg,Dusky,amber_beige,1,2.0,brick_red,1,dusty_rose_blush,1,black,2,golden_concealer,1,10 hrs,high,2253,occasion,normal,hot,"Apply 1 layer (~2.0 ml) of amber_beige foundation, 2 layer of brick_red lipstick, 2 layer of dusty_rose_blush blush.",6
images/gen_dusky_0387.jpg,Dusky,matte_tan,1,2.5,terracotta,2,bronze_blush,2,brown_black,1,amber_concealer,1,10 hrs,medium,2454,weather,bridal,hot,"Apply 1 layer (~2.5 ml) of matte_tan foundation, 1 layer of terracotta lipstick, 2 layers of bronze_blush blush.",7
images/gen_dusky_0388.jpg,Dusky,warm_copper,2,2.2,terracotta,2,bronze_blush,1,brown_black,1,tan_concealer,1,6 hrs,low,2261,simple,office,normal,"Apply 2 layers (~2.2 ml) of warm_copper foundation, 1 layer of terracotta lipstick, 1 layer of bronze_blush blush.",8
images/gen_dusky_0389.jpg,Dusky,caramel_beige,2,1.6,burnt_orange,1,warm_peach_blush,1,brown_black,2,caramel_concealer,2,12 hrs,medium,615,weather,party,normal,"Apply 2 layers (~1.6 ml) of caramel_beige foundation, 2 layer of burnt_orange lipstick, 1 layer of warm_peach_blush blush.",9
images/gen_dusky_0390.jpg,Dusky,warm_copper,2,2.9,rust_red,2,copper_blush,1,dark_brown,1,tan_concealer,2,14 hrs,medium,1244,occasion,normal,humid,"Apply 2 layers (~2.9 ml) of warm_copper foundation, 1 layer of rust_red lipstick, 2 layers of copper_blush blush.",0
images/gen_dusky_0391.jpg,Dusky,spice_beige,1,2.4,terracotta,2,sunset_blush,2,brown_black,1,caramel_concealer,1,8 hrs,low,504,simple,normal,hot,"Apply 1 layer (~2.4 ml) of spice_beige foundation, 2 layer of terracotta lipstick, 2 layers of sunset_blush blush.",1
images/gen_dusky_0392.jpg,Dusky,deep_sand,2,2.7,dusty_mauve,2,copper_blush,1,brown_black,2,amber_concealer,2,8 hrs,low,2247,simple,party,humid,"Apply 2 layers (~2.7 ml) of deep_sand foundation, 2 layer of dusty_mauve lipstick, 2 layer of copper_blush blush.",2
images/gen_dusky_0393.jpg,Dusky,satin_tan,1,1.6,deep_peach,2,amber_blush,1,brown_black,2,warm_tan_concealer,2,8 hrs,medium,823,weather,normal,humid,"Apply 1 layer (~1.6 ml) of satin_tan foundation, 1 layer of deep_peach lipstick, 2 layers of amber_blush blush.",3
images/gen_dusky_0394.jpg,Dusky,tan_beige,3,3.6,deep_peach,2,sunset_blush,1,brown_black,1,copper_concealer,1,6 hrs,low,2395,simple,daily,cold,"Apply 3 layers (~3.6 ml) of tan_beige foundation, 1 layer of deep_peach lipstick, 1 layers of sunset_blush blush.",4
images/gen_dusky_0395.jpg,Dusky,chai_latte,1,5.4,warm_berry,1,sunset_blush,2,brown_black,2,golden_concealer,2,12 hrs,high,1696,occasion,party,humid,"Apply 1 layer (~5.4 ml) of chai_latte foundation, 2 layer of warm_berry lipstick, 2 layers of sunset_blush blush.",5
images/gen_dusky_0396.jpg,Dusky,warm_tan,1,4.7,dusty_mauve,2,amber_blush,1,dark_brown,3,copper_concealer,2,10 hrs,high,2179,weather,office,humid,"Apply 1 layer (~4.7 ml) of warm_tan foundation, 2 layer of dusty_mauve lipstick, 2 layers of amber_blush blush.",6
images/gen_dusky_0397.jpg,Dusky,sun_kissed_tan,1,2.0,deep_peach,1,dusty_rose_blush,1,dark_brown,1,amber_concealer,2,12 hrs,medium,1028,occasion,bridal,hot,"Apply 1 layer (~2.0 ml) of sun_kissed_tan foundation, 2 layer of deep_peach lipstick, 1 layer of dusty_rose_blush blush.",7
images/gen_dusky_0398.jpg,Dusky,satin_tan,2,4.5,brick_red,2,sunset_blush,1,dark_brown,1,golden_concealer,1,8 hrs,low,1501,simple,office,normal,"Apply 2 layers (~4.5 ml) of satin_tan foundation, 2 layer of brick_red lipstick, 2 layers of sunset_blush blush.",8
images/gen_dusky_0399.jpg,Dusky,golden_tan,3,4.0,deep_peach,1,amber_blush,1,black,1,tan_concealer,2,6 hrs,low,1865,simple,normal,cold,"Apply 3 layers (~4.0 ml) of golden_tan foundation, 1 layer of deep_peach lipstick, 2 layer of amber_blush blush.",9
images/gen_dark_0000.jpg,Dark,mocha,2,3.8,blackcurrant,2,merlot_blush,2,black,1,mahogany_concealer,2,14 hrs,high,1840,occasion,bridal,humid,"Apply 2 layers (~3.8 ml) of mocha foundation, 1 layer of blackcurrant lipstick, 1 layers of merlot_blush blush.",0
images/gen_dark_0001.jpg,Dark,matte_espresso,1,2.3,deep_berry,1,plum_blush,1,deep_black,2,deep_tone_concealer,2,12 hrs,medium,1699,occasion,office,hot,"Apply 1 layer (~2.3 ml) of matte_espresso foundation, 1 layer of deep_berry lipstick, 1 layer of plum_blush blush.",1
images/gen_dark_0002.jpg,Dark,deep_mahogany,1,4.1,bold_wine,2,brick_blush,1,jet_black,3,mocha_concealer,2,6 hrs,low,2062,simple,bridal,humid,"Apply 1 layer (~4.1 ml) of deep_mahogany foundation, 2 layer of bold_wine lipstick, 1 layer of brick_blush blush.",2
images/gen_dark_0003.jpg,Dark,deep_cocoa,1,2.2,oxblood,1,berry_blush,1,carbon_black,3,dark_concealer,2,10 hrs,low,692,weather,normal,hot,"Apply 1 layer (~2.2 ml) of deep_cocoa foundation, 1 layer of oxblood lipstick, 2 layer of berry_blush blush.",3
images/gen_dark_0004.jpg,Dark,matte_mocha,2,4.1,midnight_plum,1,dark_coral_blush,1,deep_black,2,rich_concealer,2,8 hrs,low,2849,simple,office,cold,"Apply 2 layers (~4.1 ml) of matte_mocha foundation, 1 layer of midnight_plum lipstick, 1 layer of dark_coral_blush blush.",4
images/gen_dark_0005.jpg,Dark,sable,1,1.8,mulberry,1,wine_blush,2,black,2,espresso_concealer,1,8 hrs,low,2459,simple,office,hot,"Apply 1 layer (~1.8 ml) of sable foundation, 2 layer of mulberry lipstick, 2 layers of wine_blush blush.",5
images/gen_dark_0006.jpg,Dark,rich_chocolate,1,5.1,deep_fuchsia,2,deep_rose_blush,1,black,1,rich_concealer,1,8 hrs,low,1387,weather,daily,humid,"Apply 1 layer (~5.1 ml) of rich_chocolate foundation, 1 layer of deep_fuchsia lipstick, 1 layers of deep_rose_blush blush.",6
images/gen_dark_0007.jpg,Dark,caramel,3,2.7,deep_chocolate_nude,2,mauve_blush,1,deep_black,2,mocha_concealer,2,10 hrs,medium,1560,occasion,bridal,normal,"Apply 3 layers (~2.7 ml) of caramel foundation, 1 layer of deep_chocolate_nude lipstick, 2 layer of mauve_blush blush.",7
images/gen_dark_0008.jpg,Dark,dark_walnut,1,2.5,wine,2,berry_blush,1,carbon_black,3,rich_concealer,2,10 hrs,medium,3076,weather,daily,hot,"Apply 1 layer (~2.5 ml) of dark_walnut foundation, 2 layer of wine lipstick, 2 layer of berry_blush blush.",8
images/gen_dark_0009.jpg,Dark,truffle,1,2.1,raisin,1,mauve_blush,2,jet_black,1,deep_tone_concealer,1,6 hrs,low,2348,simple,bridal,normal,"Apply 1 layer (~2.1 ml) of truffle foundation, 2 layer of raisin lipstick, 2 layer of mauve_blush blush.",9
images/gen_dark_0010.jpg,Dark,midnight_mocha,1,3.0,dark_brick,1,deep_rose_blush,2,deep_black,1,mocha_concealer,2,8 hrs,high,1693,weather,normal,hot,"Apply 1 layer (~3.0 ml) of midnight_mocha foundation, 2 layer of dark_brick lipstick, 2 layer of deep_rose_blush blush.",0
images/gen_dark_0011.jpg,Dark,ebony,3,4.7,plum,2,brick_blush,2,black,1,dark_concealer,1,8 hrs,high,2783,weather,normal,cold,"Apply 3 layers (~4.7 ml) of ebony foundation, 1 layer of plum lipstick, 1 layers of brick_blush blush.",1
images/gen_dark_0012.jpg,Dark,espresso,1,1.7,dark_mauve,1,mauve_blush,1,carbon_black,1,mahogany_concealer,2,10 hrs,high,1705,occasion,office,hot,"Apply 1 layer (~1.7 ml) of espresso foundation, 2 layer of dark_mauve lipstick, 1 layer of mauve_blush blush.",2
images/gen_dark_0013.jpg,Dark,matte_caramel,3,4.9,burgundy,2,brick_blush,1,black,3,dark_concealer,2,12 hrs,high,1276,occasion,party,normal,"Apply 3 layers (~4.9 ml) of matte_caramel foundation, 1 layer of burgundy lipstick, 2 layers of brick_blush blush.",3
images/gen_dark_0014.jpg,Dark,deep_espresso,3,4.3,dark_red,2,berry_blush,2,carbon_black,2,deep_tone_concealer,2,8 hrs,medium,1198,weather,party,humid,"Apply 3 layers (~4.3 ml) of deep_espresso foundation, 1 layer of dark_red lipstick, 2 layer of berry_blush blush.",4
images/gen_dark_0015.jpg,Dark,rich_chocolate,1,2.8,plum,2,berry_blush,1,deep_black,1,rich_concealer,2,8 hrs,low,2181,simple,bridal,hot,"Apply 1 layer (~2.8 ml) of rich_chocolate foundation, 2 layer of plum lipstick, 1 layer of berry_blush blush.",5
images/gen_dark_0016.jpg,Dark,matte_mocha,1,2.6,oxblood,2,dark_coral_blush,1,jet_black,1,mocha_concealer,2,8 hrs,low,2044,simple,normal,hot,"Apply 1 layer (~2.6 ml) of matte_mocha foundation, 1 layer of oxblood lipstick, 2 layer of dark_coral_blush blush.",6
images/gen_dark_0017.jpg,Dark,sable,3,3.2,plum,1,dark_coral_blush,1,black,1,rich_concealer,1,6 hrs,low,886,simple,bridal,cold,"Apply 3 layers (~3.2 ml) of sable foundation, 2 layer of plum lipstick, 1 layer of dark_coral_blush blush.",7
images/gen_dark_0018.jpg,Dark,truffle,2,4.8,oxblood,1,merlot_blush,2,jet_black,2,deep_tone_concealer,1,6 hrs,low,2095,simple,normal,cold,"Apply 2 layers (~4.8 ml) of truffle foundation, 2 layer of oxblood lipstick, 1 layer of merlot_blush blush.",8
images/gen_dark_0019.jpg,Dark,ebony,1,1.8,deep_fuchsia,2,brick_blush,2,deep_black,3,espresso_concealer,2,14 hrs,high,986,occasion,office,hot,"Apply 1 layer (~1.8 ml) of ebony foundation, 2 layer of deep_fuchsia lipstick, 2 layers of brick_blush blush.",9
images/gen_dark_0020.jpg,Dark,midnight_mocha,2,4.5,dark_red,1,berry_blush,1,black,2,dark_concealer,1,12 hrs,medium,3005,weather,party,cold,"Apply 2 layers (~4.5 ml) of midnight_mocha foundation, 1 layer of dark_red lipstick, 1 layers of berry_blush blush.",0
images/gen_dark_0021.jpg,Dark,espresso,1,2.9,dark_mauve,1,brick_blush,1,deep_black,3,deep_tone_concealer,1,14 hrs,medium,733,occasion,office,hot,"Apply 1 layer (~2.9 ml) of espresso foundation, 2 layer of dark_mauve lipstick, 1 layer of brick_blush blush.",1
images/gen_dark_0022.jpg,Dark,sable,2,1.6,wine,1,deep_rose_blush,2,black,1,espresso_concealer,1,6 hrs,low,515,simple,party,humid,"Apply 2 layers (~1.6 ml) of sable foundation, 1 layer of wine lipstick, 1 layers of deep_rose_blush blush.",2
images/gen_dark_0023.jpg,Dark,rich_chocolate,2,4.4,dark_brick,2,berry_blush,2,jet_black,3,mahogany_concealer,2,10 hrs,high,1171,occasion,bridal,cold,"Apply 2 layers (~4.4 ml) of rich_chocolate foundation, 1 layer of dark_brick lipstick, 1 layer of berry_blush blush.",3
images/gen_dark_0024.jpg,Dark,deep_cocoa,1,3.0,mulberry,1,dark_coral_blush,2,deep_black,1,deep_tone_concealer,2,10 hrs,high,2363,occasion,bridal,hot,"Apply 1 layer (~3.0 ml) of deep_cocoa foundation, 2 layer of mulberry lipstick, 1 layers of dark_coral_blush blush.",4
images/gen_dark_0025.jpg,Dark,mocha,3,2.7,plum,1,dark_coral_blush,1,deep_black,3,mocha_concealer,1,6 hrs,low,1930,simple,office,humid,"Apply 3 layers (~2.7 ml) of mocha foundation, 1 layer of plum lipstick, 1 layer of dark_coral_blush blush.",5
images/gen_dark_0026.jpg,Dark,deep_mahogany,3,3.4,deep_chocolate_nude,2,brick_blush,1,jet_black,1,deep_tone_concealer,1,6 hrs,low,3179,simple,party,normal,"Apply 3 layers (~3.4 ml) of deep_mahogany foundation, 1 layer of deep_chocolate_nude lipstick, 1 layers of brick_blush blush.",6
images/gen_dark_0027.jpg,Dark,espresso,1,3.4,dark_mauve,2,plum_blush,2,carbon_black,1,mahogany_concealer,1,12 hrs,high,1117,occasion,normal,normal,"Apply 1 layer (~3.4 ml) of espresso foundation, 2 layer of dark_mauve lipstick, 1 layers of plum_blush blush.",7
images/gen_dark_0028.jpg,Dark,deep_mahogany,3,5.3,mulberry,2,berry_blush,1,carbon_black,2,mahogany_concealer,1,10 hrs,high,1906,weather,party,humid,"Apply 3 layers (~5.3 ml) of deep_mahogany foundation, 1 layer of mulberry lipstick, 1 layers of berry_blush blush.",8
images/gen_dark_0029.jpg,Dark,ebony,3,4.8,deep_berry,1,brick_blush,2,deep_black,3,mahogany_concealer,2,10 hrs,medium,2484,occasion,daily,cold,"Apply 3 layers (~4.8 ml) of ebony foundation, 2 layer of deep_berry lipstick, 2 layers of brick_blush blush.",9
images/gen_dark_0030.jpg,Dark,matte_espresso,3,4.6,deep_fuchsia,2,brick_blush,1,carbon_black,3,mahogany_concealer,1,8 hrs,low,2991,simple,daily,normal,"Apply 3 layers (~4.6 ml) of matte_espresso foundation, 2 layer of deep_fuchsia lipstick, 2 layers of brick_blush blush.",0
images/gen_dark_0031.jpg,Dark,deep_cocoa,2,2.5,midnight_plum,1,dark_coral_blush,2,jet_black,2,mocha_concealer,2,10 hrs,high,540,weather,bridal,normal,"Apply 2 layers (~2.5 ml) of deep_cocoa foundation, 1 layer of midnight_plum lipstick, 2 layers of dark_coral_blush blush.",1
images/gen_dark_0032.jpg,Dark,deep_mahogany,1,1.7,dark_red,1,brick_blush,1,black,2,deep_tone_concealer,2,8 hrs,low,1968,weather,office,hot,"Apply 1 layer (~1.7 ml) of deep_mahogany foundation, 2 layer of dark_red lipstick, 2 layer of brick_blush blush.",2
images/gen_dark_0033.jpg,Dark,midnight_mocha,1,2.4,wine,1,mauve_blush,2,jet_black,2,espresso_concealer,1,8 hrs,high,559,weather,normal,hot,"Apply 1 layer (~2.4 ml) of midnight_mocha foundation, 1 layer of wine lipstick, 2 layers of mauve_blush blush.",3
images/gen_dark_0034.jpg,Dark,sable,2,3.1,oxblood,2,merlot_blush,2,black,2,mahogany_concealer,1,8 hrs,low,2785,simple,party,cold,"Apply 2 layers (~3.1 ml) of sable foundation, 2 layer of oxblood lipstick, 1 layer of merlot_blush blush.",4
images/gen_dark_0035.jpg,Dark,ebony,1,2.8,burgundy,1,deep_rose_blush,2,jet_black,3,mocha_concealer,1,12 hrs,high,627,occasion,daily,hot,"Apply 1 layer (~2.8 ml) of ebony foundation, 1 layer of burgundy lipstick, 1 layers of deep_rose_blush blush.",5
images/gen_dark_0036.jpg,Dark,mocha,2,5.1,bold_wine,2,wine_blush,2,carbon_black,2,espresso_concealer,2,6 hrs,low,2228,simple,office,humid,"Apply 2 layers (~5.1 ml) of mocha foundation, 2 layer of bold_wine lipstick, 1 layer of wine_blush blush.",6
images/gen_dark_0037.jpg,Dark,matte_caramel,3,3.4,deep_chocolate_nude,1,mauve_blush,1,jet_black,1,deep_tone_concealer,1,8 hrs,low,2994,weather,party,cold,"Apply 3 layers (~3.4 ml) of matte_caramel foundation, 1 layer of deep_chocolate_nude lipstick, 2 layers of mauve_blush blush.",7
images/gen_dark_0038.jpg,Dark,ebony,1,2.5,mulberry,2,deep_rose_blush,2,carbon_black,3,deep_tone_concealer,2,8 hrs,low,2025,simple,bridal,hot,"Apply 1 layer (~2.5 ml) of ebony foundation, 2 layer of mulberry lipstick, 2 layers of deep_rose_blush blush.",8
images/gen_dark_0039.jpg,Dark,matte_mocha,1,1.9,midnight_plum,2,deep_rose_blush,1,jet_black,1,rich_concealer,1,8 hrs,high,2940,weather,office,humid,"Apply 1 layer (~1.9 ml) of matte_mocha foundation, 1 layer of midnight_plum lipstick, 2 layers of deep_rose_blush blush.",9
images/gen_dark_0040.jpg,Dark,deep_espresso,1,1.8,raisin,1,plum_blush,2,jet_black,2,dark_concealer,1,6 hrs,low,3029,simple,normal,hot,"Apply 1 layer (~1.8 ml) of deep_espresso foundation, 1 layer of raisin lipstick, 2 layers of plum_blush blush.",0
images/gen_dark_0041.jpg,Dark,deep_cocoa,2,4.5,raisin,1,mauve_blush,2,deep_black,2,mocha_concealer,2,12 hrs,medium,3018,occasion,party,cold,"Apply 2 layers (~4.5 ml) of deep_cocoa foundation, 2 layer of raisin lipstick, 1 layers of mauve_blush blush.",1
images/gen_dark_0042.jpg,Dark,rich_chocolate,1,2.8,raisin,2,deep_rose_blush,2,carbon_black,2,espresso_concealer,2,6 hrs,low,1443,simple,party,normal,"Apply 1 layer (~2.8 ml) of rich_chocolate foundation, 1 layer of raisin lipstick, 2 layers of deep_rose_blush blush.",2
images/gen_dark_0043.jpg,Dark,matte_caramel,3,3.3,burgundy,1,wine_blush,2,jet_black,1,dark_concealer,2,12 hrs,medium,2591,occasion,bridal,cold,"Apply 3 layers (~3.3 ml) of matte_caramel foundation, 2 layer of burgundy lipstick, 2 layer of wine_blush blush.",3
images/gen_dark_0044.jpg,Dark,matte_mocha,3,3.2,bold_wine,2,berry_blush,1,jet_black,2,rich_concealer,2,8 hrs,high,1304,weather,normal,cold,"Apply 3 layers (~3.2 ml) of matte_mocha foundation, 2 layer of bold_wine lipstick, 1 layer of berry_blush blush.",4
images/gen_dark_0045.jpg,Dark,matte_caramel,1,2.8,dark_red,1,plum_blush,2,jet_black,3,mocha_concealer,1,6 hrs,low,2476,simple,bridal,humid,"Apply 1 layer (~2.8 ml) of matte_caramel foundation, 2 layer of dark_red lipstick, 2 layers of plum_blush blush.",5
images/gen_dark_0046.jpg,Dark,truffle,1,2.2,oxblood,1,brick_blush,2,black,3,mocha_concealer,1,10 hrs,medium,1771,weather,normal,hot,"Apply 1 layer (~2.2 ml) of truffle foundation, 2 layer of oxblood lipstick, 2 layers of brick_blush blush.",6
images/gen_dark_0047.jpg,Dark,deep_espresso,1,3.9,oxblood,1,merlot_blush,1,carbon_black,3,espresso_concealer,2,8 hrs,low,2464,simple,office,humid,"Apply 1 layer (~3.9 ml) of deep_espresso foundation, 1 layer of oxblood lipstick, 1 layer of merlot_blush blush.",7
images/gen_dark_0048.jpg,Dark,caramel,3,5.1,plum,2,plum_blush,2,jet_black,2,mocha_concealer,2,8 hrs,low,3036,simple,daily,normal,"Apply 3 layers (~5.1 ml) of caramel foundation, 2 layer of plum lipstick, 2 layer of plum_blush blush.",8
images/gen_dark_0049.jpg,Dark,matte_caramel,2,2.2,deep_fuchsia,1,mauve_blush,1,deep_black,2,mahogany_concealer,2,10 hrs,medium,2706,weather,daily,humid,"Apply 2 layers (~2.2 ml) of matte_caramel foundation, 1 layer of deep_fuchsia lipstick, 1 layer of mauve_blush blush.",9
images/gen_dark_0050.jpg,Dark,deep_espresso,3,3.7,raisin,2,brick_blush,2,black,1,deep_tone_concealer,2,12 hrs,high,1344,weather,normal,humid,"Apply 3 layers (~3.7 ml) of deep_espresso foundation, 1 layer of raisin lipstick, 2 layers of brick_blush blush.",0
images/gen_dark_0051.jpg,Dark,deep_cocoa,1,1.7,wine,2,dark_coral_blush,1,carbon_black,2,deep_tone_concealer,2,10 hrs,medium,2861,occasion,normal,hot,"Apply 1 layer (~1.7 ml) of deep_cocoa foundation, 1 layer of wine lipstick, 1 layer of dark_coral_blush blush.",1
images/gen_dark_0052.jpg,Dark,matte_caramel,1,2.4,dark_red,1,merlot_blush,2,jet_black,3,mahogany_concealer,1,8 hrs,low,2403,simple,normal,hot,"Apply 1 layer (~2.4 ml) of matte_caramel foundation, 1 layer of dark_red lipstick, 1 layers of merlot_blush blush.",2
images/gen_dark_0053.jpg,Dark,dark_walnut,2,4.9,bold_wine,1,plum_blush,2,black,2,dark_concealer,1,8 hrs,low,1496,weather,normal,cold,"Apply 2 layers (~4.9 ml) of dark_walnut foundation, 1 layer of bold_wine lipstick, 2 layers of plum_blush blush.",3
images/gen_dark_0054.jpg,Dark,sable,1,2.7,plum,1,deep_rose_blush,2,carbon_black,1,espresso_concealer,2,8 hrs,high,785,weather,party,hot,"Apply 1 layer (~2.7 ml) of sable foundation, 1 layer of plum lipstick, 1 layers of deep_rose_blush blush.",4
images/gen_dark_0055.jpg,Dark,espresso,2,4.5,bold_wine,1,mauve_blush,1,jet_black,3,mahogany_concealer,1,10 hrs,high,3066,occasion,bridal,humid,"Apply 2 layers (~4.5 ml) of espresso foundation, 1 layer of bold_wine lipstick, 1 layers of mauve_blush blush.",5
images/gen_dark_0056.jpg,Dark,deep_cocoa,3,4.1,midnight_plum,2,merlot_blush,1,jet_black,1,dark_concealer,2,10 hrs,medium,1688,occasion,daily,cold,"Apply 3 layers (~4.1 ml) of deep_cocoa foundation, 2 layer of midnight_plum lipstick, 1 layers of merlot_blush blush.",6
images/gen_dark_0057.jpg,Dark,ebony,3,2.0,dark_mauve,2,berry_blush,1,jet_black,2,rich_concealer,1,6 hrs,low,1708,simple,party,normal,"Apply 3 layers (~2.0 ml) of ebony foundation, 1 layer of dark_mauve lipstick, 2 layers of berry_blush blush.",7
images/gen_dark_0058.jpg,Dark,espresso,2,4.7,raisin,1,merlot_blush,2,black,3,rich_concealer,2,8 hrs,low,2177,simple,daily,normal,"Apply 2 layers (~4.7 ml) of espresso foundation, 1 layer of raisin lipstick, 2 layers of merlot_blush blush.",8
images/gen_dark_0059.jpg,Dark,matte_espresso,2,3.3,dark_red,2,brick_blush,2,jet_black,3,dark_concealer,2,10 hrs,medium,2356,occasion,office,cold,"Apply 2 layers (~3.3 ml) of matte_espresso foundation, 2 layer of dark_red lipstick, 1 layer of brick_blush blush.",9
images/gen_dark_0060.jpg,Dark,dark_walnut,1,1.8,oxblood,1,deep_rose_blush,1,jet_black,3,deep_tone_concealer,2,6 hrs,low,3013,simple,daily,hot,"Apply 1 layer (~1.8 ml) of dark_walnut foundation, 2 layer of oxblood lipstick, 2 layer of deep_rose_blush blush.",0
images/gen_dark_0061.jpg,Dark,truffle,2,1.9,raisin,2,mauve_blush,1,jet_black,1,dark_concealer,2,12 hrs,low,2764,weather,party,humid,"Apply 2 layers (~1.9 ml) of truffle foundation, 2 layer of raisin lipstick, 1 layers of mauve_blush blush.",1
images/gen_dark_0062.jpg,Dark,matte_espresso,2,4.6,bold_wine,1,plum_blush,1,jet_black,1,dark_concealer,2,8 hrs,low,1663,weather,normal,normal,"Apply 2 layers (~4.6 ml) of matte_espresso foundation, 2 layer of bold_wine lipstick, 2 layers of plum_blush blush.",2
images/gen_dark_0063.jpg,Dark,dark_walnut,1,2.4,deep_chocolate_nude,1,plum_blush,2,carbon_black,1,dark_concealer,2,10 hrs,medium,1583,occasion,party,normal,"Apply 1 layer (~2.4 ml) of dark_walnut foundation, 2 layer of deep_chocolate_nude lipstick, 1 layer of plum_blush blush.",3
images/gen_dark_0064.jpg,Dark,deep_espresso,2,5.2,plum,2,deep_rose_blush,2,carbon_black,1,deep_tone_concealer,1,6 hrs,low,731,simple,normal,cold,"Apply 2 layers (~5.2 ml) of deep_espresso foundation, 2 layer of plum lipstick, 1 layer of deep_rose_blush blush.",4
images/gen_dark_0065.jpg,Dark,deep_cocoa,1,1.9,plum,1,deep_rose_blush,2,jet_black,3,mocha_concealer,2,8 hrs,high,615,weather,party,hot,"Apply 1 layer (~1.9 ml) of deep_cocoa foundation, 2 layer of plum lipstick, 1 layer of deep_rose_blush blush.",5
images/gen_dark_0066.jpg,Dark,matte_mocha,3,5.2,dark_red,1,berry_blush,2,carbon_black,1,rich_concealer,2,12 hrs,medium,3144,weather,daily,cold,"Apply 3 layers (~5.2 ml) of matte_mocha foundation, 2 layer of dark_red lipstick, 2 layer of berry_blush blush.",6
images/gen_dark_0067.jpg,Dark,mocha,1,1.9,bold_wine,1,wine_blush,1,jet_black,2,mahogany_concealer,1,12 hrs,low,1111,weather,office,normal,"Apply 1 layer (~1.9 ml) of mocha foundation, 2 layer of bold_wine lipstick, 1 layers of wine_blush blush.",7
images/gen_dark_0068.jpg,Dark,matte_caramel,2,4.9,mulberry,1,dark_coral_blush,2,jet_black,3,deep_tone_concealer,1,8 hrs,high,540,weather,party,cold,"Apply 2 layers (~4.9 ml) of matte_caramel foundation, 1 layer of mulberry lipstick, 1 layers of dark_coral_blush blush.",8
images/gen_dark_0069.jpg,Dark,matte_mocha,2,1.6,dark_red,1,mauve_blush,1,black,1,rich_concealer,2,10 hrs,high,1203,occasion,normal,humid,"Apply 2 layers (~1.6 ml) of matte_mocha foundation, 2 layer of dark_red lipstick, 1 layers of mauve_blush blush.",9
images/gen_dark_0070.jpg,Dark,dark_walnut,1,3.7,wine,1,brick_blush,1,black,1,mocha_concealer,2,8 hrs,low,1795,simple,normal,normal,"Apply 1 layer (~3.7 ml) of dark_walnut foundation, 2 layer of wine lipstick, 2 layer of brick_blush blush.",0
images/gen_dark_0071.jpg,Dark,truffle,1,1.8,wine,1,brick_blush,1,carbon_black,2,espresso_concealer,2,8 hrs,medium,1039,weather,bridal,hot,"Apply 1 layer (~1.8 ml) of truffle foundation, 1 layer of wine lipstick, 2 layer of brick_blush blush.",1
images/gen_dark_0072.jpg,Dark,caramel,1,1.5,bold_wine,2,wine_blush,2,black,1,dark_concealer,2,8 hrs,low,3027,simple,bridal,hot,"Apply 1 layer (~1.5 ml) of caramel foundation, 1 layer of bold_wine lipstick, 2 layers of wine_blush blush.",2
images/gen_dark_0073.jpg,Dark,matte_mocha,1,2.0,deep_chocolate_nude,1,berry_blush,1,jet_black,2,deep_tone_concealer,2,6 hrs,low,1970,simple,office,hot,"Apply 1 layer (~2.0 ml) of matte_mocha foundation, 1 layer of deep_chocolate_nude lipstick, 2 layers of berry_blush blush.",3
images/gen_dark_0074.jpg,Dark,espresso,1,1.7,midnight_plum,2,plum_blush,2,deep_black,3,deep_tone_concealer,2,12 hrs,high,2604,weather,daily,hot,"Apply 1 layer (~1.7 ml) of espresso foundation, 2 layer of midnight_plum lipstick, 2 layers of plum_blush blush.",4
images/gen_dark_0075.jpg,Dark,matte_espresso,2,5.3,deep_berry,1,brick_blush,1,carbon_black,2,rich_concealer,2,12 hrs,high,3038,weather,party,cold,"Apply 2 layers (~5.3 ml) of matte_espresso foundation, 1 layer of deep_berry lipstick, 2 layer of brick_blush blush.",5
images/gen_dark_0076.jpg,Dark,sable,2,1.7,dark_brick,1,dark_coral_blush,2,jet_black,3,mahogany_concealer,2,10 hrs,high,2588,weather,office,normal,"Apply 2 layers (~1.7 ml) of sable foundation, 1 layer of dark_brick lipstick, 1 layers of dark_coral_blush blush.",6
images/gen_dark_0077.jpg,Dark,matte_caramel,3,2.1,deep_berry,1,merlot_blush,1,deep_black,3,dark_concealer,2,10 hrs,high,1107,occasion,office,humid,"Apply 3 layers (~2.1 ml) of matte_caramel foundation, 1 layer of deep_berry lipstick, 1 layer of merlot_blush blush.",7
images/gen_dark_0078.jpg,Dark,mocha,2,3.0,blackcurrant,1,merlot_blush,1,deep_black,1,espresso_concealer,1,6 hrs,low,996,simple,bridal,cold,"Apply 2 layers (~3.0 ml) of mocha foundation, 2 layer of blackcurrant lipstick, 2 layer of merlot_blush blush.",8
images/gen_dark_0079.jpg,Dark,dark_walnut,1,3.8,mulberry,2,berry_blush,1,deep_black,2,dark_concealer,1,10 hrs,high,2719,occasion,office,humid,"Apply 1 layer (~3.8 ml) of dark_walnut foundation, 2 layer of mulberry lipstick, 1 layers of berry_blush blush.",9
images/gen_dark_0080.jpg,Dark,mocha,1,3.0,wine,1,deep_rose_blush,1,carbon_black,3,mocha_concealer,1,10 hrs,low,2325,weather,bridal,hot,"Apply 1 layer (~3.0 ml) of mocha foundation, 1 layer of wine lipstick, 1 layers of deep_rose_blush blush.",0
images/gen_dark_0081.jpg,Dark,sable,2,1.9,deep_berry,1,mauve_blush,2,deep_black,3,mahogany_concealer,1,8 hrs,low,780,simple,normal,normal,"Apply 2 layers (~1.9 ml) of sable foundation, 2 layer of deep_berry lipstick, 1 layer of mauve_blush blush.",1
images/gen_dark_0082.jpg,Dark,matte_espresso,2,4.1,burgundy,1,wine_blush,1,jet_black,3,deep_tone_concealer,1,12 hrs,high,1593,occasion,bridal,cold,"Apply 2 layers (~4.1 ml) of matte_espresso foundation, 2 layer of burgundy lipstick, 1 layer of wine_blush blush.",2
images/gen_dark_0083.jpg,Dark,rich_chocolate,1,2.9,dark_mauve,2,wine_blush,1,black,2,dark_concealer,2,12 hrs,low,1830,weather,normal,hot,"Apply 1 layer (~2.9 ml) of rich_chocolate foundation, 2 layer of dark_mauve lipstick, 1 layer of wine_blush blush.",3
images/gen_dark_0084.jpg,Dark,caramel,1,1.8,deep_chocolate_nude,1,dark_coral_blush,1,carbon_black,3,deep_tone_concealer,1,8 hrs,low,2793,simple,party,hot,"Apply 1 layer (~1.8 ml) of caramel foundation, 1 layer of deep_chocolate_nude lipstick, 1 layers of dark_coral_blush blush.",4
images/gen_dark_0085.jpg,Dark,midnight_mocha,3,5.3,deep_fuchsia,1,mauve_blush,1,carbon_black,1,mahogany_concealer,2,6 hrs,low,2964,simple,daily,cold,"Apply 3 layers (~5.3 ml) of midnight_mocha foundation, 1 layer of deep_fuchsia lipstick, 2 layers of mauve_blush blush.",5
images/gen_dark_0086.jpg,Dark,mocha,2,3.2,plum,1,berry_blush,1,deep_black,3,mahogany_concealer,1,6 hrs,low,1321,simple,office,normal,"Apply 2 layers (~3.2 ml) of mocha foundation, 1 layer of plum lipstick, 2 layer of berry_blush blush.",6
images/gen_dark_0087.jpg,Dark,mocha,1,2.9,deep_fuchsia,2,wine_blush,1,carbon_black,3,rich_concealer,2,6 hrs,low,1778,simple,daily,humid,"Apply 1 layer (~2.9 ml) of mocha foundation, 2 layer of deep_fuchsia lipstick, 2 layers of wine_blush blush.",7
images/gen_dark_0088.jpg,Dark,deep_mahogany,3,5.5,raisin,1,deep_rose_blush,2,black,2,mahogany_concealer,1,14 hrs,high,1766,occasion,bridal,cold,"Apply 3 layers (~5.5 ml) of deep_mahogany foundation, 1 layer of raisin lipstick, 2 layer of deep_rose_blush blush.",8
images/gen_dark_0089.jpg,Dark,caramel,3,3.2,midnight_plum,1,plum_blush,2,deep_black,2,deep_tone_concealer,2,12 hrs,medium,1938,occasion,bridal,cold,"Apply 3 layers (~3.2 ml) of caramel foundation, 1 layer of midnight_plum lipstick, 2 layers of plum_blush blush.",9
images/gen_dark_0090.jpg,Dark,ebony,3,5.2,blackcurrant,1,wine_blush,1,carbon_black,2,deep_tone_concealer,1,10 hrs,high,649,weather,party,cold,"Apply 3 layers (~5.2 ml) of ebony foundation, 2 layer of blackcurrant lipstick, 1 layer of wine_blush blush.",0
images/gen_dark_0091.jpg,Dark,matte_caramel,3,5.4,raisin,2,wine_blush,1,deep_black,1,espresso_concealer,1,10 hrs,medium,855,occasion,normal,cold,"Apply 3 layers (~5.4 ml) of matte_caramel foundation, 1 layer of raisin lipstick, 2 layers of wine_blush blush.",1
images/gen_dark_0092.jpg,Dark,mocha,2,3.9,oxblood,2,wine_blush,1,carbon_black,3,mocha_concealer,1,14 hrs,medium,2675,occasion,normal,cold,"Apply 2 layers (~3.9 ml) of mocha foundation, 1 layer of oxblood lipstick, 1 layer of wine_blush blush.",2
images/gen_dark_0093.jpg,Dark,matte_mocha,1,2.1,midnight_plum,1,wine_blush,2,deep_black,2,mocha_concealer,2,8 hrs,low,574,simple,party,hot,"Apply 1 layer (~2.1 ml) of matte_mocha foundation, 1 layer of midnight_plum lipstick, 2 layers of wine_blush blush.",3
images/gen_dark_0094.jpg,Dark,matte_mocha,1,1.9,deep_fuchsia,1,wine_blush,2,black,1,mocha_concealer,2,12 hrs,high,3003,occasion,office,normal,"Apply 1 layer (~1.9 ml) of matte_mocha foundation, 1 layer of deep_fuchsia lipstick, 1 layer of wine_blush blush.",4
images/gen_dark_0095.jpg,Dark,truffle,1,1.7,blackcurrant,1,merlot_blush,1,black,3,rich_concealer,2,12 hrs,high,2755,weather,daily,hot,"Apply 1 layer (~1.7 ml) of truffle foundation, 1 layer of blackcurrant lipstick, 1 layer of merlot_blush blush.",5
images/gen_dark_0096.jpg,Dark,matte_espresso,1,1.5,deep_chocolate_nude,2,brick_blush,2,black,1,dark_concealer,1,8 hrs,low,3081,weather,daily,hot,"Apply 1 layer (~1.5 ml) of matte_espresso foundation, 1 layer of deep_chocolate_nude lipstick, 2 layer of brick_blush blush.",6
images/gen_dark_0097.jpg,Dark,truffle,3,3.2,deep_fuchsia,1,brick_blush,2,carbon_black,2,espresso_concealer,1,14 hrs,high,1883,occasion,normal,cold,"Apply 3 layers (~3.2 ml) of truffle foundation, 1 layer of deep_fuchsia lipstick, 1 layer of brick_blush blush.",7
images/gen_dark_0098.jpg,Dark,rich_chocolate,1,2.3,dark_brick,2,deep_rose_blush,1,jet_black,2,dark_concealer,1,12 hrs,medium,2247,weather,office,hot,"Apply 1 layer (~2.3 ml) of rich_chocolate foundation, 2 layer of dark_brick lipstick, 1 layer of deep_rose_blush blush.",8
images/gen_dark_0099.jpg,Dark,caramel,3,3.4,deep_chocolate_nude,1,dark_coral_blush,2,jet_black,2,espresso_concealer,1,6 hrs,low,665,simple,daily,normal,"Apply 3 layers (~3.4 ml) of caramel foundation, 2 layer of deep_chocolate_nude lipstick, 2 layer of dark_coral_blush blush.",9
images/gen_dark_0100.jpg,Dark,deep_cocoa,1,4.7,dark_brick,2,mauve_blush,2,carbon_black,1,deep_tone_concealer,1,14 hrs,medium,1373,occasion,office,normal,"Apply 1 layer (~4.7 ml) of deep_cocoa foundation, 1 layer of dark_brick lipstick, 1 layer of mauve_blush blush.",0
images/gen_dark_0101.jpg,Dark,rich_chocolate,1,2.7,midnight_plum,2,brick_blush,2,carbon_black,1,deep_tone_concealer,2,12 hrs,high,3038,occasion,office,hot,"Apply 1 layer (~2.7 ml) of rich_chocolate foundation, 2 layer of midnight_plum lipstick, 1 layers of brick_blush blush.",1
images/gen_dark_0102.jpg,Dark,matte_caramel,3,4.5,wine,1,plum_blush,2,jet_black,1,espresso_concealer,1,8 hrs,low,1309,weather,normal,humid,"Apply 3 layers (~4.5 ml) of matte_caramel foundation, 1 layer of wine lipstick, 2 layer of plum_blush blush.",2
images/gen_dark_0103.jpg,Dark,matte_espresso,2,4.6,blackcurrant,1,wine_blush,2,black,3,dark_concealer,1,10 hrs,medium,563,occasion,bridal,cold,"Apply 2 layers (~4.6 ml) of matte_espresso foundation, 1 layer of blackcurrant lipstick, 1 layers of wine_blush blush.",3
images/gen_dark_0104.jpg,Dark,ebony,1,3.0,dark_brick,1,mauve_blush,2,jet_black,1,mocha_concealer,2,10 hrs,high,2752,occasion,bridal,normal,"Apply 1 layer (~3.0 ml) of ebony foundation, 2 layer of dark_brick lipstick, 2 layer of mauve_blush blush.",4
images/gen_dark_0105.jpg,Dark,deep_espresso,2,1.6,mulberry,2,wine_blush,1,jet_black,2,deep_tone_concealer,2,6 hrs,low,1510,simple,normal,normal,"Apply 2 layers (~1.6 ml) of deep_espresso foundation, 2 layer of mulberry lipstick, 1 layers of wine_blush blush.",5
images/gen_dark_0106.jpg,Dark,matte_caramel,1,1.6,mulberry,2,plum_blush,2,deep_black,2,dark_concealer,1,10 hrs,medium,2041,weather,bridal,hot,"Apply 1 layer (~1.6 ml) of matte_caramel foundation, 2 layer of mulberry lipstick, 2 layer of plum_blush blush.",6
images/gen_dark_0107.jpg,Dark,midnight_mocha,2,3.4,dark_brick,1,mauve_blush,2,carbon_black,1,deep_tone_concealer,2,10 hrs,medium,916,weather,normal,cold,"Apply 2 layers (~3.4 ml) of midnight_mocha foundation, 2 layer of dark_brick lipstick, 2 layer of mauve_blush blush.",7
images/gen_dark_0108.jpg,Dark,deep_mahogany,1,2.2,mulberry,1,wine_blush,1,jet_black,2,mahogany_concealer,2,8 hrs,low,1757,simple,party,hot,"Apply 1 layer (~2.2 ml) of deep_mahogany foundation, 1 layer of mulberry lipstick, 2 layer of wine_blush blush.",8
images/gen_dark_0109.jpg,Dark,truffle,1,5.1,plum,1,wine_blush,1,carbon_black,3,mocha_concealer,1,8 hrs,low,1861,simple,daily,normal,"Apply 1 layer (~5.1 ml) of truffle foundation, 2 layer of plum lipstick, 1 layers of wine_blush blush.",9
images/gen_dark_0110.jpg,Dark,mocha,2,2.2,dark_mauve,2,merlot_blush,1,jet_black,1,espresso_concealer,2,14 hrs,high,776,occasion,bridal,humid,"Apply 2 layers (~2.2 ml) of mocha foundation, 1 layer of dark_mauve lipstick, 1 layers of merlot_blush blush.",0
images/gen_dark_0111.jpg,Dark,matte_caramel,3,4.2,burgundy,2,berry_blush,1,deep_black,2,mahogany_concealer,2,12 hrs,low,2922,weather,office,cold,"Apply 3 layers (~4.2 ml) of matte_caramel foundation, 2 layer of burgundy lipstick, 2 layer of berry_blush blush.",1
images/gen_dark_0112.jpg,Dark,mocha,1,2.1,midnight_plum,2,deep_rose_blush,2,deep_black,2,deep_tone_concealer,2,8 hrs,medium,536,weather,office,hot,"Apply 1 layer (~2.1 ml) of mocha foundation, 1 layer of midnight_plum lipstick, 2 layer of deep_rose_blush blush.",2
images/gen_dark_0113.jpg,Dark,sable,3,4.3,midnight_plum,1,mauve_blush,2,carbon_black,1,dark_concealer,1,12 hrs,high,2453,occasion,daily,cold,"Apply 3 layers (~4.3 ml) of sable foundation, 2 layer of midnight_plum lipstick, 1 layer of mauve_blush blush.",3
images/gen_dark_0114.jpg,Dark,caramel,1,1.8,deep_fuchsia,2,berry_blush,2,jet_black,2,rich_concealer,1,6 hrs,low,2514,simple,party,hot,"Apply 1 layer (~1.8 ml) of caramel foundation, 1 layer of deep_fuchsia lipstick, 1 layers of berry_blush blush.",4
images/gen_dark_0115.jpg,Dark,espresso,1,1.7,deep_berry,1,wine_blush,1,jet_black,2,mahogany_concealer,1,8 hrs,low,1349,simple,party,hot,"Apply 1 layer (~1.7 ml) of espresso foundation, 1 layer of deep_berry lipstick, 1 layers of wine_blush blush.",5
images/gen_dark_0116.jpg,Dark,mocha,1,3.0,plum,1,wine_blush,1,deep_black,2,mocha_concealer,1,12 hrs,high,792,weather,office,hot,"Apply 1 layer (~3.0 ml) of mocha foundation, 2 layer of plum lipstick, 2 layers of wine_blush blush.",6
images/gen_dark_0117.jpg,Dark,deep_espresso,1,3.1,mulberry,1,deep_rose_blush,1,carbon_black,1,mocha_concealer,2,10 hrs,high,2379,occasion,bridal,normal,"Apply 1 layer (~3.1 ml) of deep_espresso foundation, 1 layer of mulberry lipstick, 1 layers of deep_rose_blush blush.",7
images/gen_dark_0118.jpg,Dark,caramel,2,5.2,burgundy,1,wine_blush,2,jet_black,2,deep_tone_concealer,2,8 hrs,low,749,simple,bridal,cold,"Apply 2 layers (~5.2 ml) of caramel foundation, 1 layer of burgundy lipstick, 1 layer of wine_blush blush.",8
images/gen_dark_0119.jpg,Dark,caramel,2,4.8,dark_mauve,2,berry_blush,1,jet_black,2,dark_concealer,1,6 hrs,low,1722,simple,bridal,cold,"Apply 2 layers (~4.8 ml) of caramel foundation, 1 layer of dark_mauve lipstick, 1 layer of berry_blush blush.",9
images/gen_dark_0120.jpg,Dark,ebony,3,4.0,raisin,2,berry_blush,1,carbon_black,2,espresso_concealer,1,10 hrs,low,2571,weather,party,cold,"Apply 3 layers (~4.0 ml) of ebony foundation, 1 layer of raisin lipstick, 2 layers of berry_blush blush.",0
images/gen_dark_0121.jpg,Dark,caramel,1,3.0,wine,1,deep_rose_blush,1,black,2,mahogany_concealer,2,10 hrs,low,1475,weather,party,hot,"Apply 1 layer (~3.0 ml) of caramel foundation, 1 layer of wine lipstick, 1 layer of deep_rose_blush blush.",1
images/gen_dark_0122.jpg,Dark,matte_mocha,3,3.8,dark_red,1,berry_blush,1,carbon_black,1,dark_concealer,2,8 hrs,high,775,weather,normal,humid,"Apply 3 layers (~3.8 ml) of matte_mocha foundation, 1 layer of dark_red lipstick, 1 layer of berry_blush blush.",2
images/gen_dark_0123.jpg,Dark,espresso,3,5.1,burgundy,2,dark_coral_blush,2,carbon_black,3,espresso_concealer,1,6 hrs,low,3055,simple,office,cold,"Apply 3 layers (~5.1 ml) of espresso foundation, 2 layer of burgundy lipstick, 1 layer of dark_coral_blush blush.",3
images/gen_dark_0124.jpg,Dark,dark_walnut,1,1.9,oxblood,1,berry_blush,1,black,2,mahogany_concealer,2,6 hrs,low,870,simple,office,hot,"Apply 1 layer (~1.9 ml) of dark_walnut foundation, 1 layer of oxblood lipstick, 2 layer of berry_blush blush.",4
images/gen_dark_0125.jpg,Dark,matte_caramel,2,4.6,deep_chocolate_nude,2,berry_blush,1,black,1,rich_concealer,2,8 hrs,low,2383,simple,daily,normal,"Apply 2 layers (~4.6 ml) of matte_caramel foundation, 1 layer of deep_chocolate_nude lipstick, 1 layers of berry_blush blush.",5
images/gen_dark_0126.jpg,Dark,deep_cocoa,2,4.0,plum,2,dark_coral_blush,2,jet_black,1,espresso_concealer,1,14 hrs,high,909,occasion,party,cold,"Apply 2 layers (~4.0 ml) of deep_cocoa foundation, 1 layer of plum lipstick, 1 layer of dark_coral_blush blush.",6
images/gen_dark_0127.jpg,Dark,matte_caramel,1,2.8,dark_red,2,merlot_blush,1,carbon_black,2,deep_tone_concealer,1,12 hrs,high,608,occasion,daily,hot,"Apply 1 layer (~2.8 ml) of matte_caramel foundation, 1 layer of dark_red lipstick, 1 layer of merlot_blush blush.",7
images/gen_dark_0128.jpg,Dark,matte_caramel,1,2.3,raisin,1,berry_blush,2,carbon_black,3,rich_concealer,1,8 hrs,low,1859,simple,daily,hot,"Apply 1 layer (~2.3 ml) of matte_caramel foundation, 1 layer of raisin lipstick, 1 layer of berry_blush blush.",8
images/gen_dark_0129.jpg,Dark,matte_espresso,2,3.3,bold_wine,2,deep_rose_blush,1,jet_black,2,deep_tone_concealer,2,14 hrs,medium,1037,occasion,office,cold,"Apply 2 layers (~3.3 ml) of matte_espresso foundation, 2 layer of bold_wine lipstick, 1 layers of deep_rose_blush blush.",9
images/gen_dark_0130.jpg,Dark,sable,1,2.4,deep_chocolate_nude,2,plum_blush,1,deep_black,2,mocha_concealer,2,8 hrs,low,3097,simple,normal,hot,"Apply 1 layer (~2.4 ml) of sable foundation, 1 layer of deep_chocolate_nude lipstick, 2 layers of plum_blush blush.",0
images/gen_dark_0131.jpg,Dark,matte_caramel,1,2.4,plum,2,mauve_blush,2,black,1,dark_concealer,2,14 hrs,high,3107,occasion,bridal,hot,"Apply 1 layer (~2.4 ml) of matte_caramel foundation, 2 layer of plum lipstick, 2 layers of mauve_blush blush.",1
images/gen_dark_0132.jpg,Dark,sable,3,3.3,blackcurrant,2,wine_blush,1,jet_black,3,deep_tone_concealer,2,8 hrs,low,2028,weather,bridal,cold,"Apply 3 layers (~3.3 ml) of sable foundation, 1 layer of blackcurrant lipstick, 1 layers of wine_blush blush.",2
images/gen_dark_0133.jpg,Dark,caramel,1,3.7,raisin,1,mauve_blush,2,black,2,rich_concealer,1,6 hrs,low,2762,simple,daily,humid,"Apply 1 layer (~3.7 ml) of caramel foundation, 1 layer of raisin lipstick, 2 layers of mauve_blush blush.",3
images/gen_dark_0134.jpg,Dark,espresso,2,5.0,deep_berry,2,berry_blush,1,black,1,rich_concealer,2,10 hrs,high,2132,occasion,bridal,cold,"Apply 2 layers (~5.0 ml) of espresso foundation, 2 layer of deep_berry lipstick, 2 layer of berry_blush blush.",4
images/gen_dark_0135.jpg,Dark,espresso,3,4.1,dark_mauve,1,wine_blush,1,black,1,rich_concealer,2,6 hrs,low,1322,simple,bridal,cold,"Apply 3 layers (~4.1 ml) of espresso foundation, 1 layer of dark_mauve lipstick, 1 layer of wine_blush blush.",5
images/gen_dark_0136.jpg,Dark,deep_mahogany,3,3.2,raisin,2,deep_rose_blush,1,black,2,deep_tone_concealer,2,12 hrs,low,1650,weather,daily,cold,"Apply 3 layers (~3.2 ml) of deep_mahogany foundation, 1 layer of raisin lipstick, 1 layers of deep_rose_blush blush.",6
images/gen_dark_0137.jpg,Dark,matte_espresso,2,5.4,bold_wine,1,mauve_blush,1,black,2,rich_concealer,2,10 hrs,high,869,occasion,office,humid,"Apply 2 layers (~5.4 ml) of matte_espresso foundation, 2 layer of bold_wine lipstick, 1 layers of mauve_blush blush.",7
images/gen_dark_0138.jpg,Dark,espresso,1,3.0,wine,1,wine_blush,1,carbon_black,3,mocha_concealer,1,10 hrs,high,2093,occasion,bridal,hot,"Apply 1 layer (~3.0 ml) of espresso foundation, 1 layer of wine lipstick, 2 layers of wine_blush blush.",8
images/gen_dark_0139.jpg,Dark,rich_chocolate,2,4.2,midnight_plum,2,brick_blush,1,jet_black,3,rich_concealer,1,14 hrs,high,1636,occasion,office,cold,"Apply 2 layers (~4.2 ml) of rich_chocolate foundation, 2 layer of midnight_plum lipstick, 1 layers of brick_blush blush.",9
images/gen_dark_0140.jpg,Dark,mocha,2,1.9,plum,1,brick_blush,2,deep_black,3,dark_concealer,1,14 hrs,high,2323,occasion,party,humid,"Apply 2 layers (~1.9 ml) of mocha foundation, 2 layer of plum lipstick, 1 layer of brick_blush blush.",0
images/gen_dark_0141.jpg,Dark,rich_chocolate,3,3.9,raisin,2,merlot_blush,2,carbon_black,3,deep_tone_concealer,1,12 hrs,medium,2050,occasion,office,cold,"Apply 3 layers (~3.9 ml) of rich_chocolate foundation, 1 layer of raisin lipstick, 1 layers of merlot_blush blush.",1
images/gen_dark_0142.jpg,Dark,matte_mocha,2,4.3,blackcurrant,1,merlot_blush,2,carbon_black,3,rich_concealer,2,6 hrs,low,2473,simple,party,normal,"Apply 2 layers (~4.3 ml) of matte_mocha foundation, 1 layer of blackcurrant lipstick, 1 layers of merlot_blush blush.",2
images/gen_dark_0143.jpg,Dark,mocha,1,1.9,raisin,1,deep_rose_blush,2,deep_black,2,deep_tone_concealer,2,12 hrs,high,884,weather,bridal,hot,"Apply 1 layer (~1.9 ml) of mocha foundation, 1 layer of raisin lipstick, 2 layers of deep_rose_blush blush.",3
images/gen_dark_0144.jpg,Dark,mocha,3,2.5,oxblood,2,merlot_blush,2,black,2,mahogany_concealer,1,10 hrs,high,2088,occasion,normal,humid,"Apply 3 layers (~2.5 ml) of mocha foundation, 2 layer of oxblood lipstick, 2 layers of merlot_blush blush.",4
images/gen_dark_0145.jpg,Dark,rich_chocolate,2,4.1,midnight_plum,1,deep_rose_blush,1,black,3,dark_concealer,2,6 hrs,low,1870,simple,party,normal,"Apply 2 layers (~4.1 ml) of rich_chocolate foundation, 2 layer of midnight_plum lipstick, 2 layer of deep_rose_blush blush.",5
images/gen_dark_0146.jpg,Dark,matte_caramel,1,2.7,oxblood,2,merlot_blush,2,black,2,espresso_concealer,1,6 hrs,low,1365,simple,party,humid,"Apply 1 layer (~2.7 ml) of matte_caramel foundation, 1 layer of oxblood lipstick, 1 layer of merlot_blush blush.",6
images/gen_dark_0147.jpg,Dark,mocha,3,3.3,raisin,1,merlot_blush,2,jet_black,2,mocha_concealer,2,6 hrs,low,2853,simple,party,humid,"Apply 3 layers (~3.3 ml) of mocha foundation, 1 layer of raisin lipstick, 1 layer of merlot_blush blush.",7
images/gen_dark_0148.jpg,Dark,matte_mocha,1,2.5,blackcurrant,1,mauve_blush,2,black,3,deep_tone_concealer,1,10 hrs,medium,2609,weather,bridal,hot,"Apply 1 layer (~2.5 ml) of matte_mocha foundation, 2 layer of blackcurrant lipstick, 1 layers of mauve_blush blush.",8
images/gen_dark_0149.jpg,Dark,matte_caramel,1,4.5,raisin,2,deep_rose_blush,1,carbon_black,2,mahogany_concealer,2,10 hrs,high,818,weather,daily,normal,"Apply 1 layer (~4.5 ml) of matte_caramel foundation, 1 layer of raisin lipstick, 1 layer of deep_rose_blush blush.",9
images/gen_dark_0150.jpg,Dark,deep_mahogany,1,1.8,mulberry,1,berry_blush,2,black,1,deep_tone_concealer,1,8 hrs,low,2214,weather,party,hot,"Apply 1 layer (~1.8 ml) of deep_mahogany foundation, 1 layer of mulberry lipstick, 1 layer of berry_blush blush.",0
images/gen_dark_0151.jpg,Dark,matte_espresso,2,4.3,dark_red,1,merlot_blush,1,carbon_black,2,dark_concealer,2,10 hrs,high,3120,weather,bridal,cold,"Apply 2 layers (~4.3 ml) of matte_espresso foundation, 1 layer of dark_red lipstick, 1 layer of merlot_blush blush.",1
images/gen_dark_0152.jpg,Dark,ebony,2,4.6,wine,1,merlot_blush,2,deep_black,2,rich_concealer,1,12 hrs,medium,1612,weather,normal,humid,"Apply 2 layers (~4.6 ml) of ebony foundation, 2 layer of wine lipstick, 2 layer of merlot_blush blush.",2
images/gen_dark_0153.jpg,Dark,ebony,2,4.7,dark_brick,2,plum_blush,1,jet_black,3,deep_tone_concealer,1,6 hrs,low,1907,simple,daily,cold,"Apply 2 layers (~4.7 ml) of ebony foundation, 1 layer of dark_brick lipstick, 2 layers of plum_blush blush.",3
images/gen_dark_0154.jpg,Dark,deep_cocoa,1,1.9,dark_red,1,plum_blush,2,carbon_black,1,rich_concealer,1,12 hrs,high,2188,weather,daily,hot,"Apply 1 layer (~1.9 ml) of deep_cocoa foundation, 1 layer of dark_red lipstick, 2 layer of plum_blush blush.",4
images/gen_dark_0155.jpg,Dark,rich_chocolate,1,2.3,wine,2,plum_blush,1,jet_black,3,dark_concealer,2,12 hrs,high,1725,weather,bridal,normal,"Apply 1 layer (~2.3 ml) of rich_chocolate foundation, 2 layer of wine lipstick, 1 layer of plum_blush blush.",5
images/gen_dark_0156.jpg,Dark,dark_walnut,1,2.3,dark_red,2,brick_blush,1,carbon_black,3,rich_concealer,2,12 hrs,medium,951,weather,bridal,hot,"Apply 1 layer (~2.3 ml) of dark_walnut foundation, 1 layer of dark_red lipstick, 2 layer of brick_blush blush.",6
images/gen_dark_0157.jpg,Dark,rich_chocolate,2,2.0,dark_red,1,deep_rose_blush,2,deep_black,1,mahogany_concealer,2,6 hrs,low,1649,simple,party,humid,"Apply 2 layers (~2.0 ml) of rich_chocolate foundation, 1 layer of dark_red lipstick, 2 layer of deep_rose_blush blush.",7
images/gen_dark_0158.jpg,Dark,deep_espresso,2,4.6,wine,1,plum_blush,2,deep_black,1,rich_concealer,2,12 hrs,high,2943,occasion,normal,cold,"Apply 2 layers (~4.6 ml) of deep_espresso foundation, 2 layer of wine lipstick, 1 layers of plum_blush blush.",8
images/gen_dark_0159.jpg,Dark,matte_caramel,1,5.3,bold_wine,1,deep_rose_blush,1,deep_black,3,mahogany_concealer,2,8 hrs,low,3158,simple,daily,normal,"Apply 1 layer (~5.3 ml) of matte_caramel foundation, 2 layer of bold_wine lipstick, 2 layers of deep_rose_blush blush.",9
images/gen_dark_0160.jpg,Dark,mocha,1,1.7,midnight_plum,2,mauve_blush,2,deep_black,2,mocha_concealer,1,14 hrs,high,1495,occasion,party,hot,"Apply 1 layer (~1.7 ml) of mocha foundation, 2 layer of midnight_plum lipstick, 2 layer of mauve_blush blush.",0
images/gen_dark_0161.jpg,Dark,rich_chocolate,1,2.4,midnight_plum,1,wine_blush,2,jet_black,1,deep_tone_concealer,2,12 hrs,medium,2151,occasion,office,hot,"Apply 1 layer (~2.4 ml) of rich_chocolate foundation, 1 layer of midnight_plum lipstick, 1 layer of wine_blush blush.",1
images/gen_dark_0162.jpg,Dark,dark_walnut,3,1.8,raisin,2,brick_blush,1,deep_black,1,dark_concealer,2,12 hrs,high,2808,occasion,party,humid,"Apply 3 layers (~1.8 ml) of dark_walnut foundation, 1 layer of raisin lipstick, 2 layer of brick_blush blush.",2
images/gen_dark_0163.jpg,Dark,dark_walnut,2,3.1,oxblood,1,berry_blush,2,deep_black,3,espresso_concealer,2,10 hrs,high,2137,weather,office,normal,"Apply 2 layers (~3.1 ml) of dark_walnut foundation, 2 layer of oxblood lipstick, 1 layer of berry_blush blush.",3
images/gen_dark_0164.jpg,Dark,mocha,2,3.9,deep_berry,1,plum_blush,1,deep_black,2,espresso_concealer,1,10 hrs,medium,2970,weather,daily,normal,"Apply 2 layers (~3.9 ml) of mocha foundation, 1 layer of deep_berry lipstick, 1 layers of plum_blush blush.",4
images/gen_dark_0165.jpg,Dark,matte_espresso,2,3.0,wine,1,brick_blush,2,jet_black,3,dark_concealer,1,8 hrs,medium,1391,weather,office,cold,"Apply 2 layers (~3.0 ml) of matte_espresso foundation, 1 layer of wine lipstick, 2 layer of brick_blush blush.",5
images/gen_dark_0166.jpg,Dark,caramel,3,4.7,deep_chocolate_nude,2,brick_blush,1,deep_black,3,rich_concealer,1,12 hrs,high,1715,occasion,bridal,normal,"Apply 3 layers (~4.7 ml) of caramel foundation, 2 layer of deep_chocolate_nude lipstick, 2 layers of brick_blush blush.",6
images/gen_dark_0167.jpg,Dark,mocha,1,1.9,burgundy,1,brick_blush,1,jet_black,3,deep_tone_concealer,2,6 hrs,low,2147,simple,bridal,hot,"Apply 1 layer (~1.9 ml) of mocha foundation, 1 layer of burgundy lipstick, 2 layers of brick_blush blush.",7
images/gen_dark_0168.jpg,Dark,dark_walnut,1,1.9,oxblood,1,merlot_blush,2,black,1,mahogany_concealer,2,8 hrs,medium,1515,weather,office,hot,"Apply 1 layer (~1.9 ml) of dark_walnut foundation, 2 layer of oxblood lipstick, 2 layers of merlot_blush blush.",8
images/gen_dark_0169.jpg,Dark,ebony,2,5.4,deep_fuchsia,2,mauve_blush,2,jet_black,1,rich_concealer,1,14 hrs,medium,800,occasion,office,cold,"Apply 2 layers (~5.4 ml) of ebony foundation, 1 layer of deep_fuchsia lipstick, 1 layers of mauve_blush blush.",9
images/gen_dark_0170.jpg,Dark,mocha,2,1.8,dark_red,1,mauve_blush,2,black,1,mahogany_concealer,1,14 hrs,medium,1721,occasion,bridal,normal,"Apply 2 layers (~1.8 ml) of mocha foundation, 1 layer of dark_red lipstick, 2 layer of mauve_blush blush.",0
images/gen_dark_0171.jpg,Dark,dark_walnut,2,4.9,wine,1,wine_blush,1,jet_black,2,deep_tone_concealer,1,10 hrs,high,521,weather,office,humid,"Apply 2 layers (~4.9 ml) of dark_walnut foundation, 1 layer of wine lipstick, 2 layers of wine_blush blush.",1
images/gen_dark_0172.jpg,Dark,midnight_mocha,1,4.6,dark_mauve,2,deep_rose_blush,1,carbon_black,2,rich_concealer,2,12 hrs,low,2070,weather,party,humid,"Apply 1 layer (~4.6 ml) of midnight_mocha foundation, 2 layer of dark_mauve lipstick, 1 layer of deep_rose_blush blush.",2
images/gen_dark_0173.jpg,Dark,rich_chocolate,3,4.8,wine,2,mauve_blush,2,carbon_black,2,mahogany_concealer,2,8 hrs,low,1998,simple,bridal,normal,"Apply 3 layers (~4.8 ml) of rich_chocolate foundation, 1 layer of wine lipstick, 1 layers of mauve_blush blush.",3
images/gen_dark_0174.jpg,Dark,truffle,2,1.7,dark_mauve,2,deep_rose_blush,2,black,2,espresso_concealer,1,8 hrs,low,2710,simple,daily,normal,"Apply 2 layers (~1.7 ml) of truffle foundation, 1 layer of dark_mauve lipstick, 1 layer of deep_rose_blush blush.",4
images/gen_dark_0175.jpg,Dark,deep_cocoa,1,1.8,bold_wine,2,merlot_blush,2,jet_black,3,dark_concealer,1,14 hrs,medium,2321,occasion,normal,hot,"Apply 1 layer (~1.8 ml) of deep_cocoa foundation, 1 layer of bold_wine lipstick, 1 layers of merlot_blush blush.",5
images/gen_dark_0176.jpg,Dark,sable,3,3.2,oxblood,1,dark_coral_blush,1,deep_black,1,mocha_concealer,1,10 hrs,medium,2977,weather,daily,cold,"Apply 3 layers (~3.2 ml) of sable foundation, 1 layer of oxblood lipstick, 2 layers of dark_coral_blush blush.",6
images/gen_dark_0177.jpg,Dark,mocha,2,4.9,blackcurrant,1,brick_blush,2,black,1,mahogany_concealer,1,12 hrs,high,876,occasion,office,cold,"Apply 2 layers (~4.9 ml) of mocha foundation, 1 layer of blackcurrant lipstick, 1 layer of brick_blush blush.",7
images/gen_dark_0178.jpg,Dark,rich_chocolate,2,1.9,deep_berry,1,mauve_blush,1,black,1,espresso_concealer,2,8 hrs,low,632,simple,office,humid,"Apply 2 layers (~1.9 ml) of rich_chocolate foundation, 1 layer of deep_berry lipstick, 2 layer of mauve_blush blush.",8
images/gen_dark_0179.jpg,Dark,ebony,1,2.4,dark_mauve,1,wine_blush,1,carbon_black,3,mocha_concealer,1,12 hrs,medium,827,occasion,bridal,hot,"Apply 1 layer (~2.4 ml) of ebony foundation, 2 layer of dark_mauve lipstick, 2 layers of wine_blush blush.",9
images/gen_dark_0180.jpg,Dark,deep_mahogany,3,4.8,deep_chocolate_nude,1,brick_blush,2,jet_black,3,deep_tone_concealer,2,14 hrs,high,511,occasion,daily,cold,"Apply 3 layers (~4.8 ml) of deep_mahogany foundation, 1 layer of deep_chocolate_nude lipstick, 2 layer of brick_blush blush.",0
images/gen_dark_0181.jpg,Dark,mocha,3,3.0,dark_red,2,mauve_blush,2,jet_black,1,mahogany_concealer,2,14 hrs,high,712,occasion,bridal,normal,"Apply 3 layers (~3.0 ml) of mocha foundation, 2 layer of dark_red lipstick, 1 layer of mauve_blush blush.",1
images/gen_dark_0182.jpg,Dark,mocha,2,2.5,dark_red,1,plum_blush,1,jet_black,3,espresso_concealer,1,10 hrs,high,1175,occasion,daily,normal,"Apply 2 layers (~2.5 ml) of mocha foundation, 1 layer of dark_red lipstick, 1 layer of plum_blush blush.",2
images/gen_dark_0183.jpg,Dark,dark_walnut,1,3.0,deep_berry,2,mauve_blush,2,deep_black,1,mocha_concealer,1,6 hrs,low,2853,simple,office,normal,"Apply 1 layer (~3.0 ml) of dark_walnut foundation, 1 layer of deep_berry lipstick, 2 layers of mauve_blush blush.",3
images/gen_dark_0184.jpg,Dark,truffle,1,2.3,dark_mauve,1,mauve_blush,1,jet_black,2,espresso_concealer,2,8 hrs,low,2780,weather,office,hot,"Apply 1 layer (~2.3 ml) of truffle foundation, 2 layer of dark_mauve lipstick, 2 layers of mauve_blush blush.",4
images/gen_dark_0185.jpg,Dark,mocha,1,3.6,deep_fuchsia,2,plum_blush,2,jet_black,2,espresso_concealer,2,8 hrs,high,1142,weather,bridal,humid,"Apply 1 layer (~3.6 ml) of mocha foundation, 2 layer of deep_fuchsia lipstick, 1 layers of plum_blush blush.",5
images/gen_dark_0186.jpg,Dark,deep_mahogany,3,3.1,wine,2,dark_coral_blush,1,jet_black,2,rich_concealer,1,8 hrs,low,1713,simple,daily,cold,"Apply 3 layers (~3.1 ml) of deep_mahogany foundation, 2 layer of wine lipstick, 1 layers of dark_coral_blush blush.",6
images/gen_dark_0187.jpg,Dark,matte_caramel,1,2.0,blackcurrant,1,mauve_blush,2,black,1,rich_concealer,1,12 hrs,medium,2233,occasion,daily,humid,"Apply 1 layer (~2.0 ml) of matte_caramel foundation, 2 layer of blackcurrant lipstick, 1 layer of mauve_blush blush.",7
images/gen_dark_0188.jpg,Dark,caramel,3,4.4,deep_berry,2,wine_blush,2,black,1,dark_concealer,2,12 hrs,medium,1582,occasion,daily,cold,"Apply 3 layers (~4.4 ml) of caramel foundation, 1 layer of deep_berry lipstick, 2 layers of wine_blush blush.",8
images/gen_dark_0189.jpg,Dark,mocha,1,2.5,midnight_plum,2,brick_blush,2,black,3,mahogany_concealer,1,10 hrs,high,2259,weather,bridal,hot,"Apply 1 layer (~2.5 ml) of mocha foundation, 1 layer of midnight_plum lipstick, 2 layers of brick_blush blush.",9
images/gen_dark_0190.jpg,Dark,matte_espresso,1,2.3,deep_fuchsia,1,brick_blush,1,jet_black,1,mahogany_concealer,2,12 hrs,high,2441,occasion,normal,normal,"Apply 1 layer (~2.3 ml) of matte_espresso foundation, 1 layer of deep_fuchsia lipstick, 2 layers of brick_blush blush.",0
images/gen_dark_0191.jpg,Dark,dark_walnut,2,4.4,midnight_plum,2,merlot_blush,1,jet_black,3,dark_concealer,1,8 hrs,low,1361,weather,normal,cold,"Apply 2 layers (~4.4 ml) of dark_walnut foundation, 1 layer of midnight_plum lipstick, 1 layer of merlot_blush blush.",1
images/gen_dark_0192.jpg,Dark,matte_caramel,1,2.2,bold_wine,1,berry_blush,2,jet_black,2,deep_tone_concealer,1,12 hrs,low,3047,weather,party,humid,"Apply 1 layer (~2.2 ml) of matte_caramel foundation, 2 layer of bold_wine lipstick, 1 layers of berry_blush blush.",2
images/gen_dark_0193.jpg,Dark,deep_cocoa,3,2.1,dark_red,1,deep_rose_blush,1,black,1,espresso_concealer,2,8 hrs,low,1701,weather,office,humid,"Apply 3 layers (~2.1 ml) of deep_cocoa foundation, 1 layer of dark_red lipstick, 1 layers of deep_rose_blush blush.",3
images/gen_dark_0194.jpg,Dark,midnight_mocha,2,5.2,deep_fuchsia,2,brick_blush,1,carbon_black,2,espresso_concealer,1,6 hrs,low,2312,simple,office,cold,"Apply 2 layers (~5.2 ml) of midnight_mocha foundation, 1 layer of deep_fuchsia lipstick, 2 layers of brick_blush blush.",4
images/gen_dark_0195.jpg,Dark,mocha,3,5.3,dark_brick,2,merlot_blush,1,carbon_black,1,dark_concealer,2,10 hrs,medium,2340,occasion,bridal,normal,"Apply 3 layers (~5.3 ml) of mocha foundation, 1 layer of dark_brick lipstick, 1 layer of merlot_blush blush.",5
images/gen_dark_0196.jpg,Dark,deep_mahogany,1,2.6,oxblood,2,wine_blush,1,jet_black,1,rich_concealer,2,14 hrs,medium,641,occasion,bridal,hot,"Apply 1 layer (~2.6 ml) of deep_mahogany foundation, 2 layer of oxblood lipstick, 1 layer of wine_blush blush.",6
images/gen_dark_0197.jpg,Dark,sable,3,3.3,raisin,2,deep_rose_blush,2,jet_black,1,mocha_concealer,2,12 hrs,medium,2438,occasion,bridal,cold,"Apply 3 layers (~3.3 ml) of sable foundation, 2 layer of raisin lipstick, 1 layer of deep_rose_blush blush.",7
images/gen_dark_0198.jpg,Dark,truffle,1,2.1,dark_red,2,deep_rose_blush,2,black,2,dark_concealer,1,10 hrs,high,1658,occasion,daily,hot,"Apply 1 layer (~2.1 ml) of truffle foundation, 2 layer of dark_red lipstick, 1 layers of deep_rose_blush blush.",8
images/gen_dark_0199.jpg,Dark,espresso,3,3.4,blackcurrant,2,dark_coral_blush,1,jet_black,3,mocha_concealer,2,12 hrs,low,1784,weather,party,humid,"Apply 3 layers (~3.4 ml) of espresso foundation, 2 layer of blackcurrant lipstick, 1 layers of dark_coral_blush blush.",9
images/gen_dark_0200.jpg,Dark,matte_espresso,1,2.7,bold_wine,1,berry_blush,1,deep_black,1,mocha_concealer,1,8 hrs,low,2744,simple,bridal,hot,"Apply 1 layer (~2.7 ml) of matte_espresso foundation, 1 layer of bold_wine lipstick, 2 layers of berry_blush blush.",0
images/gen_dark_0201.jpg,Dark,matte_espresso,1,2.3,wine,1,deep_rose_blush,1,black,3,dark_concealer,2,10 hrs,low,2538,weather,daily,hot,"Apply 1 layer (~2.3 ml) of matte_espresso foundation, 2 layer of wine lipstick, 2 layer of deep_rose_blush blush.",1
images/gen_dark_0202.jpg,Dark,espresso,1,2.6,raisin,2,berry_blush,2,deep_black,1,dark_concealer,2,14 hrs,high,2638,occasion,party,hot,"Apply 1 layer (~2.6 ml) of espresso foundation, 2 layer of raisin lipstick, 2 layer of berry_blush blush.",2
images/gen_dark_0203.jpg,Dark,dark_walnut,3,2.3,deep_fuchsia,1,mauve_blush,2,jet_black,3,espresso_concealer,2,8 hrs,low,2317,simple,party,normal,"Apply 3 layers (~2.3 ml) of dark_walnut foundation, 2 layer of deep_fuchsia lipstick, 2 layers of mauve_blush blush.",3
images/gen_dark_0204.jpg,Dark,matte_mocha,2,5.1,oxblood,1,plum_blush,2,black,2,mahogany_concealer,1,10 hrs,low,530,weather,bridal,cold,"Apply 2 layers (~5.1 ml) of matte_mocha foundation, 1 layer of oxblood lipstick, 1 layers of plum_blush blush.",4
images/gen_dark_0205.jpg,Dark,matte_espresso,3,4.7,midnight_plum,2,brick_blush,1,jet_black,1,espresso_concealer,2,8 hrs,low,2426,simple,party,cold,"Apply 3 layers (~4.7 ml) of matte_espresso foundation, 2 layer of midnight_plum lipstick, 2 layers of brick_blush blush.",5
images/gen_dark_0206.jpg,Dark,rich_chocolate,1,3.0,mulberry,2,merlot_blush,2,deep_black,2,espresso_concealer,2,12 hrs,high,1831,occasion,office,normal,"Apply 1 layer (~3.0 ml) of rich_chocolate foundation, 1 layer of mulberry lipstick, 2 layer of merlot_blush blush.",6
images/gen_dark_0207.jpg,Dark,deep_espresso,1,1.9,deep_berry,1,deep_rose_blush,1,deep_black,2,dark_concealer,2,8 hrs,low,671,simple,office,hot,"Apply 1 layer (~1.9 ml) of deep_espresso foundation, 1 layer of deep_berry lipstick, 2 layers of deep_rose_blush blush.",7
images/gen_dark_0208.jpg,Dark,midnight_mocha,1,1.6,deep_chocolate_nude,1,wine_blush,2,deep_black,3,dark_concealer,1,12 hrs,medium,2714,weather,normal,hot,"Apply 1 layer (~1.6 ml) of midnight_mocha foundation, 2 layer of deep_chocolate_nude lipstick, 1 layer of wine_blush blush.",8
images/gen_dark_0209.jpg,Dark,matte_espresso,1,1.9,deep_fuchsia,2,deep_rose_blush,1,jet_black,2,mocha_concealer,2,8 hrs,low,1126,weather,daily,hot,"Apply 1 layer (~1.9 ml) of matte_espresso foundation, 1 layer of deep_fuchsia lipstick, 2 layers of deep_rose_blush blush.",9
images/gen_dark_0210.jpg,Dark,deep_espresso,3,4.3,wine,1,brick_blush,2,deep_black,2,espresso_concealer,1,10 hrs,medium,2847,weather,bridal,cold,"Apply 3 layers (~4.3 ml) of deep_espresso foundation, 2 layer of wine lipstick, 2 layers of brick_blush blush.",0
images/gen_dark_0211.jpg,Dark,caramel,2,3.4,dark_brick,2,wine_blush,1,carbon_black,2,dark_concealer,2,12 hrs,medium,3000,occasion,normal,cold,"Apply 2 layers (~3.4 ml) of caramel foundation, 1 layer of dark_brick lipstick, 1 layer of wine_blush blush.",1
images/gen_dark_0212.jpg,Dark,deep_cocoa,1,1.8,dark_mauve,2,brick_blush,1,carbon_black,3,mahogany_concealer,2,8 hrs,low,773,simple,party,hot,"Apply 1 layer (~1.8 ml) of deep_cocoa foundation, 2 layer of dark_mauve lipstick, 2 layers of brick_blush blush.",2
images/gen_dark_0213.jpg,Dark,rich_chocolate,2,5.1,raisin,1,merlot_blush,1,carbon_black,2,rich_concealer,1,10 hrs,high,3133,weather,party,cold,"Apply 2 layers (~5.1 ml) of rich_chocolate foundation, 2 layer of raisin lipstick, 1 layer of merlot_blush blush.",3
images/gen_dark_0214.jpg,Dark,matte_espresso,2,2.2,deep_chocolate_nude,2,dark_coral_blush,1,black,3,deep_tone_concealer,1,12 hrs,high,3191,occasion,normal,humid,"Apply 2 layers (~2.2 ml) of matte_espresso foundation, 1 layer of deep_chocolate_nude lipstick, 1 layers of dark_coral_blush blush.",4
images/gen_dark_0215.jpg,Dark,rich_chocolate,1,2.7,blackcurrant,2,berry_blush,2,carbon_black,3,dark_concealer,1,8 hrs,medium,2221,weather,normal,hot,"Apply 1 layer (~2.7 ml) of rich_chocolate foundation, 2 layer of blackcurrant lipstick, 2 layers of berry_blush blush.",5
images/gen_dark_0216.jpg,Dark,espresso,1,1.8,dark_mauve,1,deep_rose_blush,2,deep_black,2,dark_concealer,2,8 hrs,low,2720,simple,office,hot,"Apply 1 layer (~1.8 ml) of espresso foundation, 1 layer of dark_mauve lipstick, 2 layer of deep_rose_blush blush.",6
images/gen_dark_0217.jpg,Dark,sable,2,5.4,deep_berry,1,plum_blush,1,jet_black,3,deep_tone_concealer,1,12 hrs,medium,2353,weather,party,humid,"Apply 2 layers (~5.4 ml) of sable foundation, 2 layer of deep_berry lipstick, 2 layers of plum_blush blush.",7
images/gen_dark_0218.jpg,Dark,rich_chocolate,1,2.0,burgundy,1,wine_blush,2,carbon_black,3,mahogany_concealer,2,12 hrs,low,2183,weather,office,hot,"Apply 1 layer (~2.0 ml) of rich_chocolate foundation, 2 layer of burgundy lipstick, 1 layers of wine_blush blush.",8
images/gen_dark_0219.jpg,Dark,deep_mahogany,1,5.3,plum,1,berry_blush,1,deep_black,3,mahogany_concealer,2,8 hrs,low,861,simple,daily,normal,"Apply 1 layer (~5.3 ml) of deep_mahogany foundation, 2 layer of plum lipstick, 1 layer of berry_blush blush.",9
images/gen_dark_0220.jpg,Dark,midnight_mocha,3,5.1,dark_red,1,deep_rose_blush,1,jet_black,2,rich_concealer,1,8 hrs,high,1398,weather,daily,cold,"Apply 3 layers (~5.1 ml) of midnight_mocha foundation, 2 layer of dark_red lipstick, 2 layer of deep_rose_blush blush.",0
images/gen_dark_0221.jpg,Dark,deep_cocoa,1,1.8,deep_berry,2,brick_blush,2,black,2,dark_concealer,2,12 hrs,high,2624,occasion,daily,hot,"Apply 1 layer (~1.8 ml) of deep_cocoa foundation, 2 layer of deep_berry lipstick, 1 layers of brick_blush blush.",1
images/gen_dark_0222.jpg,Dark,ebony,2,4.3,bold_wine,2,plum_blush,2,deep_black,3,mocha_concealer,1,8 hrs,medium,1803,weather,office,humid,"Apply 2 layers (~4.3 ml) of ebony foundation, 1 layer of bold_wine lipstick, 1 layers of plum_blush blush.",2
images/gen_dark_0223.jpg,Dark,rich_chocolate,3,4.5,deep_berry,1,wine_blush,1,carbon_black,2,rich_concealer,1,14 hrs,medium,1763,occasion,bridal,cold,"Apply 3 layers (~4.5 ml) of rich_chocolate foundation, 2 layer of deep_berry lipstick, 2 layer of wine_blush blush.",3
images/gen_dark_0224.jpg,Dark,matte_mocha,1,5.4,oxblood,2,brick_blush,2,black,3,espresso_concealer,2,12 hrs,medium,2702,occasion,bridal,normal,"Apply 1 layer (~5.4 ml) of matte_mocha foundation, 2 layer of oxblood lipstick, 1 layer of brick_blush blush.",4
images/gen_dark_0225.jpg,Dark,matte_caramel,1,2.7,oxblood,1,wine_blush,2,carbon_black,3,deep_tone_concealer,2,8 hrs,low,1721,simple,office,hot,"Apply 1 layer (~2.7 ml) of matte_caramel foundation, 2 layer of oxblood lipstick, 2 layer of wine_blush blush.",5
images/gen_dark_0226.jpg,Dark,ebony,1,5.3,bold_wine,2,brick_blush,1,deep_black,3,rich_concealer,1,8 hrs,low,2298,simple,normal,humid,"Apply 1 layer (~5.3 ml) of ebony foundation, 2 layer of bold_wine lipstick, 2 layers of brick_blush blush.",6
images/gen_dark_0227.jpg,Dark,sable,3,4.6,wine,1,berry_blush,1,black,1,espresso_concealer,2,6 hrs,low,870,simple,normal,humid,"Apply 3 layers (~4.6 ml) of sable foundation, 2 layer of wine lipstick, 2 layer of berry_blush blush.",7
images/gen_dark_0228.jpg,Dark,dark_walnut,2,4.0,oxblood,2,merlot_blush,2,black,3,deep_tone_concealer,2,12 hrs,medium,2092,occasion,normal,normal,"Apply 2 layers (~4.0 ml) of dark_walnut foundation, 1 layer of oxblood lipstick, 2 layers of merlot_blush blush.",8
images/gen_dark_0229.jpg,Dark,deep_espresso,3,4.4,deep_fuchsia,2,brick_blush,1,carbon_black,2,mocha_concealer,1,6 hrs,low,1161,simple,normal,cold,"Apply 3 layers (~4.4 ml) of deep_espresso foundation, 1 layer of deep_fuchsia lipstick, 2 layer of brick_blush blush.",9
images/gen_dark_0230.jpg,Dark,deep_cocoa,2,3.8,raisin,2,wine_blush,1,black,3,dark_concealer,2,6 hrs,low,2803,simple,normal,normal,"Apply 2 layers (~3.8 ml) of deep_cocoa foundation, 2 layer of raisin lipstick, 2 layers of wine_blush blush.",0
images/gen_dark_0231.jpg,Dark,dark_walnut,2,1.6,mulberry,1,berry_blush,2,jet_black,3,espresso_concealer,2,6 hrs,low,621,simple,party,humid,"Apply 2 layers (~1.6 ml) of dark_walnut foundation, 1 layer of mulberry lipstick, 1 layer of berry_blush blush.",1
images/gen_dark_0232.jpg,Dark,espresso,2,4.0,burgundy,1,merlot_blush,2,jet_black,3,deep_tone_concealer,2,10 hrs,medium,1485,weather,daily,cold,"Apply 2 layers (~4.0 ml) of espresso foundation, 2 layer of burgundy lipstick, 1 layer of merlot_blush blush.",2
images/gen_dark_0233.jpg,Dark,matte_espresso,1,2.0,burgundy,2,deep_rose_blush,2,black,2,dark_concealer,1,14 hrs,medium,884,occasion,bridal,normal,"Apply 1 layer (~2.0 ml) of matte_espresso foundation, 2 layer of burgundy lipstick, 2 layer of deep_rose_blush blush.",3
images/gen_dark_0234.jpg,Dark,espresso,1,4.0,deep_berry,2,wine_blush,1,black,2,mahogany_concealer,2,12 hrs,high,2119,occasion,party,normal,"Apply 1 layer (~4.0 ml) of espresso foundation, 1 layer of deep_berry lipstick, 1 layer of wine_blush blush.",4
images/gen_dark_0235.jpg,Dark,midnight_mocha,2,4.4,dark_red,2,merlot_blush,1,deep_black,3,rich_concealer,1,10 hrs,high,2490,occasion,bridal,cold,"Apply 2 layers (~4.4 ml) of midnight_mocha foundation, 2 layer of dark_red lipstick, 2 layers of merlot_blush blush.",5
images/gen_dark_0236.jpg,Dark,matte_mocha,1,2.7,deep_chocolate_nude,1,mauve_blush,2,black,2,dark_concealer,2,8 hrs,low,2750,weather,party,humid,"Apply 1 layer (~2.7 ml) of matte_mocha foundation, 2 layer of deep_chocolate_nude lipstick, 2 layer of mauve_blush blush.",6
images/gen_dark_0237.jpg,Dark,ebony,1,1.8,mulberry,2,dark_coral_blush,1,deep_black,2,rich_concealer,2,10 hrs,high,1697,occasion,bridal,hot,"Apply 1 layer (~1.8 ml) of ebony foundation, 2 layer of mulberry lipstick, 2 layers of dark_coral_blush blush.",7
images/gen_dark_0238.jpg,Dark,ebony,1,2.0,blackcurrant,2,brick_blush,1,carbon_black,3,dark_concealer,2,12 hrs,high,1669,weather,office,humid,"Apply 1 layer (~2.0 ml) of ebony foundation, 1 layer of blackcurrant lipstick, 1 layer of brick_blush blush.",8
images/gen_dark_0239.jpg,Dark,rich_chocolate,3,3.2,bold_wine,2,deep_rose_blush,1,carbon_black,1,mahogany_concealer,2,6 hrs,low,1344,simple,party,humid,"Apply 3 layers (~3.2 ml) of rich_chocolate foundation, 1 layer of bold_wine lipstick, 1 layer of deep_rose_blush blush.",9
images/gen_dark_0240.jpg,Dark,caramel,1,2.1,deep_fuchsia,1,plum_blush,2,black,3,deep_tone_concealer,2,12 hrs,medium,2233,weather,normal,hot,"Apply 1 layer (~2.1 ml) of caramel foundation, 1 layer of deep_fuchsia lipstick, 2 layer of plum_blush blush.",0
images/gen_dark_0241.jpg,Dark,matte_mocha,2,3.4,deep_chocolate_nude,2,plum_blush,1,carbon_black,1,espresso_concealer,1,12 hrs,medium,1299,occasion,daily,cold,"Apply 2 layers (~3.4 ml) of matte_mocha foundation, 1 layer of deep_chocolate_nude lipstick, 1 layer of plum_blush blush.",1
images/gen_dark_0242.jpg,Dark,deep_espresso,2,5.4,dark_brick,1,deep_rose_blush,2,carbon_black,1,dark_concealer,1,8 hrs,low,2153,simple,office,humid,"Apply 2 layers (~5.4 ml) of deep_espresso foundation, 1 layer of dark_brick lipstick, 2 layer of deep_rose_blush blush.",2
images/gen_dark_0243.jpg,Dark,mocha,2,1.8,plum,1,merlot_blush,1,jet_black,2,dark_concealer,1,12 hrs,medium,629,occasion,office,normal,"Apply 2 layers (~1.8 ml) of mocha foundation, 1 layer of plum lipstick, 1 layer of merlot_blush blush.",3
images/gen_dark_0244.jpg,Dark,espresso,1,2.1,deep_fuchsia,1,deep_rose_blush,1,black,3,rich_concealer,1,10 hrs,medium,1288,occasion,bridal,hot,"Apply 1 layer (~2.1 ml) of espresso foundation, 1 layer of deep_fuchsia lipstick, 2 layers of deep_rose_blush blush.",4
images/gen_dark_0245.jpg,Dark,matte_mocha,2,5.0,dark_brick,1,wine_blush,2,carbon_black,1,deep_tone_concealer,2,6 hrs,low,1722,simple,office,cold,"Apply 2 layers (~5.0 ml) of matte_mocha foundation, 2 layer of dark_brick lipstick, 2 layer of wine_blush blush.",5
images/gen_dark_0246.jpg,Dark,deep_mahogany,1,2.2,bold_wine,2,wine_blush,2,deep_black,3,mocha_concealer,2,14 hrs,high,3060,occasion,daily,humid,"Apply 1 layer (~2.2 ml) of deep_mahogany foundation, 1 layer of bold_wine lipstick, 2 layer of wine_blush blush.",6
images/gen_dark_0247.jpg,Dark,matte_caramel,2,3.9,dark_brick,2,berry_blush,2,jet_black,2,deep_tone_concealer,1,6 hrs,low,2014,simple,bridal,cold,"Apply 2 layers (~3.9 ml) of matte_caramel foundation, 2 layer of dark_brick lipstick, 2 layer of berry_blush blush.",7
images/gen_dark_0248.jpg,Dark,matte_espresso,3,5.2,plum,2,wine_blush,1,jet_black,2,espresso_concealer,2,8 hrs,low,1609,simple,daily,normal,"Apply 3 layers (~5.2 ml) of matte_espresso foundation, 1 layer of plum lipstick, 1 layers of wine_blush blush.",8
images/gen_dark_0249.jpg,Dark,sable,3,3.3,bold_wine,2,berry_blush,1,carbon_black,2,dark_concealer,2,14 hrs,high,835,occasion,bridal,cold,"Apply 3 layers (~3.3 ml) of sable foundation, 2 layer of bold_wine lipstick, 2 layer of berry_blush blush.",9
images/gen_dark_0250.jpg,Dark,matte_caramel,1,4.5,deep_berry,1,dark_coral_blush,2,carbon_black,1,deep_tone_concealer,2,6 hrs,low,2705,simple,party,humid,"Apply 1 layer (~4.5 ml) of matte_caramel foundation, 2 layer of deep_berry lipstick, 2 layer of dark_coral_blush blush.",0
images/gen_dark_0251.jpg,Dark,deep_mahogany,3,4.1,plum,1,mauve_blush,2,deep_black,1,mocha_concealer,1,6 hrs,low,1502,simple,bridal,humid,"Apply 3 layers (~4.1 ml) of deep_mahogany foundation, 1 layer of plum lipstick, 1 layers of mauve_blush blush.",1
images/gen_dark_0252.jpg,Dark,midnight_mocha,1,1.6,raisin,1,deep_rose_blush,2,black,3,espresso_concealer,2,6 hrs,low,2850,simple,party,hot,"Apply 1 layer (~1.6 ml) of midnight_mocha foundation, 2 layer of raisin lipstick, 2 layer of deep_rose_blush blush.",2
images/gen_dark_0253.jpg,Dark,dark_walnut,1,2.1,mulberry,1,wine_blush,1,jet_black,2,deep_tone_concealer,2,6 hrs,low,1910,simple,normal,hot,"Apply 1 layer (~2.1 ml) of dark_walnut foundation, 1 layer of mulberry lipstick, 2 layers of wine_blush blush.",3
images/gen_dark_0254.jpg,Dark,mocha,1,2.6,bold_wine,2,merlot_blush,2,carbon_black,3,mahogany_concealer,2,14 hrs,high,2823,occasion,normal,hot,"Apply 1 layer (~2.6 ml) of mocha foundation, 1 layer of bold_wine lipstick, 1 layer of merlot_blush blush.",4
images/gen_dark_0255.jpg,Dark,matte_mocha,3,1.6,midnight_plum,1,dark_coral_blush,2,black,3,rich_concealer,1,14 hrs,medium,965,occasion,daily,humid,"Apply 3 layers (~1.6 ml) of matte_mocha foundation, 1 layer of midnight_plum lipstick, 2 layer of dark_coral_blush blush.",5
images/gen_dark_0256.jpg,Dark,matte_espresso,2,3.5,bold_wine,2,brick_blush,1,jet_black,3,deep_tone_concealer,2,10 hrs,high,862,occasion,normal,cold,"Apply 2 layers (~3.5 ml) of matte_espresso foundation, 1 layer of bold_wine lipstick, 2 layer of brick_blush blush.",6
images/gen_dark_0257.jpg,Dark,matte_espresso,2,3.9,deep_chocolate_nude,1,plum_blush,1,black,2,deep_tone_concealer,1,8 hrs,low,658,weather,normal,normal,"Apply 2 layers (~3.9 ml) of matte_espresso foundation, 1 layer of deep_chocolate_nude lipstick, 2 layer of plum_blush blush.",7
images/gen_dark_0258.jpg,Dark,deep_espresso,2,5.2,blackcurrant,1,deep_rose_blush,1,black,1,mahogany_concealer,2,8 hrs,low,2555,simple,daily,humid,"Apply 2 layers (~5.2 ml) of deep_espresso foundation, 1 layer of blackcurrant lipstick, 1 layers of deep_rose_blush blush.",8
images/gen_dark_0259.jpg,Dark,matte_mocha,1,5.5,plum,1,merlot_blush,1,black,3,mocha_concealer,2,8 hrs,medium,740,weather,bridal,humid,"Apply 1 layer (~5.5 ml) of matte_mocha foundation, 2 layer of plum lipstick, 1 layers of merlot_blush blush.",9
images/gen_dark_0260.jpg,Dark,midnight_mocha,1,4.9,dark_mauve,1,plum_blush,2,deep_black,2,dark_concealer,1,6 hrs,low,1161,simple,bridal,humid,"Apply 1 layer (~4.9 ml) of midnight_mocha foundation, 1 layer of dark_mauve lipstick, 2 layer of plum_blush blush.",0
images/gen_dark_0261.jpg,Dark,truffle,1,2.0,deep_fuchsia,2,wine_blush,2,carbon_black,3,dark_concealer,2,12 hrs,medium,2510,weather,daily,humid,"Apply 1 layer (~2.0 ml) of truffle foundation, 2 layer of deep_fuchsia lipstick, 1 layer of wine_blush blush.",1
images/gen_dark_0262.jpg,Dark,mocha,3,1.8,deep_chocolate_nude,2,brick_blush,1,carbon_black,1,mahogany_concealer,1,14 hrs,medium,987,occasion,bridal,humid,"Apply 3 layers (~1.8 ml) of mocha foundation, 1 layer of deep_chocolate_nude lipstick, 2 layer of brick_blush blush.",2
images/gen_dark_0263.jpg,Dark,matte_caramel,3,2.4,wine,2,merlot_blush,2,jet_black,2,mocha_concealer,2,12 hrs,medium,1184,occasion,office,normal,"Apply 3 layers (~2.4 ml) of matte_caramel foundation, 1 layer of wine lipstick, 2 layer of merlot_blush blush.",3
images/gen_dark_0264.jpg,Dark,matte_espresso,1,1.5,dark_mauve,2,plum_blush,2,jet_black,3,mahogany_concealer,1,14 hrs,high,739,occasion,party,humid,"Apply 1 layer (~1.5 ml) of matte_espresso foundation, 2 layer of dark_mauve lipstick, 2 layers of plum_blush blush.",4
images/gen_dark_0265.jpg,Dark,deep_mahogany,3,5.5,dark_mauve,1,mauve_blush,1,jet_black,2,dark_concealer,1,8 hrs,low,2366,simple,bridal,normal,"Apply 3 layers (~5.5 ml) of deep_mahogany foundation, 2 layer of dark_mauve lipstick, 2 layers of mauve_blush blush.",5
images/gen_dark_0266.jpg,Dark,deep_mahogany,1,4.5,midnight_plum,1,deep_rose_blush,1,carbon_black,2,deep_tone_concealer,2,8 hrs,low,955,simple,party,humid,"Apply 1 layer (~4.5 ml) of deep_mahogany foundation, 1 layer of midnight_plum lipstick, 2 layer of deep_rose_blush blush.",6
images/gen_dark_0267.jpg,Dark,truffle,3,4.1,dark_red,1,wine_blush,2,black,2,mocha_concealer,1,8 hrs,low,1613,simple,normal,humid,"Apply 3 layers (~4.1 ml) of truffle foundation, 2 layer of dark_red lipstick, 1 layer of wine_blush blush.",7
images/gen_dark_0268.jpg,Dark,matte_mocha,1,2.2,blackcurrant,1,plum_blush,1,black,1,espresso_concealer,1,6 hrs,low,2777,simple,party,hot,"Apply 1 layer (~2.2 ml) of matte_mocha foundation, 1 layer of blackcurrant lipstick, 1 layer of plum_blush blush.",8
images/gen_dark_0269.jpg,Dark,truffle,3,2.6,dark_red,2,dark_coral_blush,1,carbon_black,1,mahogany_concealer,2,8 hrs,low,2352,simple,bridal,normal,"Apply 3 layers (~2.6 ml) of truffle foundation, 2 layer of dark_red lipstick, 1 layer of dark_coral_blush blush.",9
images/gen_dark_0270.jpg,Dark,deep_cocoa,1,4.3,wine,1,mauve_blush,1,deep_black,2,espresso_concealer,2,8 hrs,medium,981,weather,normal,humid,"Apply 1 layer (~4.3 ml) of deep_cocoa foundation, 2 layer of wine lipstick, 1 layer of mauve_blush blush.",0
images/gen_dark_0271.jpg,Dark,deep_espresso,1,2.3,blackcurrant,2,deep_rose_blush,1,black,2,rich_concealer,1,8 hrs,low,3011,weather,bridal,hot,"Apply 1 layer (~2.3 ml) of deep_espresso foundation, 2 layer of blackcurrant lipstick, 1 layers of deep_rose_blush blush.",1
images/gen_dark_0272.jpg,Dark,matte_espresso,2,3.4,dark_brick,2,berry_blush,1,black,2,dark_concealer,2,12 hrs,high,2790,occasion,party,normal,"Apply 2 layers (~3.4 ml) of matte_espresso foundation, 1 layer of dark_brick lipstick, 1 layer of berry_blush blush.",2
images/gen_dark_0273.jpg,Dark,caramel,3,3.8,plum,2,dark_coral_blush,2,jet_black,3,espresso_concealer,2,8 hrs,high,1910,weather,normal,normal,"Apply 3 layers (~3.8 ml) of caramel foundation, 1 layer of plum lipstick, 2 layer of dark_coral_blush blush.",3
images/gen_dark_0274.jpg,Dark,truffle,2,4.4,oxblood,2,merlot_blush,1,black,2,mocha_concealer,1,14 hrs,medium,698,occasion,office,cold,"Apply 2 layers (~4.4 ml) of truffle foundation, 2 layer of oxblood lipstick, 2 layer of merlot_blush blush.",4
images/gen_dark_0275.jpg,Dark,ebony,1,2.4,deep_chocolate_nude,2,deep_rose_blush,1,black,1,deep_tone_concealer,2,12 hrs,high,2794,occasion,daily,humid,"Apply 1 layer (~2.4 ml) of ebony foundation, 2 layer of deep_chocolate_nude lipstick, 1 layers of deep_rose_blush blush.",5
images/gen_dark_0276.jpg,Dark,rich_chocolate,1,2.9,deep_berry,2,dark_coral_blush,2,jet_black,2,mocha_concealer,2,6 hrs,low,2543,simple,bridal,normal,"Apply 1 layer (~2.9 ml) of rich_chocolate foundation, 2 layer of deep_berry lipstick, 1 layers of dark_coral_blush blush.",6
images/gen_dark_0277.jpg,Dark,matte_mocha,3,2.6,dark_brick,1,berry_blush,2,carbon_black,1,dark_concealer,2,6 hrs,low,1016,simple,bridal,normal,"Apply 3 layers (~2.6 ml) of matte_mocha foundation, 1 layer of dark_brick lipstick, 2 layer of berry_blush blush.",7
images/gen_dark_0278.jpg,Dark,matte_caramel,3,4.5,dark_mauve,1,wine_blush,1,black,2,deep_tone_concealer,1,12 hrs,high,2011,occasion,party,cold,"Apply 3 layers (~4.5 ml) of matte_caramel foundation, 1 layer of dark_mauve lipstick, 2 layers of wine_blush blush.",8
images/gen_dark_0279.jpg,Dark,matte_caramel,1,2.4,dark_red,1,dark_coral_blush,2,black,1,espresso_concealer,1,12 hrs,high,2978,occasion,bridal,hot,"Apply 1 layer (~2.4 ml) of matte_caramel foundation, 1 layer of dark_red lipstick, 2 layer of dark_coral_blush blush.",9
images/gen_dark_0280.jpg,Dark,caramel,1,1.7,burgundy,2,berry_blush,1,deep_black,1,rich_concealer,2,12 hrs,high,1486,occasion,normal,hot,"Apply 1 layer (~1.7 ml) of caramel foundation, 2 layer of burgundy lipstick, 1 layers of berry_blush blush.",0
images/gen_dark_0281.jpg,Dark,matte_mocha,3,2.3,dark_red,1,mauve_blush,2,black,3,dark_concealer,2,8 hrs,medium,531,weather,office,normal,"Apply 3 layers (~2.3 ml) of matte_mocha foundation, 1 layer of dark_red lipstick, 1 layer of mauve_blush blush.",1
images/gen_dark_0282.jpg,Dark,espresso,2,1.9,burgundy,2,dark_coral_blush,1,deep_black,3,dark_concealer,1,6 hrs,low,508,simple,office,normal,"Apply 2 layers (~1.9 ml) of espresso foundation, 2 layer of burgundy lipstick, 1 layers of dark_coral_blush blush.",2
images/gen_dark_0283.jpg,Dark,deep_mahogany,1,2.0,dark_red,2,berry_blush,2,carbon_black,3,deep_tone_concealer,2,6 hrs,low,510,simple,normal,hot,"Apply 1 layer (~2.0 ml) of deep_mahogany foundation, 2 layer of dark_red lipstick, 2 layer of berry_blush blush.",3
images/gen_dark_0284.jpg,Dark,sable,3,4.8,bold_wine,2,plum_blush,2,jet_black,2,mocha_concealer,2,8 hrs,low,2306,weather,party,cold,"Apply 3 layers (~4.8 ml) of sable foundation, 2 layer of bold_wine lipstick, 2 layer of plum_blush blush.",4
images/gen_dark_0285.jpg,Dark,matte_espresso,1,4.6,mulberry,2,mauve_blush,2,deep_black,2,mocha_concealer,2,8 hrs,high,1892,weather,bridal,normal,"Apply 1 layer (~4.6 ml) of matte_espresso foundation, 1 layer of mulberry lipstick, 1 layers of mauve_blush blush.",5
images/gen_dark_0286.jpg,Dark,espresso,1,2.8,dark_red,1,deep_rose_blush,2,deep_black,3,mahogany_concealer,1,8 hrs,low,3059,simple,bridal,hot,"Apply 1 layer (~2.8 ml) of espresso foundation, 1 layer of dark_red lipstick, 2 layers of deep_rose_blush blush.",6
images/gen_dark_0287.jpg,Dark,deep_cocoa,1,1.7,blackcurrant,2,brick_blush,1,black,1,deep_tone_concealer,1,8 hrs,low,1312,simple,office,hot,"Apply 1 layer (~1.7 ml) of deep_cocoa foundation, 2 layer of blackcurrant lipstick, 2 layer of brick_blush blush.",7
images/gen_dark_0288.jpg,Dark,truffle,3,2.1,deep_fuchsia,1,wine_blush,2,carbon_black,1,deep_tone_concealer,2,8 hrs,medium,1288,weather,party,humid,"Apply 3 layers (~2.1 ml) of truffle foundation, 1 layer of deep_fuchsia lipstick, 2 layer of wine_blush blush.",8
images/gen_dark_0289.jpg,Dark,midnight_mocha,3,2.5,deep_chocolate_nude,2,dark_coral_blush,2,deep_black,2,dark_concealer,2,8 hrs,low,2056,simple,normal,normal,"Apply 3 layers (~2.5 ml) of midnight_mocha foundation, 1 layer of deep_chocolate_nude lipstick, 1 layer of dark_coral_blush blush.",9
images/gen_dark_0290.jpg,Dark,deep_cocoa,3,4.4,blackcurrant,1,dark_coral_blush,1,jet_black,1,deep_tone_concealer,1,8 hrs,medium,902,weather,office,normal,"Apply 3 layers (~4.4 ml) of deep_cocoa foundation, 2 layer of blackcurrant lipstick, 1 layers of dark_coral_blush blush.",0
images/gen_dark_0291.jpg,Dark,caramel,1,4.3,oxblood,1,brick_blush,2,deep_black,2,espresso_concealer,2,12 hrs,high,1403,occasion,party,humid,"Apply 1 layer (~4.3 ml) of caramel foundation, 1 layer of oxblood lipstick, 1 layers of brick_blush blush.",1
images/gen_dark_0292.jpg,Dark,matte_espresso,3,4.5,blackcurrant,2,brick_blush,2,carbon_black,3,mahogany_concealer,2,8 hrs,low,992,simple,party,cold,"Apply 3 layers (~4.5 ml) of matte_espresso foundation, 2 layer of blackcurrant lipstick, 1 layer of brick_blush blush.",2
images/gen_dark_0293.jpg,Dark,deep_mahogany,3,2.1,burgundy,1,berry_blush,1,jet_black,2,espresso_concealer,1,6 hrs,low,2332,simple,bridal,humid,"Apply 3 layers (~2.1 ml) of deep_mahogany foundation, 2 layer of burgundy lipstick, 2 layer of berry_blush blush.",3
images/gen_dark_0294.jpg,Dark,dark_walnut,1,2.6,mulberry,1,dark_coral_blush,1,carbon_black,2,mocha_concealer,2,14 hrs,high,3190,occasion,normal,hot,"Apply 1 layer (~2.6 ml) of dark_walnut foundation, 2 layer of mulberry lipstick, 1 layer of dark_coral_blush blush.",4
images/gen_dark_0295.jpg,Dark,matte_espresso,1,2.2,deep_chocolate_nude,1,mauve_blush,2,jet_black,3,mocha_concealer,1,14 hrs,medium,2379,occasion,bridal,hot,"Apply 1 layer (~2.2 ml) of matte_espresso foundation, 2 layer of deep_chocolate_nude lipstick, 1 layers of mauve_blush blush.",5
images/gen_dark_0296.jpg,Dark,ebony,1,1.7,blackcurrant,2,berry_blush,2,deep_black,1,dark_concealer,2,8 hrs,low,2499,simple,office,hot,"Apply 1 layer (~1.7 ml) of ebony foundation, 2 layer of blackcurrant lipstick, 1 layer of berry_blush blush.",6
images/gen_dark_0297.jpg,Dark,truffle,1,3.1,raisin,1,merlot_blush,1,deep_black,1,rich_concealer,2,10 hrs,medium,2561,occasion,daily,normal,"Apply 1 layer (~3.1 ml) of truffle foundation, 1 layer of raisin lipstick, 1 layer of merlot_blush blush.",7
images/gen_dark_0298.jpg,Dark,truffle,3,2.3,dark_mauve,1,merlot_blush,1,black,2,mahogany_concealer,1,10 hrs,high,1874,occasion,party,humid,"Apply 3 layers (~2.3 ml) of truffle foundation, 1 layer of dark_mauve lipstick, 2 layers of merlot_blush blush.",8
images/gen_dark_0299.jpg,Dark,deep_espresso,3,2.0,oxblood,2,wine_blush,1,black,3,rich_concealer,1,12 hrs,medium,2032,weather,bridal,normal,"Apply 3 layers (~2.0 ml) of deep_espresso foundation, 1 layer of oxblood lipstick, 1 layers of wine_blush blush.",9
images/gen_dark_0300.jpg,Dark,deep_mahogany,1,5.1,plum,1,brick_blush,2,carbon_black,2,mahogany_concealer,1,8 hrs,low,750,simple,normal,normal,"Apply 1 layer (~5.1 ml) of deep_mahogany foundation, 1 layer of plum lipstick, 1 layer of brick_blush blush.",0
images/gen_dark_0301.jpg,Dark,deep_cocoa,3,5.2,bold_wine,2,mauve_blush,2,deep_black,2,mahogany_concealer,2,12 hrs,medium,1942,occasion,bridal,cold,"Apply 3 layers (~5.2 ml) of deep_cocoa foundation, 1 layer of bold_wine lipstick, 2 layer of mauve_blush blush.",1
images/gen_dark_0302.jpg,Dark,deep_espresso,1,1.7,midnight_plum,2,merlot_blush,1,carbon_black,1,deep_tone_concealer,1,10 hrs,high,1133,weather,normal,hot,"Apply 1 layer (~1.7 ml) of deep_espresso foundation, 1 layer of midnight_plum lipstick, 2 layers of merlot_blush blush.",2
images/gen_dark_0303.jpg,Dark,ebony,3,4.3,dark_brick,2,plum_blush,2,jet_black,1,rich_concealer,1,14 hrs,medium,2829,occasion,normal,humid,"Apply 3 layers (~4.3 ml) of ebony foundation, 1 layer of dark_brick lipstick, 2 layers of plum_blush blush.",3
images/gen_dark_0304.jpg,Dark,matte_mocha,2,3.8,deep_fuchsia,2,dark_coral_blush,1,deep_black,2,deep_tone_concealer,1,12 hrs,high,2035,weather,party,normal,"Apply 2 layers (~3.8 ml) of matte_mocha foundation, 1 layer of deep_fuchsia lipstick, 2 layer of dark_coral_blush blush.",4
images/gen_dark_0305.jpg,Dark,sable,3,4.1,dark_red,2,mauve_blush,1,deep_black,2,espresso_concealer,2,8 hrs,low,1081,simple,bridal,cold,"Apply 3 layers (~4.1 ml) of sable foundation, 1 layer of dark_red lipstick, 1 layer of mauve_blush blush.",5
images/gen_dark_0306.jpg,Dark,deep_cocoa,2,3.7,midnight_plum,1,wine_blush,1,jet_black,1,deep_tone_concealer,2,6 hrs,low,1337,simple,party,humid,"Apply 2 layers (~3.7 ml) of deep_cocoa foundation, 2 layer of midnight_plum lipstick, 1 layer of wine_blush blush.",6
images/gen_dark_0307.jpg,Dark,matte_espresso,1,2.1,midnight_plum,1,plum_blush,2,carbon_black,2,mocha_concealer,2,6 hrs,low,936,simple,party,hot,"Apply 1 layer (~2.1 ml) of matte_espresso foundation, 1 layer of midnight_plum lipstick, 1 layers of plum_blush blush.",7
images/gen_dark_0308.jpg,Dark,rich_chocolate,1,5.3,deep_chocolate_nude,1,brick_blush,2,deep_black,2,mocha_concealer,2,6 hrs,low,2367,simple,normal,humid,"Apply 1 layer (~5.3 ml) of rich_chocolate foundation, 1 layer of deep_chocolate_nude lipstick, 2 layer of brick_blush blush.",8
images/gen_dark_0309.jpg,Dark,ebony,1,2.8,deep_fuchsia,1,merlot_blush,1,deep_black,1,rich_concealer,1,12 hrs,high,1079,weather,normal,humid,"Apply 1 layer (~2.8 ml) of ebony foundation, 1 layer of deep_fuchsia lipstick, 1 layers of merlot_blush blush.",9
images/gen_dark_0310.jpg,Dark,matte_caramel,3,3.5,dark_brick,2,brick_blush,1,jet_black,2,deep_tone_concealer,2,12 hrs,low,2998,weather,bridal,cold,"Apply 3 layers (~3.5 ml) of matte_caramel foundation, 1 layer of dark_brick lipstick, 2 layer of brick_blush blush.",0
images/gen_dark_0311.jpg,Dark,rich_chocolate,2,3.1,raisin,2,dark_coral_blush,1,deep_black,1,espresso_concealer,2,10 hrs,high,1066,occasion,daily,humid,"Apply 2 layers (~3.1 ml) of rich_chocolate foundation, 2 layer of raisin lipstick, 1 layer of dark_coral_blush blush.",1
images/gen_dark_0312.jpg,Dark,espresso,2,3.3,mulberry,2,wine_blush,2,deep_black,2,mahogany_concealer,1,8 hrs,high,2225,weather,party,cold,"Apply 2 layers (~3.3 ml) of espresso foundation, 1 layer of mulberry lipstick, 2 layer of wine_blush blush.",2
images/gen_dark_0313.jpg,Dark,mocha,2,3.2,dark_brick,1,plum_blush,1,black,3,rich_concealer,1,8 hrs,low,1051,simple,normal,cold,"Apply 2 layers (~3.2 ml) of mocha foundation, 2 layer of dark_brick lipstick, 1 layers of plum_blush blush.",3
images/gen_dark_0314.jpg,Dark,matte_mocha,1,2.4,midnight_plum,1,wine_blush,2,deep_black,3,espresso_concealer,2,14 hrs,medium,2433,occasion,party,hot,"Apply 1 layer (~2.4 ml) of matte_mocha foundation, 2 layer of midnight_plum lipstick, 1 layer of wine_blush blush.",4
images/gen_dark_0315.jpg,Dark,deep_espresso,1,5.4,oxblood,1,merlot_blush,1,carbon_black,2,mocha_concealer,1,12 hrs,high,3192,weather,normal,normal,"Apply 1 layer (~5.4 ml) of deep_espresso foundation, 1 layer of oxblood lipstick, 1 layer of merlot_blush blush.",5
images/gen_dark_0316.jpg,Dark,sable,3,4.3,dark_mauve,1,berry_blush,2,carbon_black,3,rich_concealer,1,12 hrs,medium,853,occasion,bridal,cold,"Apply 3 layers (~4.3 ml) of sable foundation, 1 layer of dark_mauve lipstick, 1 layer of berry_blush blush.",6
images/gen_dark_0317.jpg,Dark,matte_espresso,1,3.9,bold_wine,1,berry_blush,1,jet_black,2,rich_concealer,2,14 hrs,high,3184,occasion,party,normal,"Apply 1 layer (~3.9 ml) of matte_espresso foundation, 2 layer of bold_wine lipstick, 1 layer of berry_blush blush.",7
images/gen_dark_0318.jpg,Dark,dark_walnut,1,1.6,wine,2,dark_coral_blush,1,black,1,mahogany_concealer,1,6 hrs,low,1875,simple,party,hot,"Apply 1 layer (~1.6 ml) of dark_walnut foundation, 2 layer of wine lipstick, 1 layer of dark_coral_blush blush.",8
images/gen_dark_0319.jpg,Dark,dark_walnut,3,5.0,deep_fuchsia,2,deep_rose_blush,2,deep_black,1,rich_concealer,1,12 hrs,low,2210,weather,bridal,humid,"Apply 3 layers (~5.0 ml) of dark_walnut foundation, 2 layer of deep_fuchsia lipstick, 1 layers of deep_rose_blush blush.",9
images/gen_dark_0320.jpg,Dark,rich_chocolate,1,2.1,plum,2,mauve_blush,1,carbon_black,1,deep_tone_concealer,1,10 hrs,high,648,occasion,normal,normal,"Apply 1 layer (~2.1 ml) of rich_chocolate foundation, 2 layer of plum lipstick, 2 layer of mauve_blush blush.",0
images/gen_dark_0321.jpg,Dark,dark_walnut,1,2.1,blackcurrant,2,wine_blush,1,deep_black,2,rich_concealer,2,10 hrs,high,1958,occasion,bridal,hot,"Apply 1 layer (~2.1 ml) of dark_walnut foundation, 1 layer of blackcurrant lipstick, 2 layer of wine_blush blush.",1
images/gen_dark_0322.jpg,Dark,rich_chocolate,2,3.2,dark_mauve,2,brick_blush,2,jet_black,1,dark_concealer,1,12 hrs,low,3181,weather,normal,normal,"Apply 2 layers (~3.2 ml) of rich_chocolate foundation, 1 layer of dark_mauve lipstick, 2 layer of brick_blush blush.",2
images/gen_dark_0323.jpg,Dark,deep_mahogany,1,3.9,oxblood,1,brick_blush,2,black,2,mahogany_concealer,1,10 hrs,high,1267,occasion,daily,humid,"Apply 1 layer (~3.9 ml) of deep_mahogany foundation, 1 layer of oxblood lipstick, 2 layers of brick_blush blush.",3
images/gen_dark_0324.jpg,Dark,dark_walnut,2,3.8,blackcurrant,2,plum_blush,1,deep_black,2,espresso_concealer,2,8 hrs,medium,2970,weather,daily,normal,"Apply 2 layers (~3.8 ml) of dark_walnut foundation, 2 layer of blackcurrant lipstick, 2 layers of plum_blush blush.",4
images/gen_dark_0325.jpg,Dark,matte_caramel,3,5.4,wine,2,plum_blush,2,carbon_black,3,rich_concealer,1,14 hrs,medium,2841,occasion,office,cold,"Apply 3 layers (~5.4 ml) of matte_caramel foundation, 2 layer of wine lipstick, 1 layers of plum_blush blush.",5
images/gen_dark_0326.jpg,Dark,espresso,2,4.3,deep_fuchsia,2,plum_blush,1,carbon_black,1,mahogany_concealer,1,8 hrs,low,1572,simple,office,cold,"Apply 2 layers (~4.3 ml) of espresso foundation, 2 layer of deep_fuchsia lipstick, 1 layer of plum_blush blush.",6
images/gen_dark_0327.jpg,Dark,mocha,1,2.8,deep_fuchsia,1,dark_coral_blush,1,black,2,dark_concealer,1,12 hrs,high,761,occasion,normal,hot,"Apply 1 layer (~2.8 ml) of mocha foundation, 1 layer of deep_fuchsia lipstick, 1 layer of dark_coral_blush blush.",7
images/gen_dark_0328.jpg,Dark,deep_cocoa,1,2.4,deep_fuchsia,2,mauve_blush,1,deep_black,1,dark_concealer,1,8 hrs,medium,2074,weather,daily,hot,"Apply 1 layer (~2.4 ml) of deep_cocoa foundation, 1 layer of deep_fuchsia lipstick, 1 layer of mauve_blush blush.",8
images/gen_dark_0329.jpg,Dark,caramel,2,4.1,mulberry,2,wine_blush,2,deep_black,1,deep_tone_concealer,2,6 hrs,low,3101,simple,normal,normal,"Apply 2 layers (~4.1 ml) of caramel foundation, 2 layer of mulberry lipstick, 1 layers of wine_blush blush.",9
images/gen_dark_0330.jpg,Dark,deep_espresso,3,3.8,oxblood,2,brick_blush,2,carbon_black,2,rich_concealer,2,14 hrs,high,1396,occasion,daily,cold,"Apply 3 layers (~3.8 ml) of deep_espresso foundation, 2 layer of oxblood lipstick, 2 layer of brick_blush blush.",0
images/gen_dark_0331.jpg,Dark,matte_caramel,2,4.1,deep_chocolate_nude,2,dark_coral_blush,2,carbon_black,3,mahogany_concealer,1,14 hrs,high,2205,occasion,party,normal,"Apply 2 layers (~4.1 ml) of matte_caramel foundation, 1 layer of deep_chocolate_nude lipstick, 2 layer of dark_coral_blush blush.",1
images/gen_dark_0332.jpg,Dark,mocha,2,3.6,raisin,1,brick_blush,1,jet_black,3,espresso_concealer,2,10 hrs,medium,2998,occasion,daily,humid,"Apply 2 layers (~3.6 ml) of mocha foundation, 2 layer of raisin lipstick, 1 layers of brick_blush blush.",2
images/gen_dark_0333.jpg,Dark,dark_walnut,1,5.0,dark_brick,1,mauve_blush,2,black,3,espresso_concealer,1,12 hrs,medium,2940,weather,office,humid,"Apply 1 layer (~5.0 ml) of dark_walnut foundation, 1 layer of dark_brick lipstick, 2 layers of mauve_blush blush.",3
images/gen_dark_0334.jpg,Dark,matte_espresso,2,3.1,dark_red,2,dark_coral_blush,1,black,3,mocha_concealer,2,6 hrs,low,1604,simple,daily,cold,"Apply 2 layers (~3.1 ml) of matte_espresso foundation, 2 layer of dark_red lipstick, 2 layer of dark_coral_blush blush.",4
images/gen_dark_0335.jpg,Dark,matte_caramel,2,4.1,plum,2,mauve_blush,1,black,3,mocha_concealer,1,10 hrs,high,2803,weather,bridal,cold,"Apply 2 layers (~4.1 ml) of matte_caramel foundation, 1 layer of plum lipstick, 1 layers of mauve_blush blush.",5
images/gen_dark_0336.jpg,Dark,dark_walnut,1,1.6,deep_berry,1,dark_coral_blush,1,deep_black,1,deep_tone_concealer,1,8 hrs,low,3190,simple,bridal,hot,"Apply 1 layer (~1.6 ml) of dark_walnut foundation, 2 layer of deep_berry lipstick, 1 layer of dark_coral_blush blush.",6
images/gen_dark_0337.jpg,Dark,truffle,1,3.1,deep_berry,1,berry_blush,1,jet_black,3,mocha_concealer,2,10 hrs,high,2531,occasion,party,normal,"Apply 1 layer (~3.1 ml) of truffle foundation, 2 layer of deep_berry lipstick, 1 layers of berry_blush blush.",7
images/gen_dark_0338.jpg,Dark,matte_caramel,1,2.0,plum,1,wine_blush,1,jet_black,2,rich_concealer,2,8 hrs,low,1909,simple,daily,hot,"Apply 1 layer (~2.0 ml) of matte_caramel foundation, 1 layer of plum lipstick, 1 layers of wine_blush blush.",8
images/gen_dark_0339.jpg,Dark,caramel,1,2.6,blackcurrant,2,plum_blush,2,jet_black,1,deep_tone_concealer,1,10 hrs,high,855,occasion,daily,hot,"Apply 1 layer (~2.6 ml) of caramel foundation, 1 layer of blackcurrant lipstick, 1 layers of plum_blush blush.",9
images/gen_dark_0340.jpg,Dark,midnight_mocha,2,4.4,oxblood,1,wine_blush,2,black,2,dark_concealer,1,12 hrs,low,557,weather,bridal,humid,"Apply 2 layers (~4.4 ml) of midnight_mocha foundation, 2 layer of oxblood lipstick, 1 layers of wine_blush blush.",0
images/gen_dark_0341.jpg,Dark,matte_mocha,3,2.4,wine,2,dark_coral_blush,2,carbon_black,1,rich_concealer,2,12 hrs,medium,3021,weather,daily,normal,"Apply 3 layers (~2.4 ml) of matte_mocha foundation, 2 layer of wine lipstick, 2 layer of dark_coral_blush blush.",1
images/gen_dark_0342.jpg,Dark,caramel,3,4.1,mulberry,1,dark_coral_blush,2,carbon_black,3,dark_concealer,1,12 hrs,low,734,weather,daily,cold,"Apply 3 layers (~4.1 ml) of caramel foundation, 1 layer of mulberry lipstick, 2 layers of dark_coral_blush blush.",2
images/gen_dark_0343.jpg,Dark,rich_chocolate,1,1.6,dark_red,2,dark_coral_blush,2,black,2,dark_concealer,2,6 hrs,low,2411,simple,bridal,hot,"Apply 1 layer (~1.6 ml) of rich_chocolate foundation, 2 layer of dark_red lipstick, 1 layers of dark_coral_blush blush.",3
images/gen_dark_0344.jpg,Dark,dark_walnut,1,4.4,wine,1,wine_blush,2,carbon_black,3,dark_concealer,2,8 hrs,low,1421,simple,daily,normal,"Apply 1 layer (~4.4 ml) of dark_walnut foundation, 1 layer of wine lipstick, 1 layers of wine_blush blush.",4
images/gen_dark_0345.jpg,Dark,deep_cocoa,1,2.2,deep_fuchsia,2,plum_blush,1,carbon_black,2,rich_concealer,2,6 hrs,low,763,simple,normal,hot,"Apply 1 layer (~2.2 ml) of deep_cocoa foundation, 2 layer of deep_fuchsia lipstick, 1 layer of plum_blush blush.",5
images/gen_dark_0346.jpg,Dark,sable,1,1.7,wine,1,brick_blush,2,deep_black,3,mahogany_concealer,1,14 hrs,medium,1819,occasion,normal,hot,"Apply 1 layer (~1.7 ml) of sable foundation, 1 layer of wine lipstick, 1 layer of brick_blush blush.",6
images/gen_dark_0347.jpg,Dark,caramel,2,2.0,burgundy,1,brick_blush,2,jet_black,1,rich_concealer,1,10 hrs,high,1541,occasion,daily,humid,"Apply 2 layers (~2.0 ml) of caramel foundation, 2 layer of burgundy lipstick, 2 layers of brick_blush blush.",7
images/gen_dark_0348.jpg,Dark,sable,1,1.5,mulberry,2,dark_coral_blush,1,jet_black,1,mahogany_concealer,2,14 hrs,high,2560,occasion,office,normal,"Apply 1 layer (~1.5 ml) of sable foundation, 1 layer of mulberry lipstick, 1 layers of dark_coral_blush blush.",8
images/gen_dark_0349.jpg,Dark,mocha,1,4.1,burgundy,1,dark_coral_blush,1,carbon_black,1,deep_tone_concealer,2,10 hrs,high,2718,occasion,office,humid,"Apply 1 layer (~4.1 ml) of mocha foundation, 2 layer of burgundy lipstick, 2 layers of dark_coral_blush blush.",9
images/gen_dark_0350.jpg,Dark,espresso,1,2.5,wine,1,mauve_blush,1,black,3,dark_concealer,2,10 hrs,low,1154,weather,normal,hot,"Apply 1 layer (~2.5 ml) of espresso foundation, 1 layer of wine lipstick, 2 layers of mauve_blush blush.",0
images/gen_dark_0351.jpg,Dark,matte_caramel,1,3.6,mulberry,1,dark_coral_blush,2,deep_black,1,rich_concealer,2,6 hrs,low,537,simple,normal,normal,"Apply 1 layer (~3.6 ml) of matte_caramel foundation, 1 layer of mulberry lipstick, 1 layers of dark_coral_blush blush.",1
images/gen_dark_0352.jpg,Dark,matte_mocha,3,5.3,dark_brick,2,merlot_blush,1,black,1,deep_tone_concealer,1,8 hrs,low,594,simple,daily,normal,"Apply 3 layers (~5.3 ml) of matte_mocha foundation, 2 layer of dark_brick lipstick, 2 layers of merlot_blush blush.",2
images/gen_dark_0353.jpg,Dark,deep_espresso,3,4.4,wine,1,brick_blush,2,black,1,deep_tone_concealer,1,10 hrs,high,1387,occasion,party,normal,"Apply 3 layers (~4.4 ml) of deep_espresso foundation, 1 layer of wine lipstick, 2 layers of brick_blush blush.",3
images/gen_dark_0354.jpg,Dark,matte_caramel,2,4.6,deep_berry,2,mauve_blush,2,jet_black,2,mahogany_concealer,1,14 hrs,high,2957,occasion,office,cold,"Apply 2 layers (~4.6 ml) of matte_caramel foundation, 2 layer of deep_berry lipstick, 1 layers of mauve_blush blush.",4
images/gen_dark_0355.jpg,Dark,ebony,2,1.8,dark_brick,2,plum_blush,1,jet_black,1,dark_concealer,2,8 hrs,low,2063,simple,party,humid,"Apply 2 layers (~1.8 ml) of ebony foundation, 2 layer of dark_brick lipstick, 1 layers of plum_blush blush.",5
images/gen_dark_0356.jpg,Dark,rich_chocolate,1,1.8,raisin,2,brick_blush,2,carbon_black,1,rich_concealer,2,10 hrs,medium,1717,occasion,office,hot,"Apply 1 layer (~1.8 ml) of rich_chocolate foundation, 1 layer of raisin lipstick, 1 layer of brick_blush blush.",6
images/gen_dark_0357.jpg,Dark,espresso,1,1.8,mulberry,2,brick_blush,1,jet_black,2,rich_concealer,1,12 hrs,medium,961,occasion,daily,hot,"Apply 1 layer (~1.8 ml) of espresso foundation, 2 layer of mulberry lipstick, 1 layer of brick_blush blush.",7
images/gen_dark_0358.jpg,Dark,deep_mahogany,2,5.1,blackcurrant,1,merlot_blush,1,jet_black,2,rich_concealer,1,10 hrs,medium,2492,weather,party,cold,"Apply 2 layers (~5.1 ml) of deep_mahogany foundation, 1 layer of blackcurrant lipstick, 2 layer of merlot_blush blush.",8
images/gen_dark_0359.jpg,Dark,dark_walnut,3,2.4,dark_red,2,berry_blush,2,black,3,mocha_concealer,1,8 hrs,medium,1647,weather,daily,normal,"Apply 3 layers (~2.4 ml) of dark_walnut foundation, 1 layer of dark_red lipstick, 2 layer of berry_blush blush.",9
images/gen_dark_0360.jpg,Dark,rich_chocolate,2,4.4,dark_mauve,1,berry_blush,1,deep_black,1,mahogany_concealer,1,6 hrs,low,2697,simple,normal,cold,"Apply 2 layers (~4.4 ml) of rich_chocolate foundation, 1 layer of dark_mauve lipstick, 2 layers of berry_blush blush.",0
images/gen_dark_0361.jpg,Dark,matte_caramel,3,1.7,deep_fuchsia,1,brick_blush,2,carbon_black,1,mahogany_concealer,1,8 hrs,low,936,simple,party,humid,"Apply 3 layers (~1.7 ml) of matte_caramel foundation, 2 layer of deep_fuchsia lipstick, 2 layers of brick_blush blush.",1
images/gen_dark_0362.jpg,Dark,matte_caramel,3,4.9,blackcurrant,1,plum_blush,2,black,2,rich_concealer,1,12 hrs,high,887,occasion,party,normal,"Apply 3 layers (~4.9 ml) of matte_caramel foundation, 2 layer of blackcurrant lipstick, 1 layers of plum_blush blush.",2
images/gen_dark_0363.jpg,Dark,ebony,3,3.3,raisin,1,berry_blush,2,jet_black,3,rich_concealer,1,12 hrs,high,863,occasion,bridal,normal,"Apply 3 layers (~3.3 ml) of ebony foundation, 2 layer of raisin lipstick, 2 layers of berry_blush blush.",3
images/gen_dark_0364.jpg,Dark,mocha,3,5.4,plum,2,dark_coral_blush,1,black,3,deep_tone_concealer,1,8 hrs,high,970,weather,office,normal,"Apply 3 layers (~5.4 ml) of mocha foundation, 1 layer of plum lipstick, 2 layers of dark_coral_blush blush.",4
images/gen_dark_0365.jpg,Dark,matte_espresso,1,1.9,burgundy,1,deep_rose_blush,2,black,3,espresso_concealer,2,12 hrs,high,2021,occasion,daily,hot,"Apply 1 layer (~1.9 ml) of matte_espresso foundation, 1 layer of burgundy lipstick, 1 layers of deep_rose_blush blush.",5
images/gen_dark_0366.jpg,Dark,dark_walnut,3,3.2,deep_chocolate_nude,1,plum_blush,2,deep_black,2,deep_tone_concealer,1,8 hrs,high,2293,weather,bridal,humid,"Apply 3 layers (~3.2 ml) of dark_walnut foundation, 2 layer of deep_chocolate_nude lipstick, 1 layer of plum_blush blush.",6
images/gen_dark_0367.jpg,Dark,truffle,1,1.6,dark_mauve,1,merlot_blush,1,deep_black,3,rich_concealer,2,14 hrs,high,1455,occasion,party,hot,"Apply 1 layer (~1.6 ml) of truffle foundation, 1 layer of dark_mauve lipstick, 1 layers of merlot_blush blush.",7
images/gen_dark_0368.jpg,Dark,midnight_mocha,2,1.9,blackcurrant,1,wine_blush,1,carbon_black,3,dark_concealer,1,8 hrs,high,535,weather,daily,humid,"Apply 2 layers (~1.9 ml) of midnight_mocha foundation, 1 layer of blackcurrant lipstick, 2 layers of wine_blush blush.",8
images/gen_dark_0369.jpg,Dark,deep_cocoa,3,4.4,burgundy,1,merlot_blush,1,carbon_black,3,espresso_concealer,1,14 hrs,medium,2387,occasion,normal,humid,"Apply 3 layers (~4.4 ml) of deep_cocoa foundation, 2 layer of burgundy lipstick, 1 layers of merlot_blush blush.",9
images/gen_dark_0370.jpg,Dark,dark_walnut,2,3.2,dark_mauve,1,dark_coral_blush,2,jet_black,3,deep_tone_concealer,1,10 hrs,medium,1703,occasion,office,cold,"Apply 2 layers (~3.2 ml) of dark_walnut foundation, 1 layer of dark_mauve lipstick, 2 layer of dark_coral_blush blush.",0
images/gen_dark_0371.jpg,Dark,espresso,2,4.8,dark_brick,2,dark_coral_blush,2,black,2,deep_tone_concealer,1,8 hrs,low,885,simple,office,cold,"Apply 2 layers (~4.8 ml) of espresso foundation, 1 layer of dark_brick lipstick, 1 layer of dark_coral_blush blush.",1
images/gen_dark_0372.jpg,Dark,caramel,2,2.2,deep_fuchsia,1,deep_rose_blush,2,deep_black,2,mocha_concealer,2,12 hrs,medium,1937,weather,normal,humid,"Apply 2 layers (~2.2 ml) of caramel foundation, 2 layer of deep_fuchsia lipstick, 1 layers of deep_rose_blush blush.",2
images/gen_dark_0373.jpg,Dark,matte_espresso,3,1.8,wine,1,wine_blush,1,black,2,espresso_concealer,1,10 hrs,medium,1810,weather,normal,normal,"Apply 3 layers (~1.8 ml) of matte_espresso foundation, 2 layer of wine lipstick, 2 layer of wine_blush blush.",3
images/gen_dark_0374.jpg,Dark,truffle,2,4.3,plum,2,plum_blush,2,black,1,mocha_concealer,1,10 hrs,high,644,occasion,party,cold,"Apply 2 layers (~4.3 ml) of truffle foundation, 1 layer of plum lipstick, 2 layers of plum_blush blush.",4
images/gen_dark_0375.jpg,Dark,deep_cocoa,2,4.3,deep_chocolate_nude,2,merlot_blush,1,deep_black,3,dark_concealer,2,10 hrs,high,880,weather,office,normal,"Apply 2 layers (~4.3 ml) of deep_cocoa foundation, 2 layer of deep_chocolate_nude lipstick, 1 layer of merlot_blush blush.",5
images/gen_dark_0376.jpg,Dark,midnight_mocha,1,2.8,mulberry,2,wine_blush,2,deep_black,3,espresso_concealer,1,6 hrs,low,2598,simple,daily,hot,"Apply 1 layer (~2.8 ml) of midnight_mocha foundation, 1 layer of mulberry lipstick, 2 layer of wine_blush blush.",6
images/gen_dark_0377.jpg,Dark,rich_chocolate,1,2.3,blackcurrant,1,dark_coral_blush,2,deep_black,2,espresso_concealer,2,10 hrs,high,652,weather,office,normal,"Apply 1 layer (~2.3 ml) of rich_chocolate foundation, 1 layer of blackcurrant lipstick, 2 layers of dark_coral_blush blush.",7
images/gen_dark_0378.jpg,Dark,caramel,1,2.6,oxblood,1,berry_blush,2,carbon_black,1,espresso_concealer,2,12 hrs,high,1168,weather,party,humid,"Apply 1 layer (~2.6 ml) of caramel foundation, 1 layer of oxblood lipstick, 2 layers of berry_blush blush.",8
images/gen_dark_0379.jpg,Dark,dark_walnut,2,4.9,oxblood,2,merlot_blush,2,carbon_black,2,espresso_concealer,1,8 hrs,low,1559,weather,daily,humid,"Apply 2 layers (~4.9 ml) of dark_walnut foundation, 1 layer of oxblood lipstick, 2 layer of merlot_blush blush.",9
images/gen_dark_0380.jpg,Dark,caramel,1,2.7,blackcurrant,2,brick_blush,2,deep_black,2,espresso_concealer,2,12 hrs,high,2371,occasion,office,hot,"Apply 1 layer (~2.7 ml) of caramel foundation, 2 layer of blackcurrant lipstick, 2 layers of brick_blush blush.",0
images/gen_dark_0381.jpg,Dark,truffle,2,4.3,raisin,1,merlot_blush,1,black,1,rich_concealer,2,6 hrs,low,2335,simple,party,normal,"Apply 2 layers (~4.3 ml) of truffle foundation, 2 layer of raisin lipstick, 2 layer of merlot_blush blush.",1
images/gen_dark_0382.jpg,Dark,deep_mahogany,2,4.8,dark_brick,1,mauve_blush,1,black,2,mocha_concealer,2,8 hrs,low,1698,simple,bridal,humid,"Apply 2 layers (~4.8 ml) of deep_mahogany foundation, 2 layer of dark_brick lipstick, 1 layers of mauve_blush blush.",2
images/gen_dark_0383.jpg,Dark,dark_walnut,1,3.0,blackcurrant,2,mauve_blush,2,black,3,espresso_concealer,1,12 hrs,high,2484,occasion,bridal,hot,"Apply 1 layer (~3.0 ml) of dark_walnut foundation, 2 layer of blackcurrant lipstick, 1 layers of mauve_blush blush.",3
images/gen_dark_0384.jpg,Dark,midnight_mocha,3,4.5,blackcurrant,1,merlot_blush,2,black,1,deep_tone_concealer,1,12 hrs,medium,1853,occasion,bridal,normal,"Apply 3 layers (~4.5 ml) of midnight_mocha foundation, 1 layer of blackcurrant lipstick, 2 layers of merlot_blush blush.",4
images/gen_dark_0385.jpg,Dark,truffle,3,4.9,raisin,1,wine_blush,2,black,3,mocha_concealer,1,8 hrs,low,2078,simple,office,cold,"Apply 3 layers (~4.9 ml) of truffle foundation, 2 layer of raisin lipstick, 1 layers of wine_blush blush.",5
images/gen_dark_0386.jpg,Dark,truffle,2,3.1,mulberry,1,berry_blush,1,jet_black,2,mahogany_concealer,2,6 hrs,low,1103,simple,bridal,cold,"Apply 2 layers (~3.1 ml) of truffle foundation, 2 layer of mulberry lipstick, 2 layer of berry_blush blush.",6
images/gen_dark_0387.jpg,Dark,deep_espresso,3,3.0,bold_wine,2,merlot_blush,1,carbon_black,2,deep_tone_concealer,2,10 hrs,low,1652,weather,party,humid,"Apply 3 layers (~3.0 ml) of deep_espresso foundation, 1 layer of bold_wine lipstick, 1 layer of merlot_blush blush.",7
images/gen_dark_0388.jpg,Dark,matte_mocha,3,4.9,plum,2,plum_blush,1,deep_black,2,dark_concealer,1,6 hrs,low,2337,simple,daily,cold,"Apply 3 layers (~4.9 ml) of matte_mocha foundation, 1 layer of plum lipstick, 2 layers of plum_blush blush.",8
images/gen_dark_0389.jpg,Dark,ebony,2,2.6,dark_mauve,1,merlot_blush,2,deep_black,2,mocha_concealer,2,8 hrs,low,668,simple,normal,humid,"Apply 2 layers (~2.6 ml) of ebony foundation, 2 layer of dark_mauve lipstick, 1 layers of merlot_blush blush.",9
images/gen_dark_0390.jpg,Dark,matte_espresso,2,4.6,deep_fuchsia,1,wine_blush,2,deep_black,3,espresso_concealer,2,10 hrs,high,1539,weather,daily,normal,"Apply 2 layers (~4.6 ml) of matte_espresso foundation, 2 layer of deep_fuchsia lipstick, 1 layers of wine_blush blush.",0
images/gen_dark_0391.jpg,Dark,matte_espresso,2,3.4,wine,2,wine_blush,1,deep_black,2,rich_concealer,2,8 hrs,low,1936,simple,office,humid,"Apply 2 layers (~3.4 ml) of matte_espresso foundation, 2 layer of wine lipstick, 2 layers of wine_blush blush.",1
images/gen_dark_0392.jpg,Dark,midnight_mocha,1,2.8,bold_wine,2,dark_coral_blush,1,black,2,mahogany_concealer,2,8 hrs,low,2131,simple,bridal,normal,"Apply 1 layer (~2.8 ml) of midnight_mocha foundation, 1 layer of bold_wine lipstick, 1 layer of dark_coral_blush blush.",2
images/gen_dark_0393.jpg,Dark,deep_cocoa,1,1.9,deep_fuchsia,1,merlot_blush,2,carbon_black,2,dark_concealer,1,10 hrs,high,3085,occasion,bridal,hot,"Apply 1 layer (~1.9 ml) of deep_cocoa foundation, 2 layer of deep_fuchsia lipstick, 1 layer of merlot_blush blush.",3
images/gen_dark_0394.jpg,Dark,espresso,2,1.6,plum,1,deep_rose_blush,2,deep_black,2,espresso_concealer,1,12 hrs,high,855,weather,normal,humid,"Apply 2 layers (~1.6 ml) of espresso foundation, 2 layer of plum lipstick, 2 layer of deep_rose_blush blush.",4
images/gen_dark_0395.jpg,Dark,sable,3,4.0,deep_berry,1,brick_blush,2,jet_black,3,deep_tone_concealer,2,8 hrs,medium,2890,weather,normal,cold,"Apply 3 layers (~4.0 ml) of sable foundation, 1 layer of deep_berry lipstick, 2 layers of brick_blush blush.",5
images/gen_dark_0396.jpg,Dark,sable,1,4.3,dark_red,2,mauve_blush,1,jet_black,3,espresso_concealer,1,10 hrs,high,1448,occasion,normal,humid,"Apply 1 layer (~4.3 ml) of sable foundation, 2 layer of dark_red lipstick, 1 layer of mauve_blush blush.",6
images/gen_dark_0397.jpg,Dark,matte_caramel,1,1.9,deep_berry,1,brick_blush,2,deep_black,1,mahogany_concealer,2,6 hrs,low,775,simple,office,hot,"Apply 1 layer (~1.9 ml) of matte_caramel foundation, 2 layer of deep_berry lipstick, 1 layer of brick_blush blush.",7
images/gen_dark_0398.jpg,Dark,matte_espresso,2,1.6,dark_mauve,2,dark_coral_blush,1,deep_black,2,mahogany_concealer,2,8 hrs,low,1725,simple,normal,humid,"Apply 2 layers (~1.6 ml) of matte_espresso foundation, 1 layer of dark_mauve lipstick, 2 layers of dark_coral_blush blush.",8
images/gen_dark_0399.jpg,Dark,mocha,2,3.9,deep_chocolate_nude,1,berry_blush,2,deep_black,2,mahogany_concealer,2,12 hrs,medium,2535,occasion,bridal,normal,"Apply 2 layers (~3.9 ml) of mocha foundation, 2 layer of deep_chocolate_nude lipstick, 1 layers of berry_blush blush.",9
